scraped_at,date,match_url,match_id,time,team1,score1,team2,score2,score,winner,status,week,stage
2025-08-23T23:17:13.403397,"Sat, January 18, 2025",https://www.vlr.gg/430514/boom-esports-vs-t1-champions-tour-2025-pacific-kickoff-ur1,430514,1:30 PM,BOOM Esports,1,T1,2,1-2,T1,Completed,Upper Round 1,Main Event
2025-08-23T23:17:13.504751,"Sat, January 18, 2025",https://www.vlr.gg/430515/zeta-division-vs-nongshim-redforce-champions-tour-2025-pacific-kickoff-ur1,430515,4:45 PM,ZETA DIVISION,0,Nongshim RedForce,2,0-2,Nongshim RedForce,Completed,Upper Round 1,Main Event
2025-08-23T23:17:13.605898,"Sun, January 19, 2025",https://www.vlr.gg/430516/global-esports-vs-team-secret-champions-tour-2025-pacific-kickoff-ur1,430516,1:30 PM,Global Esports,2,Team Secret,1,2-1,Global Esports,Completed,Upper Round 1,Main Event
2025-08-23T23:17:13.706976,"Sun, January 19, 2025",https://www.vlr.gg/430517/detonation-focusme-vs-rex-regum-qeon-champions-tour-2025-pacific-kickoff-ur1,430517,4:30 PM,DetonatioN FocusMe,1,Rex Regum Qeon,2,1-2,Rex Regum Qeon,Completed,Upper Round 1,Main Event
2025-08-23T23:17:13.807961,"Mon, January 20, 2025",https://www.vlr.gg/430521/drx-vs-nongshim-redforce-champions-tour-2025-pacific-kickoff-ubqf,430521,1:30 PM,DRX,2,Nongshim RedForce,1,2-1,DRX,Completed,Upper Quarterfinals,Main Event
2025-08-23T23:17:13.909080,"Mon, January 20, 2025",https://www.vlr.gg/430518/paper-rex-vs-t1-champions-tour-2025-pacific-kickoff-ubqf,430518,4:45 PM,Paper Rex,1,T1,2,1-2,T1,Completed,Upper Quarterfinals,Main Event
2025-08-23T23:17:14.009955,"Sat, January 25, 2025",https://www.vlr.gg/430519/talon-vs-global-esports-champions-tour-2025-pacific-kickoff-ubqf,430519,1:30 PM,TALON,2,Global Esports,1,2-1,TALON,Completed,Upper Quarterfinals,Main Event
2025-08-23T23:17:14.110764,"Sat, January 25, 2025",https://www.vlr.gg/430520/gen-g-vs-rex-regum-qeon-champions-tour-2025-pacific-kickoff-ubqf,430520,4:30 PM,Gen.G,2,Rex Regum Qeon,1,2-1,Gen.G,Completed,Upper Quarterfinals,Main Event
2025-08-23T23:17:14.211820,"Sun, January 26, 2025",https://www.vlr.gg/430526/nongshim-redforce-vs-boom-esports-champions-tour-2025-pacific-kickoff-lr1,430526,1:30 PM,Nongshim RedForce,2,BOOM Esports,1,2-1,Nongshim RedForce,Completed,Lower Round 1,Main Event
2025-08-23T23:17:14.312995,"Sun, January 26, 2025",https://www.vlr.gg/430529/paper-rex-vs-zeta-division-champions-tour-2025-pacific-kickoff-lr1,430529,4:30 PM,Paper Rex,2,ZETA DIVISION,0,2-0,Paper Rex,Completed,Lower Round 1,Main Event
2025-08-23T23:17:14.413961,"Mon, January 27, 2025",https://www.vlr.gg/430527/rex-regum-qeon-vs-team-secret-champions-tour-2025-pacific-kickoff-lr1,430527,1:30 PM,Rex Regum Qeon,2,Team Secret,1,2-1,Rex Regum Qeon,Completed,Lower Round 1,Main Event
2025-08-23T23:17:14.515679,"Mon, January 27, 2025",https://www.vlr.gg/430528/global-esports-vs-detonation-focusme-champions-tour-2025-pacific-kickoff-lr1,430528,4:30 PM,Global Esports,0,DetonatioN FocusMe,2,0-2,DetonatioN FocusMe,Completed,Lower Round 1,Main Event
2025-08-23T23:17:14.616469,"Fri, January 31, 2025",https://www.vlr.gg/430522/t1-vs-talon-champions-tour-2025-pacific-kickoff-ubsf,430522,1:30 PM,T1,2,TALON,1,2-1,T1,Completed,Upper Semifinals,Main Event
2025-08-23T23:17:14.717521,"Fri, January 31, 2025",https://www.vlr.gg/430523/gen-g-vs-drx-champions-tour-2025-pacific-kickoff-ubsf,430523,4:15 PM,Gen.G,0,DRX,2,0-2,DRX,Completed,Upper Semifinals,Main Event
2025-08-23T23:17:14.818485,"Sat, February 1, 2025",https://www.vlr.gg/430530/nongshim-redforce-vs-rex-regum-qeon-champions-tour-2025-pacific-kickoff-lr2,430530,1:30 PM,Nongshim RedForce,2,Rex Regum Qeon,1,2-1,Nongshim RedForce,Completed,Lower Round 2,Main Event
2025-08-23T23:17:14.919756,"Sat, February 1, 2025",https://www.vlr.gg/430531/detonation-focusme-vs-paper-rex-champions-tour-2025-pacific-kickoff-lr2,430531,5:40 PM,DetonatioN FocusMe,2,Paper Rex,0,2-0,DetonatioN FocusMe,Completed,Lower Round 2,Main Event
2025-08-23T23:17:15.021026,"Sun, February 2, 2025",https://www.vlr.gg/430532/talon-vs-nongshim-redforce-champions-tour-2025-pacific-kickoff-lr3,430532,1:30 PM,TALON,2,Nongshim RedForce,1,2-1,TALON,Completed,Lower Round 3,Main Event
2025-08-23T23:17:15.122310,"Sun, February 2, 2025",https://www.vlr.gg/430533/gen-g-vs-detonation-focusme-champions-tour-2025-pacific-kickoff-lr3,430533,4:30 PM,Gen.G,2,DetonatioN FocusMe,0,2-0,Gen.G,Completed,Lower Round 3,Main Event
2025-08-23T23:17:15.223383,"Fri, February 7, 2025",https://www.vlr.gg/430524/t1-vs-drx-champions-tour-2025-pacific-kickoff-ubf,430524,1:30 PM,T1,1,DRX,2,1-2,DRX,Completed,Upper Final,Main Event
2025-08-23T23:17:15.324372,"Fri, February 7, 2025",https://www.vlr.gg/430534/talon-vs-gen-g-champions-tour-2025-pacific-kickoff-lr4,430534,5:00 PM,TALON,0,Gen.G,2,0-2,Gen.G,Completed,Lower Round 4,Main Event
2025-08-23T23:17:15.425710,"Sat, February 8, 2025",https://www.vlr.gg/430535/t1-vs-gen-g-champions-tour-2025-pacific-kickoff-lbf,430535,1:30 PM,T1,3,Gen.G,2,3-2,T1,Completed,Lower Final,Main Event
2025-08-23T23:17:15.526669,"Sun, February 9, 2025",https://www.vlr.gg/430525/drx-vs-t1-champions-tour-2025-pacific-kickoff-gf,430525,1:30 PM,DRX,3,T1,2,3-2,DRX,Completed,Grand Final,Main Event
