Match ID,Map,Player,Team,Agent,2K,3K,4K,5K,1v1,1v2,1v3,1v4,1v5,ECON,PL,DE
430514,Pearl,Famouz,BME,Neon,3,0,0,0,0,0,0,0,0,37,1,1
430514,Pearl,BerserX,BME,Killjoy,4,0,0,0,0,0,0,0,0,68,0,1
430514,Pearl,NcSlasher,BME,Fade,1,1,1,0,0,0,0,0,0,44,3,1
430514,Pearl,Shiro,BME,Kayo,2,0,0,0,1,0,0,0,0,38,1,1
430514,Pearl,dos9,BME,Astra,1,2,0,0,0,0,1,0,0,52,0,2
430514,Pearl,stax,T1,Sova,3,2,0,0,0,0,0,0,0,47,8,1
430514,Pearl,BuZz,T1,Neon,2,1,0,0,0,0,0,0,0,51,0,0
430514,Pearl,Sylvan,T1,Astra,3,0,0,0,2,0,0,0,0,34,2,0
430514,Pearl,Meteor,T1,Killjoy,4,2,1,0,0,0,0,0,0,70,0,0
430514,Pearl,iZu,T1,Yoru,3,1,0,0,0,0,0,0,0,47,1,0
430514,Bind,Famouz,BME,Raze,1,2,1,0,0,0,0,0,0,72,2,1
430514,Bind,BerserX,BME,Vyse,6,2,0,0,0,0,0,0,0,81,0,1
430514,Bind,NcSlasher,BME,Fade,3,0,0,0,0,0,0,0,0,46,0,0
430514,Bind,Shiro,BME,Kayo,4,2,0,0,0,0,0,0,0,74,2,0
430514,Bind,dos9,BME,Brimstone,1,0,0,0,0,0,0,0,0,39,2,1
430514,Bind,stax,T1,Kayo,1,1,0,0,0,0,0,0,0,46,1,1
430514,Bind,BuZz,T1,Raze,5,1,0,0,0,1,0,0,0,58,0,1
430514,Bind,Sylvan,T1,Brimstone,2,0,0,0,0,1,0,0,0,43,1,0
430514,Bind,Meteor,T1,Vyse,2,0,0,0,0,0,0,0,0,32,0,0
430514,Bind,iZu,T1,Gekko,2,1,0,0,0,0,0,0,0,51,4,0
430514,Fracture,Famouz,BME,Neon,3,2,1,0,0,1,0,0,0,61,0,1
430514,Fracture,BerserX,BME,Cypher,2,0,0,0,0,1,0,0,0,36,0,0
430514,Fracture,NcSlasher,BME,Breach,1,0,0,0,0,0,0,0,0,22,0,0
430514,Fracture,Shiro,BME,Tejo,2,0,0,0,0,0,0,0,0,40,5,0
430514,Fracture,dos9,BME,Brimstone,3,0,0,0,0,0,0,0,0,56,0,1
430514,Fracture,stax,T1,Breach,0,1,0,0,0,0,0,0,0,50,6,2
430514,Fracture,BuZz,T1,Neon,3,1,0,0,0,0,0,0,0,38,0,1
430514,Fracture,Sylvan,T1,Brimstone,4,2,0,0,1,0,0,0,0,70,3,0
430514,Fracture,Meteor,T1,Killjoy,4,2,0,0,0,0,0,0,0,60,0,0
430514,Fracture,iZu,T1,Raze,2,2,1,0,0,0,0,0,0,70,0,0
430515,Split,Dep,ZETA,Raze,3,1,1,0,0,0,0,0,0,52,0,1
430515,Split,CLZ,ZETA,Breach,1,2,0,0,0,0,0,0,0,44,2,0
430515,Split,SugarZ3ro,ZETA,Omen,1,1,1,0,1,0,0,0,0,59,1,1
430515,Split,SyouTa,ZETA,Cypher,5,0,0,0,0,1,0,0,0,40,0,1
430515,Split,Xdll,ZETA,Fade,2,1,0,0,0,0,0,0,0,48,2,0
430515,Split,Persia,NS,Astra,2,2,1,0,0,1,0,0,0,63,2,0
430515,Split,Dambi,NS,Neon,3,0,0,0,0,0,0,0,0,42,0,0
430515,Split,Francis,NS,Kayo,2,1,0,0,0,0,0,0,0,44,4,1
430515,Split,Ivy,NS,Fade,4,3,0,0,2,0,0,0,0,68,1,2
430515,Split,margaret,NS,Cypher,0,1,0,0,0,0,0,0,0,42,1,0
430515,Haven,Dep,ZETA,Neon,3,0,0,0,0,0,0,0,0,51,0,0
430515,Haven,CLZ,ZETA,Breach,4,0,0,0,0,0,0,0,0,62,6,0
430515,Haven,SugarZ3ro,ZETA,Omen,1,1,0,0,0,0,0,0,0,38,0,1
430515,Haven,SyouTa,ZETA,Cypher,0,2,0,0,0,0,0,0,0,40,0,0
430515,Haven,Xdll,ZETA,Sova,4,0,0,0,0,0,0,0,0,39,0,0
430515,Haven,Persia,NS,Omen,3,0,1,0,0,0,0,0,0,67,2,0
430515,Haven,Dambi,NS,Neon,1,3,0,0,0,0,0,0,0,56,0,0
430515,Haven,Francis,NS,Breach,1,1,0,0,0,0,0,0,0,55,5,0
430515,Haven,Ivy,NS,Sova,2,1,0,0,0,0,0,0,0,61,2,0
430515,Haven,margaret,NS,Cypher,1,1,0,0,0,0,0,0,0,53,0,1
430516,Abyss,UdoTan,GE,Jett,2,0,0,0,0,0,0,0,0,37,0,0
430516,Abyss,Kr1stal,GE,Sova,0,0,0,0,0,0,0,0,0,59,0,1
430516,Abyss,kellyS,GE,Kayo,1,1,0,0,0,0,0,0,0,41,1,0
430516,Abyss,Deryeon,GE,Astra,3,0,0,0,0,0,0,0,0,37,1,0
430516,Abyss,Papi,GE,Omen,3,0,0,0,0,0,0,0,0,69,0,1
430516,Abyss,JessieVash,TS,Sova,3,0,0,0,0,1,0,0,0,44,6,1
430516,Abyss,Jremy,TS,Jett,7,1,0,0,0,0,0,0,0,94,0,1
430516,Abyss,invy,TS,Kayo,3,1,0,0,0,0,1,0,0,54,3,0
430516,Abyss,2GE,TS,Omen,2,1,0,0,0,1,0,0,0,62,2,0
430516,Abyss,Wild0reoo,TS,Cypher,2,0,0,0,0,0,0,0,0,42,0,0
430516,Split,UdoTan,GE,Raze,3,3,1,0,0,0,0,0,0,75,0,0
430516,Split,Kr1stal,GE,Fade,2,2,0,0,0,0,0,0,0,69,4,1
430516,Split,kellyS,GE,Deadlock,4,0,0,0,0,0,0,0,0,41,2,0
430516,Split,Deryeon,GE,Cypher,1,1,0,0,1,0,0,0,0,43,1,1
430516,Split,Papi,GE,Astra,4,0,1,0,0,2,0,0,0,52,1,1
430516,Split,JessieVash,TS,Cypher,2,2,0,0,0,1,0,0,0,65,1,0
430516,Split,Jremy,TS,Raze,3,2,0,0,0,0,0,0,0,52,0,0
430516,Split,invy,TS,Deadlock,2,1,0,0,0,0,0,0,0,42,0,0
430516,Split,2GE,TS,Astra,0,1,0,0,0,0,0,0,0,27,2,0
430516,Split,Wild0reoo,TS,Skye,3,1,0,0,0,0,0,0,0,58,3,0
430516,Pearl,UdoTan,GE,Jett,2,0,0,0,0,0,0,0,0,40,0,0
430516,Pearl,Kr1stal,GE,Sova,2,2,0,0,0,0,0,0,0,70,3,0
430516,Pearl,kellyS,GE,Vyse,2,1,0,0,0,0,0,0,0,47,4,1
430516,Pearl,Deryeon,GE,Killjoy,2,1,0,0,0,0,0,0,0,63,2,0
430516,Pearl,Papi,GE,Astra,2,1,1,0,0,1,1,0,0,53,1,0
430516,Pearl,JessieVash,TS,Sova,1,0,0,1,0,0,0,0,0,50,0,2
430516,Pearl,Jremy,TS,Jett,3,2,0,0,1,0,0,0,0,51,1,0
430516,Pearl,invy,TS,Kayo,1,0,0,0,0,0,0,0,0,34,1,0
430516,Pearl,2GE,TS,Astra,0,2,0,0,0,0,0,0,0,43,1,0
430516,Pearl,Wild0reoo,TS,Killjoy,1,0,0,0,0,0,0,0,0,48,0,0
430517,Abyss,Jinboong,DFM,Astra,4,1,0,0,1,0,0,0,0,43,0,0
430517,Abyss,Meiy,DFM,Jett,4,3,2,0,0,2,1,0,0,72,1,3
430517,Abyss,Art,DFM,Sova,5,0,0,0,0,0,0,0,0,49,1,1
430517,Abyss,Akame,DFM,Kayo,2,1,0,0,0,0,0,0,0,37,4,0
430517,Abyss,gyen,DFM,Omen,3,0,0,0,0,0,0,0,0,36,2,2
430517,Abyss,Kushy,RRQ,Sova,6,1,0,0,0,0,0,0,0,53,4,1
430517,Abyss,xffero,RRQ,Astra,3,0,0,0,0,0,0,0,0,41,0,0
430517,Abyss,Monyet,RRQ,Omen,3,1,0,0,0,0,0,0,0,40,5,0
430517,Abyss,Jemkin,RRQ,Jett,3,3,0,0,0,0,0,0,0,57,1,0
430517,Abyss,Estrella,RRQ,Kayo,0,0,0,0,0,0,0,0,0,39,2,1
430517,Pearl,Jinboong,DFM,Killjoy,2,1,0,0,0,0,0,0,0,56,0,0
430517,Pearl,Meiy,DFM,Yoru,2,0,0,0,0,0,0,0,0,41,0,0
430517,Pearl,Art,DFM,Sova,1,0,1,0,0,0,0,0,0,56,1,0
430517,Pearl,Akame,DFM,Iso,1,0,0,0,0,0,0,0,0,35,0,0
430517,Pearl,gyen,DFM,Astra,1,0,0,0,1,0,0,0,0,30,0,0
430517,Pearl,Kushy,RRQ,Sova,1,1,1,0,0,0,1,0,0,113,5,0
430517,Pearl,xffero,RRQ,Vyse,3,0,0,0,0,0,0,0,0,38,4,0
430517,Pearl,Monyet,RRQ,Phoenix,3,0,0,0,0,0,0,0,0,47,1,0
430517,Pearl,Jemkin,RRQ,Jett,4,3,0,0,0,0,0,0,0,77,0,0
430517,Pearl,Estrella,RRQ,Astra,4,1,0,0,0,1,0,0,0,61,1,0
430517,Haven,Jinboong,DFM,Cypher,1,0,0,0,1,0,0,0,0,41,0,1
430517,Haven,Meiy,DFM,Neon,1,0,0,0,0,0,0,0,0,31,0,0
430517,Haven,Art,DFM,Sova,2,0,0,0,0,0,0,0,0,40,0,1
430517,Haven,Akame,DFM,Breach,0,3,0,0,0,0,0,0,0,73,2,0
430517,Haven,gyen,DFM,Omen,4,0,0,0,0,0,0,0,0,54,1,0
430517,Haven,Kushy,RRQ,Sova,0,0,1,1,0,1,0,0,0,69,4,0
430517,Haven,xffero,RRQ,Killjoy,2,1,0,0,1,0,0,0,0,64,3,1
430517,Haven,Monyet,RRQ,Omen,2,1,0,0,0,0,0,0,0,39,1,0
430517,Haven,Jemkin,RRQ,Jett,3,2,2,0,0,0,0,0,0,120,0,1
430517,Haven,Estrella,RRQ,Breach,0,1,0,0,1,0,0,0,0,34,4,0
430521,Lotus,free1ng,DRX,Tejo,2,0,2,0,0,0,0,0,0,60,6,1
430521,Lotus,MaKo,DRX,Omen,4,0,1,0,1,1,0,0,0,61,1,1
430521,Lotus,BeYN,DRX,Fade,2,0,0,0,0,1,0,0,0,42,2,0
430521,Lotus,HYUNMIN,DRX,Raze,3,2,1,0,0,0,0,0,0,73,0,0
430521,Lotus,Flashback,DRX,Viper,1,1,0,0,0,0,0,0,0,35,1,0
430521,Lotus,Persia,NS,Omen,6,0,0,0,0,0,0,0,0,43,2,0
430521,Lotus,Dambi,NS,Neon,2,1,1,0,0,0,0,0,0,35,0,1
430521,Lotus,Francis,NS,Fade,4,0,1,0,0,0,0,0,0,48,4,1
430521,Lotus,Ivy,NS,Viper,2,0,1,0,0,0,0,0,0,56,1,0
430521,Lotus,margaret,NS,Cypher,3,0,0,0,1,0,0,0,0,45,1,1
430521,Pearl,free1ng,DRX,Tejo,3,0,1,0,0,0,0,0,0,60,2,0
430521,Pearl,MaKo,DRX,Astra,4,0,0,0,0,0,0,0,0,34,0,0
430521,Pearl,BeYN,DRX,Sova,2,0,0,0,0,0,0,0,0,32,2,0
430521,Pearl,HYUNMIN,DRX,Jett,4,1,0,0,0,0,0,0,0,71,0,0
430521,Pearl,Flashback,DRX,Killjoy,3,0,0,0,0,0,0,0,0,68,0,0
430521,Pearl,Persia,NS,Astra,3,0,0,0,1,0,0,0,0,45,3,0
430521,Pearl,Dambi,NS,Neon,1,0,0,0,0,0,0,0,0,38,1,0
430521,Pearl,Francis,NS,Skye,3,1,0,0,0,0,0,0,0,58,2,1
430521,Pearl,Ivy,NS,Vyse,2,2,0,0,2,1,1,0,0,62,2,1
430521,Pearl,margaret,NS,Killjoy,6,0,0,0,0,0,0,0,0,50,0,0
430521,Fracture,free1ng,DRX,Tejo,8,1,0,0,0,1,0,0,0,54,1,1
430521,Fracture,MaKo,DRX,Brimstone,4,0,0,0,0,0,0,0,0,59,1,0
430521,Fracture,BeYN,DRX,Breach,1,0,0,0,0,0,0,0,0,40,3,1
430521,Fracture,HYUNMIN,DRX,Raze,2,2,0,0,0,0,0,0,0,59,2,1
430521,Fracture,Flashback,DRX,Killjoy,1,2,0,0,1,0,0,0,0,61,0,1
430521,Fracture,Persia,NS,Brimstone,2,1,0,0,1,0,0,0,0,44,1,1
430521,Fracture,Dambi,NS,Neon,3,2,0,0,0,0,0,0,0,49,1,0
430521,Fracture,Francis,NS,Breach,3,1,2,0,0,0,0,0,0,75,6,1
430521,Fracture,Ivy,NS,Tejo,2,0,0,0,0,0,0,0,0,51,2,0
430521,Fracture,margaret,NS,Killjoy,2,1,0,0,0,0,0,0,0,51,0,0
430518,Bind,Jinggg,PRX,Raze,3,0,1,0,0,0,0,0,0,53,0,1
430518,Bind,mindfreak,PRX,Brimstone,2,1,0,0,0,1,0,0,0,44,0,0
430518,Bind,f0rsakeN,PRX,Deadlock,1,1,0,0,0,0,0,0,0,36,1,0
430518,Bind,d4v41,PRX,Clove,2,0,0,0,0,0,0,0,0,51,0,1
430518,Bind,something,PRX,Fade,2,0,0,0,0,0,0,0,0,40,3,0
430518,Bind,stax,T1,Kayo,3,0,0,0,0,0,0,0,0,58,0,0
430518,Bind,BuZz,T1,Raze,5,2,0,0,0,0,0,0,0,75,0,1
430518,Bind,Sylvan,T1,Brimstone,1,1,0,0,0,0,0,0,0,65,1,0
430518,Bind,Meteor,T1,Vyse,0,1,1,0,0,0,0,0,0,39,0,0
430518,Bind,iZu,T1,Gekko,4,0,0,0,0,1,0,0,0,51,9,0
430518,Fracture,Jinggg,PRX,Raze,5,1,1,0,0,0,1,0,0,81,0,1
430518,Fracture,mindfreak,PRX,Brimstone,1,0,0,0,0,0,0,0,0,36,0,0
430518,Fracture,f0rsakeN,PRX,Tejo,3,2,1,0,0,0,0,0,0,91,3,0
430518,Fracture,d4v41,PRX,Killjoy,2,0,0,0,0,0,0,0,0,50,1,0
430518,Fracture,something,PRX,Breach,3,0,0,0,1,0,0,0,0,42,4,0
430518,Fracture,stax,T1,Breach,2,0,0,0,0,0,0,0,0,52,5,1
430518,Fracture,BuZz,T1,Neon,4,1,0,0,1,0,0,0,0,49,0,0
430518,Fracture,Sylvan,T1,Brimstone,0,0,0,0,0,0,0,0,0,29,3,0
430518,Fracture,Meteor,T1,Killjoy,0,0,1,0,0,0,0,0,0,59,0,0
430518,Fracture,iZu,T1,Raze,0,1,0,0,0,0,0,0,0,41,0,0
430518,Split,Jinggg,PRX,Raze,3,1,0,0,0,0,0,0,0,51,0,1
430518,Split,mindfreak,PRX,Omen,2,2,0,0,0,0,0,0,0,56,0,1
430518,Split,f0rsakeN,PRX,Skye,1,0,0,0,0,0,0,0,0,38,4,0
430518,Split,d4v41,PRX,Sage,5,2,0,0,0,0,0,0,0,63,2,0
430518,Split,something,PRX,Jett,2,1,0,0,0,0,0,0,0,45,0,0
430518,Split,stax,T1,Skye,3,3,1,0,0,0,1,0,0,86,6,1
430518,Split,BuZz,T1,Raze,4,0,0,0,0,0,0,0,0,50,0,0
430518,Split,Sylvan,T1,Omen,4,1,0,0,1,0,0,0,0,46,1,1
430518,Split,Meteor,T1,Chamber,3,1,0,1,0,0,0,0,0,48,0,0
430518,Split,iZu,T1,Viper,4,1,0,0,0,1,0,0,0,61,1,0
430519,Split,Crws,TLN,Breach,2,0,0,0,0,0,0,0,0,47,1,0
430519,Split,Governor,TLN,Raze,1,0,0,0,0,0,0,0,0,27,1,0
430519,Split,ban,TLN,Yoru,1,1,0,1,0,0,0,0,0,39,1,0
430519,Split,JitBoyS,TLN,Astra,4,1,0,0,0,0,0,0,0,50,0,0
430519,Split,primmie,TLN,Tejo,4,0,0,0,0,0,0,0,0,46,0,0
430519,Split,UdoTan,GE,Raze,5,2,0,0,0,0,0,0,0,85,0,0
430519,Split,Kr1stal,GE,Fade,2,2,0,0,0,1,0,0,0,76,2,0
430519,Split,kellyS,GE,Deadlock,3,0,0,0,0,0,0,0,0,40,1,0
430519,Split,Deryeon,GE,Cypher,1,0,0,0,0,0,0,0,0,44,0,0
430519,Split,Papi,GE,Astra,1,2,0,0,0,0,0,0,0,79,0,1
430519,Abyss,Crws,TLN,Sova,1,0,0,0,0,1,0,0,0,40,6,1
430519,Abyss,Governor,TLN,Neon,2,2,0,0,0,0,0,0,0,44,0,0
430519,Abyss,ban,TLN,Viper,3,1,0,0,0,2,0,0,0,57,0,0
430519,Abyss,JitBoyS,TLN,Astra,4,1,0,0,0,0,0,0,0,67,2,2
430519,Abyss,primmie,TLN,Deadlock,3,0,0,0,0,0,0,0,0,44,0,0
430519,Abyss,UdoTan,GE,Jett,5,2,0,0,0,0,0,0,0,68,1,0
430519,Abyss,Kr1stal,GE,Sova,3,1,0,0,0,0,0,0,0,62,0,1
430519,Abyss,kellyS,GE,Breach,2,0,0,0,0,0,0,0,0,35,5,1
430519,Abyss,Deryeon,GE,Chamber,2,0,0,0,0,0,0,0,0,26,0,0
430519,Abyss,Papi,GE,Astra,2,1,0,0,0,0,0,0,0,42,0,0
430519,Lotus,Crws,TLN,Fade,1,0,0,0,0,0,0,0,0,37,6,0
430519,Lotus,Governor,TLN,Raze,3,1,0,0,0,0,0,0,0,52,1,1
430519,Lotus,ban,TLN,Deadlock,1,1,0,0,1,0,0,0,0,41,0,1
430519,Lotus,JitBoyS,TLN,Omen,2,2,0,0,0,0,0,0,0,42,1,1
430519,Lotus,primmie,TLN,Clove,3,2,1,0,0,0,0,0,0,70,1,1
430519,Lotus,UdoTan,GE,Deadlock,1,2,0,0,0,0,0,0,0,39,0,0
430519,Lotus,Kr1stal,GE,Tejo,3,1,0,0,0,0,0,0,0,59,3,1
430519,Lotus,kellyS,GE,Vyse,0,0,0,0,0,0,0,0,0,39,3,0
430519,Lotus,Deryeon,GE,Chamber,4,1,0,0,0,0,0,0,0,61,0,1
430519,Lotus,Papi,GE,Astra,0,2,0,0,0,0,1,0,0,45,1,0
430520,Fracture,Munchkin,GEN,Breach,2,0,0,0,0,0,0,0,0,51,3,0
430520,Fracture,t3xture,GEN,Raze,1,1,0,0,0,0,0,0,0,37,0,0
430520,Fracture,Foxy9,GEN,Killjoy,2,0,0,0,0,0,0,0,0,42,0,0
430520,Fracture,yoman,GEN,Sova,1,2,0,0,1,0,0,0,0,47,0,1
430520,Fracture,Karon,GEN,Brimstone,3,0,0,0,1,0,0,0,0,41,3,1
430520,Fracture,Kushy,RRQ,Sova,3,2,0,0,0,0,0,0,0,78,2,1
430520,Fracture,xffero,RRQ,Killjoy,3,1,0,0,0,0,0,0,0,58,0,0
430520,Fracture,Monyet,RRQ,Neon,3,2,0,0,1,0,0,0,0,56,0,3
430520,Fracture,Jemkin,RRQ,Brimstone,3,1,0,0,1,0,0,0,0,62,1,0
430520,Fracture,Estrella,RRQ,Breach,0,0,1,0,1,0,0,0,0,68,1,1
430520,Lotus,Munchkin,GEN,Viper,2,0,0,0,0,0,0,0,0,33,1,0
430520,Lotus,t3xture,GEN,Raze,4,1,1,0,0,0,0,0,0,57,0,1
430520,Lotus,Foxy9,GEN,Killjoy,3,2,2,0,0,2,0,0,0,63,2,2
430520,Lotus,yoman,GEN,Fade,0,1,0,0,0,0,0,0,0,44,4,1
430520,Lotus,Karon,GEN,Omen,1,2,0,0,0,0,0,0,0,53,1,0
430520,Lotus,Kushy,RRQ,Fade,4,1,0,0,1,0,0,0,0,56,3,2
430520,Lotus,xffero,RRQ,Vyse,1,0,0,0,0,0,0,0,0,25,1,1
430520,Lotus,Monyet,RRQ,Omen,3,1,0,0,0,0,0,0,0,52,1,0
430520,Lotus,Jemkin,RRQ,Raze,2,1,0,0,0,0,0,0,0,50,0,0
430520,Lotus,Estrella,RRQ,Viper,2,0,0,0,0,0,0,0,0,44,0,0
430520,Haven,Munchkin,GEN,Viper,4,2,0,0,0,0,0,0,0,53,3,0
430520,Haven,t3xture,GEN,Neon,6,2,0,0,0,0,0,0,0,45,1,1
430520,Haven,Foxy9,GEN,Killjoy,3,2,0,0,1,0,0,0,0,41,1,0
430520,Haven,yoman,GEN,Sova,2,0,0,0,0,0,0,0,0,25,3,0
430520,Haven,Karon,GEN,Omen,3,1,1,0,0,0,0,0,0,60,3,0
430520,Haven,Kushy,RRQ,Sova,4,1,1,0,0,0,0,0,0,62,3,3
430520,Haven,xffero,RRQ,Killjoy,1,1,0,0,0,0,0,0,0,33,0,1
430520,Haven,Monyet,RRQ,Omen,0,0,0,0,0,0,0,0,0,22,1,0
430520,Haven,Jemkin,RRQ,Jett,7,0,1,0,0,0,0,0,0,78,0,0
430520,Haven,Estrella,RRQ,Breach,1,1,0,0,0,0,0,0,0,33,3,0
430526,Pearl,Persia,NS,Astra,0,2,0,0,0,0,0,0,0,81,1,0
430526,Pearl,Dambi,NS,Neon,5,1,0,0,0,0,0,0,0,88,1,1
430526,Pearl,Francis,NS,Sova,4,1,0,0,0,0,0,0,0,85,2,1
430526,Pearl,Ivy,NS,Vyse,3,0,0,0,0,0,0,0,0,42,0,1
430526,Pearl,margaret,NS,Killjoy,1,1,0,0,0,0,0,0,0,58,0,0
430526,Pearl,Famouz,BME,Neon,2,0,0,0,0,0,0,0,0,43,0,0
430526,Pearl,BerserX,BME,Killjoy,3,0,0,0,0,0,0,0,0,53,1,0
430526,Pearl,NcSlasher,BME,Fade,0,1,0,0,0,0,0,0,0,38,3,0
430526,Pearl,Shiro,BME,Kayo,0,0,0,0,0,0,0,0,0,24,1,0
430526,Pearl,dos9,BME,Astra,3,0,0,0,1,0,0,0,0,38,1,0
430526,Bind,Persia,NS,Brimstone,1,1,0,1,0,0,0,0,0,56,2,0
430526,Bind,Dambi,NS,Raze,2,0,1,0,0,0,1,0,0,40,0,0
430526,Bind,Francis,NS,Fade,2,1,0,0,0,0,1,0,0,43,2,0
430526,Bind,Ivy,NS,Deadlock,2,0,1,0,0,1,0,0,0,32,2,0
430526,Bind,margaret,NS,Vyse,2,0,0,0,0,0,0,0,0,44,4,0
430526,Bind,Famouz,BME,Raze,4,1,1,0,0,0,0,0,0,52,0,0
430526,Bind,BerserX,BME,Vyse,3,1,0,0,1,0,0,0,0,72,1,1
430526,Bind,NcSlasher,BME,Fade,2,0,0,0,0,0,0,0,0,40,1,0
430526,Bind,Shiro,BME,Kayo,2,1,0,0,0,0,0,0,0,55,2,0
430526,Bind,dos9,BME,Brimstone,6,1,0,0,1,0,0,0,0,65,2,3
430526,Lotus,Persia,NS,Omen,3,0,0,0,0,0,0,0,0,48,0,0
430526,Lotus,Dambi,NS,Neon,4,1,0,0,0,0,0,0,0,38,0,0
430526,Lotus,Francis,NS,Fade,4,2,0,0,0,0,0,0,0,57,9,0
430526,Lotus,Ivy,NS,Viper,3,1,0,0,0,0,0,0,0,55,1,0
430526,Lotus,margaret,NS,Vyse,3,0,0,0,0,0,0,0,0,52,1,0
430526,Lotus,Famouz,BME,Raze,1,2,0,0,1,0,0,0,0,61,0,1
430526,Lotus,BerserX,BME,Killjoy,6,0,0,0,0,0,0,0,0,69,0,2
430526,Lotus,NcSlasher,BME,Fade,2,0,0,0,0,0,0,0,0,45,2,2
430526,Lotus,Shiro,BME,Viper,2,0,0,0,0,0,0,0,0,54,0,0
430526,Lotus,dos9,BME,Omen,2,0,0,0,0,0,0,0,0,27,1,0
430529,Lotus,Jinggg,PRX,Raze,4,0,0,1,0,0,0,0,0,54,1,1
430529,Lotus,mindfreak,PRX,Omen,2,0,0,0,1,0,0,0,0,51,1,1
430529,Lotus,f0rsakeN,PRX,Vyse,2,1,0,0,0,0,0,0,0,45,2,0
430529,Lotus,d4v41,PRX,Skye,2,1,0,0,0,0,0,0,0,60,6,0
430529,Lotus,something,PRX,Jett,4,3,0,0,0,0,0,0,0,76,0,0
430529,Lotus,Dep,ZETA,Neon,1,2,0,0,0,0,0,0,0,39,0,0
430529,Lotus,CLZ,ZETA,Breach,0,0,0,0,0,0,0,0,0,27,1,0
430529,Lotus,SugarZ3ro,ZETA,Omen,0,1,0,0,0,0,0,0,0,52,0,0
430529,Lotus,SyouTa,ZETA,Cypher,2,0,1,0,0,0,0,1,0,68,1,1
430529,Lotus,Xdll,ZETA,Fade,4,0,0,0,0,0,0,0,0,50,0,1
430529,Fracture,Jinggg,PRX,Raze,2,1,0,0,0,0,0,0,0,65,1,1
430529,Fracture,mindfreak,PRX,Brimstone,3,0,0,0,0,0,0,0,0,50,0,0
430529,Fracture,f0rsakeN,PRX,Skye,4,2,0,0,0,0,0,0,0,76,3,1
430529,Fracture,d4v41,PRX,Killjoy,5,1,0,0,1,0,0,0,0,104,0,0
430529,Fracture,something,PRX,Breach,4,1,1,0,0,0,0,0,0,59,4,0
430529,Fracture,Dep,ZETA,Neon,2,4,0,0,1,0,1,0,0,68,3,0
430529,Fracture,CLZ,ZETA,Breach,2,0,0,0,3,0,0,0,0,24,4,1
430529,Fracture,SugarZ3ro,ZETA,Brimstone,2,0,0,0,0,0,0,0,0,37,0,0
430529,Fracture,SyouTa,ZETA,Chamber,1,1,0,0,0,0,0,0,0,46,0,0
430529,Fracture,Xdll,ZETA,Tejo,1,1,0,0,0,0,0,0,0,37,0,0
430527,Lotus,Kushy,RRQ,Fade,1,1,0,0,0,0,0,0,0,37,2,0
430527,Lotus,xffero,RRQ,Vyse,2,0,0,0,0,0,0,0,0,38,1,0
430527,Lotus,Monyet,RRQ,Omen,4,3,0,0,1,0,0,0,0,70,2,1
430527,Lotus,Jemkin,RRQ,Raze,3,2,0,0,0,0,0,0,0,51,1,1
430527,Lotus,Estrella,RRQ,Viper,2,1,0,0,0,0,0,0,0,35,2,0
430527,Lotus,JessieVash,TS,Fade,2,3,1,0,0,0,0,0,0,74,7,1
430527,Lotus,Jremy,TS,Raze,3,0,0,0,0,0,0,0,0,30,0,0
430527,Lotus,invy,TS,Vyse,7,0,0,0,0,0,0,0,0,72,1,1
430527,Lotus,2GE,TS,Omen,3,1,1,0,1,0,0,0,0,55,2,1
430527,Lotus,Wild0reoo,TS,Viper,1,2,0,0,0,0,0,0,0,38,0,0
430527,Pearl,Kushy,RRQ,Sova,1,2,0,0,0,0,0,0,0,71,6,0
430527,Pearl,xffero,RRQ,Vyse,3,1,0,0,0,0,0,0,0,61,1,0
430527,Pearl,Monyet,RRQ,Phoenix,3,0,1,0,0,0,0,0,0,64,3,0
430527,Pearl,Jemkin,RRQ,Jett,4,1,0,0,0,0,0,0,0,47,0,0
430527,Pearl,Estrella,RRQ,Astra,2,1,1,0,2,0,0,1,0,70,1,0
430527,Pearl,JessieVash,TS,Sova,0,1,0,0,1,0,0,0,0,43,1,0
430527,Pearl,Jremy,TS,Jett,4,0,0,0,0,0,0,0,0,63,0,0
430527,Pearl,invy,TS,Kayo,2,0,0,0,0,0,0,0,0,45,2,0
430527,Pearl,2GE,TS,Astra,2,0,0,0,0,0,0,0,0,39,0,0
430527,Pearl,Wild0reoo,TS,Killjoy,2,0,0,0,0,0,0,0,0,46,0,0
430527,Haven,Kushy,RRQ,Sova,5,1,0,0,0,0,0,0,0,74,1,1
430527,Haven,xffero,RRQ,Killjoy,2,0,0,0,0,1,0,0,0,59,0,0
430527,Haven,Monyet,RRQ,Omen,1,2,0,0,0,0,0,0,0,60,2,0
430527,Haven,Jemkin,RRQ,Jett,1,0,0,0,0,0,0,0,0,30,0,1
430527,Haven,Estrella,RRQ,Breach,5,2,0,0,0,0,0,0,0,81,5,1
430527,Haven,JessieVash,TS,Sova,2,0,1,0,0,0,0,0,0,92,2,1
430527,Haven,Jremy,TS,Jett,1,0,0,0,0,0,0,0,0,32,0,0
430527,Haven,invy,TS,Breach,0,1,0,0,0,0,0,0,0,27,1,0
430527,Haven,2GE,TS,Omen,0,0,0,0,0,0,0,0,0,25,0,0
430527,Haven,Wild0reoo,TS,Killjoy,2,1,0,0,0,0,0,0,0,46,0,0
430528,Abyss,UdoTan,GE,Jett,1,1,0,0,0,0,0,0,0,48,0,0
430528,Abyss,Kr1stal,GE,Sova,3,1,0,0,3,0,0,0,0,49,2,0
430528,Abyss,kellyS,GE,Breach,5,0,0,0,0,0,0,0,0,52,4,1
430528,Abyss,Deryeon,GE,Chamber,2,1,0,0,0,1,0,0,0,45,0,0
430528,Abyss,Papi,GE,Astra,1,0,0,0,0,0,0,0,0,37,0,0
430528,Abyss,Jinboong,DFM,Astra,5,0,0,1,0,0,0,0,0,70,1,0
430528,Abyss,Meiy,DFM,Jett,3,1,0,0,0,1,0,0,0,66,0,1
430528,Abyss,Art,DFM,Sova,2,0,0,0,1,0,0,0,0,45,3,0
430528,Abyss,Akame,DFM,Kayo,2,0,0,0,0,0,0,0,0,47,6,0
430528,Abyss,gyen,DFM,Omen,5,1,0,0,0,0,0,0,0,68,1,1
430528,Split,UdoTan,GE,Raze,2,3,0,0,0,0,0,0,0,50,1,1
430528,Split,Kr1stal,GE,Fade,3,0,0,0,0,0,0,0,0,37,1,0
430528,Split,kellyS,GE,Deadlock,5,0,0,1,0,0,0,0,0,58,3,0
430528,Split,Deryeon,GE,Cypher,0,2,0,0,0,0,0,0,0,45,1,0
430528,Split,Papi,GE,Astra,2,1,0,0,0,0,0,0,0,37,1,0
430528,Split,Jinboong,DFM,Cypher,1,0,0,0,0,0,0,0,0,34,0,0
430528,Split,Meiy,DFM,Raze,3,1,2,0,0,0,0,0,0,67,1,1
430528,Split,Art,DFM,Skye,2,1,0,0,0,0,0,0,0,36,2,0
430528,Split,Akame,DFM,Vyse,1,2,2,0,0,1,0,0,0,61,2,0
430528,Split,gyen,DFM,Omen,1,1,0,0,1,0,0,0,0,34,2,0
430522,Fracture,stax,T1,Breach,1,0,0,0,0,1,0,0,0,31,3,2
430522,Fracture,BuZz,T1,Raze,2,3,0,0,0,0,0,0,0,71,1,0
430522,Fracture,Sylvan,T1,Brimstone,3,0,1,0,0,0,0,0,0,77,1,0
430522,Fracture,Meteor,T1,Cypher,3,1,0,0,0,0,0,0,0,78,0,0
430522,Fracture,iZu,T1,Tejo,2,0,0,0,1,0,0,0,0,80,0,2
430522,Fracture,Crws,TLN,Breach,2,0,0,0,0,0,0,0,0,42,4,0
430522,Fracture,Governor,TLN,Raze,2,0,0,0,0,0,0,0,0,25,0,1
430522,Fracture,ban,TLN,Deadlock,1,0,0,0,0,0,0,0,0,39,0,0
430522,Fracture,JitBoyS,TLN,Brimstone,3,0,0,0,0,1,0,0,0,39,1,0
430522,Fracture,primmie,TLN,Tejo,3,1,0,0,0,0,0,0,0,63,1,1
430522,Bind,stax,T1,Kayo,1,0,0,0,0,0,0,0,0,35,0,0
430522,Bind,BuZz,T1,Raze,2,1,0,0,1,0,0,0,0,66,0,0
430522,Bind,Sylvan,T1,Brimstone,2,0,0,0,0,0,0,0,0,28,0,0
430522,Bind,Meteor,T1,Vyse,3,1,0,0,0,0,0,0,0,52,0,0
430522,Bind,iZu,T1,Gekko,2,0,0,0,0,0,0,0,0,41,6,0
430522,Bind,Crws,TLN,Fade,2,0,0,0,0,1,0,0,0,38,1,0
430522,Bind,Governor,TLN,Raze,3,1,1,0,0,0,0,0,0,53,0,1
430522,Bind,ban,TLN,Gekko,3,2,0,0,0,0,0,0,0,107,3,2
430522,Bind,JitBoyS,TLN,Astra,3,0,0,0,0,0,0,0,0,53,0,0
430522,Bind,primmie,TLN,Deadlock,4,0,0,0,0,0,0,0,0,53,0,0
430522,Haven,stax,T1,Sova,1,2,0,0,0,0,0,0,0,61,4,0
430522,Haven,BuZz,T1,Yoru,5,0,0,0,1,1,0,0,0,73,0,1
430522,Haven,Sylvan,T1,Omen,2,1,0,0,0,0,0,0,0,44,2,0
430522,Haven,Meteor,T1,Iso,4,1,0,0,0,0,0,0,0,53,3,2
430522,Haven,iZu,T1,Cypher,3,0,0,0,1,0,0,0,0,63,0,0
430522,Haven,Crws,TLN,Breach,3,0,0,0,0,0,0,0,0,21,3,0
430522,Haven,Governor,TLN,Sova,3,0,0,0,0,0,0,0,0,55,2,0
430522,Haven,ban,TLN,Cypher,4,1,0,0,0,0,0,0,0,51,0,0
430522,Haven,JitBoyS,TLN,Omen,1,1,0,0,1,0,0,0,0,58,2,1
430522,Haven,primmie,TLN,Jett,4,0,1,0,0,0,0,0,0,50,0,0
430523,Abyss,Munchkin,GEN,Kayo,1,0,1,0,0,0,1,0,0,45,6,0
430523,Abyss,t3xture,GEN,Jett,5,1,1,0,0,0,0,0,0,43,0,0
430523,Abyss,Foxy9,GEN,Cypher,1,1,0,0,0,0,0,0,0,30,0,0
430523,Abyss,yoman,GEN,Sova,4,0,0,0,0,0,0,0,0,49,0,1
430523,Abyss,Karon,GEN,Omen,3,0,0,1,0,0,0,0,0,40,2,0
430523,Abyss,free1ng,DRX,Tejo,3,1,0,0,0,0,0,0,0,74,5,1
430523,Abyss,MaKo,DRX,Astra,1,0,1,0,1,0,0,0,0,63,1,0
430523,Abyss,BeYN,DRX,Sova,5,2,0,0,0,0,0,0,0,104,3,1
430523,Abyss,HYUNMIN,DRX,Jett,4,0,1,0,0,0,0,0,0,67,0,0
430523,Abyss,Flashback,DRX,Cypher,2,1,0,0,0,0,0,0,0,42,0,0
430523,Bind,Munchkin,GEN,Viper,3,0,0,0,0,0,0,0,0,39,1,0
430523,Bind,t3xture,GEN,Raze,3,0,0,0,0,1,0,0,0,32,1,1
430523,Bind,Foxy9,GEN,Gekko,7,0,0,0,0,0,0,0,0,58,5,1
430523,Bind,yoman,GEN,Fade,3,2,0,0,0,0,0,0,0,41,2,1
430523,Bind,Karon,GEN,Brimstone,3,0,0,0,1,0,0,0,0,41,0,3
430523,Bind,free1ng,DRX,Tejo,4,3,0,0,0,0,0,0,0,57,1,2
430523,Bind,MaKo,DRX,Brimstone,4,2,0,0,1,0,0,0,0,45,5,1
430523,Bind,BeYN,DRX,Kayo,2,0,1,0,0,0,0,0,0,41,4,0
430523,Bind,HYUNMIN,DRX,Raze,3,0,0,0,0,0,0,0,0,46,1,0
430523,Bind,Flashback,DRX,Viper,6,1,0,0,0,0,0,0,0,52,1,1
430530,Fracture,Persia,NS,Brimstone,2,0,0,0,1,0,0,0,0,30,1,0
430530,Fracture,Dambi,NS,Raze,2,2,1,0,0,0,0,0,0,50,1,1
430530,Fracture,Francis,NS,Tejo,3,0,1,0,1,0,0,0,0,57,4,0
430530,Fracture,Ivy,NS,Breach,3,0,0,0,0,0,0,0,0,43,3,0
430530,Fracture,margaret,NS,Cypher,0,1,0,0,0,0,0,0,0,29,0,0
430530,Fracture,Kushy,RRQ,Sova,1,0,0,0,0,0,0,0,0,43,3,2
430530,Fracture,xffero,RRQ,Killjoy,4,0,2,0,0,0,0,0,0,70,0,0
430530,Fracture,Monyet,RRQ,Neon,3,0,1,0,0,0,0,0,0,33,0,0
430530,Fracture,Jemkin,RRQ,Brimstone,2,3,1,0,1,0,0,0,0,67,2,0
430530,Fracture,Estrella,RRQ,Breach,1,1,0,0,0,0,0,0,0,55,2,0
430530,Lotus,Persia,NS,Omen,7,2,1,0,0,0,0,0,0,44,5,0
430530,Lotus,Dambi,NS,Neon,2,3,0,0,0,1,0,0,0,32,2,0
430530,Lotus,Francis,NS,Fade,4,0,0,0,0,0,0,0,0,32,9,2
430530,Lotus,Ivy,NS,Astra,7,3,1,0,1,0,0,0,0,39,1,1
430530,Lotus,margaret,NS,Vyse,3,2,0,1,1,1,0,0,0,44,0,0
430530,Lotus,Kushy,RRQ,Fade,4,0,0,0,0,0,0,0,0,26,7,1
430530,Lotus,xffero,RRQ,Vyse,7,1,0,0,1,1,0,0,0,36,1,2
430530,Lotus,Monyet,RRQ,Viper,6,1,0,0,0,0,0,0,0,41,1,0
430530,Lotus,Jemkin,RRQ,Raze,6,3,0,1,0,0,0,0,0,52,0,3
430530,Lotus,Estrella,RRQ,Omen,7,1,0,0,0,0,1,0,0,38,2,0
430530,Pearl,Persia,NS,Astra,1,1,0,0,1,1,0,0,0,60,2,0
430530,Pearl,Dambi,NS,Neon,3,0,0,0,0,0,0,0,0,43,1,0
430530,Pearl,Francis,NS,Tejo,2,5,0,0,1,0,0,0,0,84,2,1
430530,Pearl,Ivy,NS,Sova,3,0,1,0,0,1,0,0,0,66,0,0
430530,Pearl,margaret,NS,Vyse,4,0,0,0,0,0,0,0,0,52,2,0
430530,Pearl,Kushy,RRQ,Sova,4,1,1,0,0,1,0,0,0,57,6,0
430530,Pearl,xffero,RRQ,Vyse,3,0,0,0,0,0,0,0,0,47,0,0
430530,Pearl,Monyet,RRQ,Phoenix,1,1,0,0,1,0,0,0,0,46,1,0
430530,Pearl,Jemkin,RRQ,Jett,3,2,0,0,0,0,0,0,0,46,0,0
430530,Pearl,Estrella,RRQ,Astra,2,0,0,0,1,0,0,0,0,42,0,0
430531,Abyss,Jinboong,DFM,Astra,3,2,0,0,0,0,0,0,0,44,0,0
430531,Abyss,Meiy,DFM,Jett,6,0,1,0,0,0,0,0,0,69,0,2
430531,Abyss,Art,DFM,Sova,4,0,0,0,1,0,0,0,0,50,2,2
430531,Abyss,Akame,DFM,Kayo,0,0,0,0,0,0,0,0,0,34,3,0
430531,Abyss,gyen,DFM,Omen,5,3,0,0,1,0,0,0,0,86,2,1
430531,Abyss,Jinggg,PRX,Cypher,2,0,0,0,0,0,0,0,0,40,1,1
430531,Abyss,mindfreak,PRX,Omen,3,3,0,0,0,0,0,0,0,45,0,0
430531,Abyss,f0rsakeN,PRX,Sova,5,2,0,0,0,0,0,0,0,84,2,0
430531,Abyss,d4v41,PRX,Kayo,0,0,0,0,1,0,0,0,0,30,7,0
430531,Abyss,something,PRX,Jett,4,0,0,0,1,0,0,0,0,40,0,0
430531,Pearl,Jinboong,DFM,Killjoy,3,0,0,0,0,1,0,0,0,81,1,0
430531,Pearl,Meiy,DFM,Jett,4,2,0,0,0,0,1,0,0,90,0,0
430531,Pearl,Art,DFM,Tejo,0,3,0,0,0,0,0,0,0,65,2,0
430531,Pearl,Akame,DFM,Kayo,1,2,0,0,1,0,0,0,0,72,7,0
430531,Pearl,gyen,DFM,Astra,3,0,0,0,0,0,0,0,0,25,1,1
430531,Pearl,Jinggg,PRX,Phoenix,1,1,0,0,0,0,0,0,0,64,0,0
430531,Pearl,mindfreak,PRX,Astra,0,0,0,0,0,0,0,0,0,24,0,0
430531,Pearl,f0rsakeN,PRX,Killjoy,2,0,0,0,0,0,0,0,0,53,0,0
430531,Pearl,d4v41,PRX,Sova,2,0,0,0,0,0,0,0,0,45,1,0
430531,Pearl,something,PRX,Jett,2,0,0,0,1,0,0,0,0,62,0,1
430532,Lotus,Crws,TLN,Fade,2,0,0,0,0,0,0,0,0,37,3,0
430532,Lotus,Governor,TLN,Raze,1,0,0,0,0,0,0,0,0,44,1,1
430532,Lotus,ban,TLN,Deadlock,2,2,0,0,0,1,0,0,0,41,2,0
430532,Lotus,JitBoyS,TLN,Omen,2,1,0,0,0,0,0,0,0,49,0,1
430532,Lotus,primmie,TLN,Clove,8,0,1,0,1,0,0,0,0,76,0,1
430532,Lotus,Persia,NS,Omen,4,1,0,0,0,0,1,0,0,61,0,0
430532,Lotus,Dambi,NS,Neon,3,1,0,0,0,0,0,0,0,56,0,0
430532,Lotus,Francis,NS,Fade,4,1,0,0,1,0,0,0,0,71,8,0
430532,Lotus,Ivy,NS,Astra,5,0,0,0,1,1,0,0,0,65,0,1
430532,Lotus,margaret,NS,Vyse,3,0,0,0,0,0,0,0,0,45,0,0
430532,Bind,Crws,TLN,Fade,6,1,0,0,0,0,1,0,0,62,1,1
430532,Bind,Governor,TLN,Raze,2,0,0,0,0,0,0,0,0,33,1,1
430532,Bind,ban,TLN,Gekko,2,0,0,0,0,0,0,0,0,40,8,0
430532,Bind,JitBoyS,TLN,Astra,2,2,0,0,1,1,0,0,0,68,1,1
430532,Bind,primmie,TLN,Deadlock,4,0,0,0,0,0,0,0,0,54,0,1
430532,Bind,Persia,NS,Brimstone,2,0,1,0,0,0,0,0,0,50,8,0
430532,Bind,Dambi,NS,Neon,0,1,1,0,0,1,0,0,0,48,0,0
430532,Bind,Francis,NS,Fade,1,2,0,0,0,0,0,0,0,44,2,1
430532,Bind,Ivy,NS,Vyse,2,1,0,0,1,0,0,0,0,47,1,1
430532,Bind,margaret,NS,Viper,3,1,0,0,0,0,0,0,0,62,0,0
430532,Split,Crws,TLN,Skye,1,0,0,0,0,0,0,0,0,28,0,0
430532,Split,Governor,TLN,Raze,4,0,1,0,1,0,0,0,0,56,1,0
430532,Split,ban,TLN,Cypher,1,0,0,0,0,0,0,0,0,23,0,0
430532,Split,JitBoyS,TLN,Astra,6,1,0,0,0,0,0,0,0,80,2,1
430532,Split,primmie,TLN,Deadlock,4,2,1,0,1,0,0,0,0,110,2,1
430532,Split,Persia,NS,Astra,1,2,0,0,0,1,0,0,0,47,0,0
430532,Split,Dambi,NS,Neon,1,0,1,0,0,0,0,0,0,62,1,0
430532,Split,Francis,NS,Tejo,3,0,0,0,0,0,0,0,0,49,3,0
430532,Split,Ivy,NS,Breach,3,0,0,0,0,0,0,0,0,39,2,0
430532,Split,margaret,NS,Cypher,0,0,0,0,0,0,0,0,0,38,0,0
430533,Abyss,Munchkin,GEN,Kayo,1,1,1,0,0,0,0,0,0,53,3,1
430533,Abyss,t3xture,GEN,Jett,1,3,1,0,0,0,0,0,0,63,0,0
430533,Abyss,Foxy9,GEN,Cypher,1,0,0,0,1,1,0,0,0,39,0,0
430533,Abyss,yoman,GEN,Sova,1,2,0,0,0,0,0,0,0,66,4,1
430533,Abyss,Karon,GEN,Omen,3,2,0,0,0,0,0,0,0,72,2,0
430533,Abyss,Jinboong,DFM,Astra,1,0,0,0,0,0,0,0,0,28,1,0
430533,Abyss,Meiy,DFM,Jett,1,1,0,0,0,0,0,0,0,49,1,0
430533,Abyss,Art,DFM,Sova,2,1,0,0,0,0,0,0,0,57,2,1
430533,Abyss,Akame,DFM,Kayo,3,2,0,0,0,0,0,0,0,74,1,0
430533,Abyss,gyen,DFM,Omen,2,0,0,0,0,0,0,0,0,31,0,0
430533,Lotus,Munchkin,GEN,Viper,6,0,0,0,0,0,0,0,0,81,1,0
430533,Lotus,t3xture,GEN,Raze,0,1,0,0,0,0,0,0,0,56,1,0
430533,Lotus,Foxy9,GEN,Killjoy,3,2,0,0,0,0,0,0,0,91,0,2
430533,Lotus,yoman,GEN,Fade,4,0,0,0,0,0,0,0,0,41,2,0
430533,Lotus,Karon,GEN,Omen,3,0,0,0,0,0,0,0,0,51,0,0
430533,Lotus,Jinboong,DFM,Fade,1,1,0,0,0,0,0,0,0,36,1,0
430533,Lotus,Meiy,DFM,Raze,3,1,0,0,0,0,0,0,0,44,0,0
430533,Lotus,Art,DFM,Omen,2,0,0,0,0,0,0,0,0,35,3,0
430533,Lotus,Akame,DFM,Vyse,1,0,0,0,0,0,0,0,0,46,0,0
430533,Lotus,gyen,DFM,Astra,1,0,0,0,0,0,0,0,0,33,2,0
430524,Lotus,stax,T1,Sova,3,0,0,0,0,0,0,0,0,51,4,1
430524,Lotus,BuZz,T1,Raze,2,4,0,0,0,0,0,0,0,59,0,0
430524,Lotus,Meteor,T1,Iso,5,0,1,0,0,0,0,0,0,63,2,0
430524,Lotus,iZu,T1,Cypher,4,2,0,0,1,0,0,0,0,82,1,0
430524,Lotus,carpe,T1,Omen,0,1,0,0,0,0,0,0,0,38,0,1
430524,Lotus,free1ng,DRX,Tejo,3,2,0,0,0,0,0,0,0,51,3,1
430524,Lotus,MaKo,DRX,Omen,2,1,1,0,1,1,0,0,0,55,0,0
430524,Lotus,BeYN,DRX,Fade,2,0,0,0,1,0,0,0,0,43,1,0
430524,Lotus,HYUNMIN,DRX,Raze,7,2,0,0,0,1,0,0,0,53,1,1
430524,Lotus,Flashback,DRX,Vyse,2,0,0,0,0,0,0,0,0,28,1,0
430524,Haven,stax,T1,Sova,3,0,0,0,0,0,0,0,0,34,5,0
430524,Haven,BuZz,T1,Yoru,3,3,0,0,0,0,0,0,0,44,0,1
430524,Haven,Meteor,T1,Iso,2,2,1,0,0,0,0,0,0,55,0,0
430524,Haven,iZu,T1,Cypher,2,3,0,0,1,0,0,0,0,49,3,2
430524,Haven,carpe,T1,Omen,2,0,0,0,0,0,0,0,0,38,2,0
430524,Haven,free1ng,DRX,Tejo,5,3,0,0,1,0,0,0,0,65,5,1
430524,Haven,MaKo,DRX,Omen,3,2,0,0,0,2,0,0,0,46,2,1
430524,Haven,BeYN,DRX,Sova,1,0,0,0,0,0,0,0,0,30,3,0
430524,Haven,HYUNMIN,DRX,Jett,4,1,1,0,0,0,0,0,0,68,0,0
430524,Haven,Flashback,DRX,Cypher,3,1,0,0,0,0,1,0,0,41,1,1
430524,Fracture,stax,T1,Breach,2,0,0,0,1,0,0,0,0,44,7,1
430524,Fracture,BuZz,T1,Raze,3,2,1,0,1,0,0,0,0,67,0,0
430524,Fracture,Meteor,T1,Cypher,2,1,0,0,0,0,0,0,0,45,0,0
430524,Fracture,iZu,T1,Tejo,4,1,0,0,0,0,0,0,0,66,1,0
430524,Fracture,carpe,T1,Brimstone,3,1,0,0,0,0,0,0,0,59,1,1
430524,Fracture,free1ng,DRX,Tejo,0,0,0,0,0,0,0,0,0,36,0,2
430524,Fracture,MaKo,DRX,Brimstone,6,1,0,0,0,0,0,0,0,76,0,0
430524,Fracture,BeYN,DRX,Breach,3,0,0,0,0,0,0,0,0,41,7,0
430524,Fracture,HYUNMIN,DRX,Raze,4,1,0,1,0,1,0,0,0,76,0,0
430524,Fracture,Flashback,DRX,Vyse,3,0,1,0,0,1,0,0,0,33,0,2
430534,Bind,Crws,TLN,Fade,0,0,0,0,0,0,0,0,0,41,2,0
430534,Bind,Governor,TLN,Raze,0,0,0,0,0,0,0,0,0,31,0,0
430534,Bind,ban,TLN,Gekko,2,1,0,0,0,0,0,0,0,43,5,0
430534,Bind,JitBoyS,TLN,Astra,2,0,0,0,0,0,0,0,0,18,0,1
430534,Bind,primmie,TLN,Deadlock,3,2,0,0,1,0,0,0,0,50,0,1
430534,Bind,Munchkin,GEN,Viper,1,0,0,0,0,0,0,0,0,41,0,0
430534,Bind,t3xture,GEN,Raze,5,2,0,0,0,0,0,0,0,71,0,0
430534,Bind,Foxy9,GEN,Gekko,0,0,2,0,0,0,0,0,0,63,4,0
430534,Bind,yoman,GEN,Fade,1,2,0,0,0,0,0,0,0,62,1,1
430534,Bind,Karon,GEN,Brimstone,3,2,1,0,1,0,0,0,0,111,2,1
430534,Lotus,Crws,TLN,Fade,0,0,0,0,0,0,0,0,0,29,0,0
430534,Lotus,Governor,TLN,Raze,0,0,0,0,0,0,0,0,0,29,0,0
430534,Lotus,ban,TLN,Tejo,2,0,0,0,0,0,0,0,0,58,0,0
430534,Lotus,JitBoyS,TLN,Omen,0,1,0,0,1,0,0,0,0,48,0,0
430534,Lotus,primmie,TLN,Deadlock,2,1,0,0,0,0,0,0,0,75,1,0
430534,Lotus,Munchkin,GEN,Viper,1,2,1,0,0,0,0,0,0,57,0,0
430534,Lotus,t3xture,GEN,Raze,4,0,0,0,0,0,0,0,0,46,1,0
430534,Lotus,Foxy9,GEN,Killjoy,3,1,0,0,0,0,0,0,0,64,1,0
430534,Lotus,yoman,GEN,Fade,4,0,0,1,1,0,0,0,0,81,6,1
430534,Lotus,Karon,GEN,Omen,1,1,0,0,0,0,0,0,0,58,2,0
430535,Pearl,stax,T1,Sova,4,1,0,0,1,0,0,0,0,61,7,1
430535,Pearl,BuZz,T1,Neon,1,0,0,0,0,0,0,0,0,33,0,0
430535,Pearl,Meteor,T1,Killjoy,4,0,0,0,0,0,1,0,0,56,0,1
430535,Pearl,iZu,T1,Yoru,3,0,0,0,0,0,0,0,0,50,0,0
430535,Pearl,carpe,T1,Astra,3,1,0,0,1,0,0,0,0,68,1,2
430535,Pearl,Munchkin,GEN,Kayo,2,1,0,0,0,0,0,0,0,79,4,0
430535,Pearl,t3xture,GEN,Jett,4,0,0,0,0,0,0,0,0,43,0,0
430535,Pearl,Foxy9,GEN,Killjoy,3,0,0,0,0,0,0,0,0,46,0,0
430535,Pearl,yoman,GEN,Sova,1,1,0,0,0,0,0,0,0,39,3,0
430535,Pearl,Karon,GEN,Astra,5,0,0,0,1,0,0,0,0,71,1,0
430535,Lotus,stax,T1,Sova,0,1,0,0,0,0,0,0,0,63,5,1
430535,Lotus,BuZz,T1,Raze,5,0,0,0,0,0,0,0,0,65,1,0
430535,Lotus,Meteor,T1,Iso,4,2,0,0,1,0,0,0,0,56,1,0
430535,Lotus,iZu,T1,Cypher,5,0,0,0,0,0,0,0,0,68,0,0
430535,Lotus,carpe,T1,Omen,3,1,0,0,0,0,0,0,0,56,0,1
430535,Lotus,Munchkin,GEN,Viper,5,0,0,0,0,0,0,0,0,48,0,0
430535,Lotus,t3xture,GEN,Raze,1,1,0,0,0,0,0,0,0,24,1,0
430535,Lotus,Foxy9,GEN,Killjoy,5,0,0,0,1,0,0,0,0,56,1,1
430535,Lotus,yoman,GEN,Fade,1,1,0,0,0,0,0,0,0,46,2,0
430535,Lotus,Karon,GEN,Omen,1,1,1,0,0,0,0,0,0,54,0,0
430535,Haven,stax,T1,Sova,1,0,0,0,0,0,0,0,0,40,7,0
430535,Haven,BuZz,T1,Yoru,1,1,0,0,0,0,0,0,0,29,1,0
430535,Haven,Meteor,T1,Iso,2,1,0,0,0,0,0,0,0,58,0,0
430535,Haven,iZu,T1,Cypher,3,1,0,0,0,0,0,0,0,53,0,0
430535,Haven,carpe,T1,Omen,2,1,0,0,0,0,0,0,0,46,2,0
430535,Haven,Munchkin,GEN,Viper,2,3,0,0,1,0,0,0,0,100,0,2
430535,Haven,t3xture,GEN,Neon,3,1,0,0,0,0,0,0,0,58,0,0
430535,Haven,Foxy9,GEN,Killjoy,5,0,0,0,1,0,0,0,0,43,1,0
430535,Haven,yoman,GEN,Sova,2,1,0,0,0,0,0,0,0,53,2,2
430535,Haven,Karon,GEN,Omen,3,1,0,0,0,0,0,0,0,57,3,1
430535,Split,stax,T1,Fade,5,5,0,0,0,1,0,0,0,44,1,1
430535,Split,BuZz,T1,Raze,6,0,0,0,0,0,0,0,0,31,0,2
430535,Split,Meteor,T1,Yoru,0,3,0,0,0,0,0,0,0,34,1,0
430535,Split,iZu,T1,Viper,4,2,1,0,0,0,0,0,0,64,1,0
430535,Split,carpe,T1,Omen,3,1,0,0,1,0,0,0,0,34,3,0
430535,Split,Munchkin,GEN,Tejo,3,1,0,0,0,0,0,0,0,41,1,0
430535,Split,t3xture,GEN,Raze,7,3,0,1,0,2,0,0,0,54,0,1
430535,Split,Foxy9,GEN,Cypher,2,0,0,0,0,0,0,0,0,32,3,0
430535,Split,yoman,GEN,Breach,2,2,0,0,0,0,0,0,0,37,5,0
430535,Split,Karon,GEN,Astra,2,2,0,0,0,0,0,0,0,51,0,0
430535,Bind,stax,T1,Kayo,3,1,0,0,1,0,0,0,0,61,1,1
430535,Bind,BuZz,T1,Raze,2,2,0,0,0,0,0,0,0,38,0,0
430535,Bind,Meteor,T1,Vyse,4,0,0,0,0,0,0,0,0,38,0,0
430535,Bind,iZu,T1,Gekko,2,1,0,0,0,0,0,0,0,48,10,0
430535,Bind,carpe,T1,Brimstone,1,1,1,0,0,1,0,0,0,51,0,0
430535,Bind,Munchkin,GEN,Viper,3,0,1,0,0,0,0,0,0,36,1,0
430535,Bind,t3xture,GEN,Raze,7,0,0,1,0,0,0,0,0,53,0,0
430535,Bind,Foxy9,GEN,Gekko,3,0,0,0,0,0,0,0,0,45,6,1
430535,Bind,yoman,GEN,Fade,5,0,0,0,0,0,0,0,0,47,1,0
430535,Bind,Karon,GEN,Brimstone,4,0,0,0,0,0,0,0,0,69,0,1
430525,Abyss,free1ng,DRX,Tejo,4,0,1,1,0,0,0,0,0,100,1,3
430525,Abyss,MaKo,DRX,Astra,4,0,0,0,0,0,0,0,0,77,0,1
430525,Abyss,BeYN,DRX,Sova,2,1,1,0,0,0,0,0,0,83,2,1
430525,Abyss,HYUNMIN,DRX,Jett,2,0,0,0,0,0,0,0,0,45,0,0
430525,Abyss,Flashback,DRX,Cypher,3,0,1,0,0,0,0,0,0,51,1,0
430525,Abyss,stax,T1,Breach,1,0,0,0,0,0,0,0,0,33,6,0
430525,Abyss,BuZz,T1,Yoru,3,0,0,0,0,0,0,0,0,65,0,0
430525,Abyss,Meteor,T1,Cypher,0,0,0,0,1,0,0,0,0,31,0,1
430525,Abyss,iZu,T1,Sova,0,0,0,0,0,0,0,0,0,21,1,0
430525,Abyss,carpe,T1,Astra,2,0,0,0,0,0,0,0,0,38,0,0
430525,Lotus,free1ng,DRX,Tejo,0,2,0,0,1,0,0,0,0,73,5,0
430525,Lotus,MaKo,DRX,Omen,0,0,0,0,0,0,0,0,0,39,0,0
430525,Lotus,BeYN,DRX,Fade,0,0,0,0,0,0,0,0,0,40,4,0
430525,Lotus,HYUNMIN,DRX,Raze,2,2,0,0,0,0,0,0,0,43,1,0
430525,Lotus,Flashback,DRX,Viper,1,1,0,0,0,0,0,0,0,45,0,1
430525,Lotus,stax,T1,Sova,2,0,0,0,0,0,0,0,0,61,5,0
430525,Lotus,BuZz,T1,Raze,4,2,0,0,1,0,0,0,0,59,1,1
430525,Lotus,Meteor,T1,Iso,6,0,0,0,0,0,0,0,0,51,0,3
430525,Lotus,iZu,T1,Cypher,1,1,0,0,0,0,0,0,0,43,0,0
430525,Lotus,carpe,T1,Omen,2,1,0,0,0,0,0,0,0,75,1,1
430525,Fracture,free1ng,DRX,Tejo,3,0,0,0,0,1,0,0,0,66,0,1
430525,Fracture,MaKo,DRX,Brimstone,2,1,0,0,0,0,0,0,0,58,0,0
430525,Fracture,BeYN,DRX,Breach,4,0,0,0,0,0,0,0,0,47,7,0
430525,Fracture,HYUNMIN,DRX,Raze,2,2,0,0,0,0,0,0,0,45,0,0
430525,Fracture,Flashback,DRX,Vyse,1,1,1,0,0,0,0,0,0,50,0,0
430525,Fracture,stax,T1,Breach,1,1,0,0,0,0,0,0,0,48,4,0
430525,Fracture,BuZz,T1,Raze,3,1,0,0,0,0,0,0,0,70,0,0
430525,Fracture,Meteor,T1,Cypher,3,0,0,0,0,0,0,0,0,50,0,0
430525,Fracture,iZu,T1,Tejo,3,0,0,0,0,0,0,0,0,32,1,1
430525,Fracture,carpe,T1,Brimstone,2,0,1,0,0,0,0,0,0,43,0,1
430525,Bind,free1ng,DRX,Tejo,4,0,0,0,1,0,0,0,0,57,3,1
430525,Bind,MaKo,DRX,Brimstone,3,1,0,0,0,0,0,0,0,49,1,1
430525,Bind,BeYN,DRX,Kayo,2,0,0,0,1,0,0,0,0,31,3,0
430525,Bind,HYUNMIN,DRX,Raze,4,2,1,0,0,0,0,0,0,55,1,0
430525,Bind,Flashback,DRX,Viper,7,1,0,0,1,0,0,0,0,60,0,0
430525,Bind,stax,T1,Kayo,3,0,0,0,0,0,0,0,0,38,0,0
430525,Bind,BuZz,T1,Raze,5,1,1,0,0,0,0,0,0,80,1,0
430525,Bind,Meteor,T1,Vyse,1,2,0,0,0,1,0,0,0,54,1,0
430525,Bind,iZu,T1,Gekko,3,1,0,0,0,0,0,0,0,46,7,2
430525,Bind,carpe,T1,Brimstone,5,0,0,0,1,2,0,0,0,59,0,0
430525,Split,free1ng,DRX,Tejo,0,1,0,0,1,0,0,0,0,31,0,0
430525,Split,MaKo,DRX,Omen,3,1,0,0,0,0,0,0,0,74,1,0
430525,Split,BeYN,DRX,Breach,0,0,0,0,0,0,0,0,0,27,5,1
430525,Split,HYUNMIN,DRX,Raze,2,3,2,0,0,0,0,0,0,79,0,0
430525,Split,Flashback,DRX,Cypher,5,1,0,0,0,0,0,0,0,62,1,1
430525,Split,stax,T1,Skye,6,0,0,0,0,0,0,0,0,51,1,0
430525,Split,BuZz,T1,Raze,3,1,0,0,0,0,0,0,0,65,2,0
430525,Split,Meteor,T1,Chamber,2,0,0,0,0,0,0,0,0,36,1,0
430525,Split,iZu,T1,Viper,1,2,0,0,0,0,0,0,0,54,2,0
430525,Split,carpe,T1,Omen,2,0,0,0,0,0,0,0,0,24,2,0
