scraped_at,player,player_name,team,player_url,player_id,agents_played,agents_count,agents_display,rounds,rating,acs,kd_ratio,kast,adr,kpr,apr,fkpr,fdpr,hs_percent,cl_percent,clutches,k_max,kills,deaths,assists,first_kills,first_deaths
2025-08-23T23:17:16.931883,Karon,Karon,GEN,https://www.vlr.gg/player/34974/karon,34974,"['Brimstone', 'Omen', 'Astra']",3,"Brimstone, Omen, Astra",304,1.20,205.2,1.25,78%,135.9,0.74,0.45,0.05,0.08,32%,12%,4/33,24,224,179,138,14,24
2025-08-23T23:17:16.931883,Jemkin,Jemkin,RRQ,https://www.vlr.gg/player/24895/jemkin,24895,"['Jett', 'Brimstone', 'Raze']",3,"Jett, Brimstone, Raze",269,1.20,257.4,1.29,75%,164.2,0.91,0.22,0.22,0.16,27%,9%,2/22,38,245,190,60,59,42
2025-08-23T23:17:16.932900,Meiy,Meiy,DFM,https://www.vlr.gg/player/6672/meiy,6672,"['Jett', 'Yoru', 'Neon']",4,"Jett, Yoru, Neon, (+1)",180,1.19,240.4,1.21,72%,161.3,0.88,0.16,0.18,0.11,31%,28%,5/18,32,159,131,29,32,20
2025-08-23T23:17:16.932900,primmie,primmie,TLN,https://www.vlr.gg/player/25255/primmie,25255,"['Tejo', 'Deadlock', 'Clove']",4,"Tejo, Deadlock, Clove, (+1)",217,1.19,234.8,1.30,75%,152.2,0.87,0.19,0.05,0.06,36%,13%,3/23,25,189,145,42,11,13
2025-08-23T23:17:16.933882,free1ng,free1ng,DRX,https://www.vlr.gg/player/1916/free1ng,1916,['Tejo'],1,Tejo,297,1.16,222.2,1.24,75%,146.5,0.81,0.24,0.10,0.07,29%,18%,6/33,28,241,195,70,30,20
2025-08-23T23:17:16.933882,BerserX,BerserX,BME,https://www.vlr.gg/player/4874/berserx,4874,"['Killjoy', 'Vyse', 'Cypher']",3,"Killjoy, Vyse, Cypher",123,1.14,208.8,1.19,73%,145.1,0.75,0.18,0.07,0.09,25%,11%,2/19,22,92,77,22,9,11
2025-08-23T23:17:16.934903,Kushy,Kushy,RRQ,https://www.vlr.gg/player/4866/kushy,4866,"['Sova', 'Fade']",2,"Sova, Fade",269,1.14,222.2,1.14,74%,142.6,0.74,0.32,0.08,0.06,34%,17%,4/23,22,200,175,86,22,16
2025-08-23T23:17:16.934903,MaKo,MaKo,DRX,https://www.vlr.gg/player/4462/mako,4462,"['Omen', 'Astra', 'Brimstone']",3,"Omen, Astra, Brimstone",297,1.12,204.8,1.09,78%,134.8,0.71,0.48,0.09,0.09,26%,27%,8/30,25,210,193,143,26,27
2025-08-23T23:17:16.935898,f0rsakeN,f0rsakeN,PRX,https://www.vlr.gg/player/9801/f0rsaken,9801,"['Deadlock', 'Tejo', 'Skye']",6,"Deadlock, Tejo, Skye, (+3)",140,1.12,221.6,1.10,78%,148.5,0.79,0.38,0.09,0.09,35%,0%,0/12,24,111,101,53,13,12
2025-08-23T23:17:16.935898,Ivy,Ivy,NS,https://www.vlr.gg/player/31829/ivy,31829,"['Fade', 'Sova', 'Viper']",8,"Fade, Sova, Viper, (+5)",319,1.11,195.8,1.16,78%,124.4,0.73,0.35,0.07,0.05,30%,26%,12/47,35,232,200,112,22,16
2025-08-23T23:17:16.936883,HYUNMIN,HYUNMIN,DRX,https://www.vlr.gg/player/28400/hyunmin,28400,"['Raze', 'Jett']",2,"Raze, Jett",297,1.11,245.4,1.15,73%,165.5,0.86,0.16,0.22,0.13,28%,11%,2/18,29,255,221,49,65,40
2025-08-23T23:17:16.936883,Francis,Francis,NS,https://www.vlr.gg/player/31828/francis,31828,"['Kayo', 'Breach', 'Fade']",6,"Kayo, Breach, Fade, (+3)",319,1.10,218.8,1.07,76%,144.7,0.74,0.39,0.08,0.08,23%,11%,4/38,23,235,219,126,24,24
2025-08-23T23:17:16.936883,Kr1stal,Kr1stal,GE,https://www.vlr.gg/player/5796/kr1stal,5796,"['Sova', 'Fade', 'Tejo']",3,"Sova, Fade, Tejo",164,1.10,207.3,1.07,72%,139.0,0.70,0.28,0.10,0.09,24%,18%,4/22,19,115,107,46,17,14
2025-08-23T23:17:16.938319,JessieVash,JessieVash,TS,https://www.vlr.gg/player/2334/jessievash,2334,"['Sova', 'Cypher', 'Fade']",3,"Sova, Cypher, Fade",111,1.10,217.8,1.09,68%,155.5,0.78,0.23,0.07,0.06,36%,14%,3/22,22,87,80,25,8,7
2025-08-23T23:17:16.938319,Persia,Persia,NS,https://www.vlr.gg/player/4122/persia,4122,"['Astra', 'Omen', 'Brimstone']",3,"Astra, Omen, Brimstone",319,1.09,191.2,1.06,78%,125.5,0.68,0.47,0.05,0.06,27%,22%,8/37,35,216,203,151,17,19
2025-08-23T23:17:16.939340,JitBoyS,JitBoyS,TLN,https://www.vlr.gg/player/13788/jitboys,13788,"['Astra', 'Omen', 'Brimstone']",3,"Astra, Omen, Brimstone",217,1.09,190.2,1.08,73%,125.0,0.71,0.32,0.09,0.06,34%,20%,5/25,19,154,143,69,20,14
2025-08-23T23:17:16.939340,Estrella,Estrella,RRQ,https://www.vlr.gg/player/25025/estrella,25025,"['Kayo', 'Astra', 'Breach']",5,"Kayo, Astra, Breach, (+2)",269,1.08,181.4,1.04,77%,122.0,0.64,0.46,0.06,0.07,31%,20%,8/41,28,173,166,125,17,18
2025-08-23T23:17:16.939340,BuZz,BuZz,T1,https://www.vlr.gg/player/804/buzz,804,"['Neon', 'Raze', 'Yoru']",3,"Neon, Raze, Yoru",483,1.07,236.6,1.08,71%,154.8,0.81,0.21,0.21,0.16,19%,20%,7/35,28,391,362,101,100,76
2025-08-23T23:17:16.940333,Jinggg,Jinggg,PRX,https://www.vlr.gg/player/7378/jinggg,7378,"['Raze', 'Cypher', 'Phoenix']",3,"Raze, Cypher, Phoenix",140,1.04,218.1,1.10,71%,143.6,0.77,0.16,0.14,0.16,20%,8%,1/12,21,108,98,23,20,22
2025-08-23T23:17:16.941317,Dep,Dep,ZETA,https://www.vlr.gg/player/424/dep,424,"['Raze', 'Neon']",2,"Raze, Neon",83,1.04,227.0,1.03,64%,135.2,0.78,0.19,0.14,0.19,28%,33%,2/6,21,65,63,16,12,16
2025-08-23T23:17:16.941317,Famouz,Famouz,BME,https://www.vlr.gg/player/2348/famouz,2348,"['Neon', 'Raze']",2,"Neon, Raze",123,1.04,230.5,1.07,72%,142.9,0.79,0.20,0.20,0.20,13%,15%,2/13,24,97,91,24,24,24
2025-08-23T23:17:16.942338,Munchkin,Munchkin,GEN,https://www.vlr.gg/player/2489/munchkin,2489,"['Breach', 'Viper', 'Kayo']",4,"Breach, Viper, Kayo, (+1)",304,1.03,202.4,1.03,75%,130.3,0.67,0.37,0.10,0.09,24%,6%,2/31,22,205,199,113,30,26
2025-08-23T23:17:16.942338,carpe,carpe,T1,https://www.vlr.gg/player/31207/carpe,31207,"['Omen', 'Brimstone', 'Astra']",3,"Omen, Brimstone, Astra",297,1.02,180.8,0.91,75%,117.9,0.63,0.54,0.06,0.05,34%,14%,6/43,19,187,206,159,19,16
2025-08-23T23:17:16.943338,yoman,yoman,GEN,https://www.vlr.gg/player/25081/yoman,25081,"['Sova', 'Fade', 'Breach']",3,"Sova, Fade, Breach",304,1.00,172.1,1.00,74%,108.5,0.61,0.31,0.06,0.06,30%,6%,2/35,22,185,185,93,18,17
2025-08-23T23:17:16.944318,Akame,Akame,DFM,https://www.vlr.gg/player/13002/akame,13002,"['Kayo', 'Iso', 'Breach']",4,"Kayo, Iso, Breach, (+1)",180,1.00,201.9,0.94,76%,129.5,0.68,0.32,0.11,0.08,31%,12%,2/17,24,123,131,58,19,14
2025-08-23T23:17:16.944318,d4v41,d4v41,PRX,https://www.vlr.gg/player/9803/d4v41,9803,"['Clove', 'Killjoy', 'Sage']",6,"Clove, Killjoy, Sage, (+3)",140,1.00,194.0,0.99,79%,139.0,0.69,0.31,0.06,0.07,32%,13%,2/15,27,97,98,44,9,10
2025-08-23T23:17:16.945317,dos9,dos9,BME,https://www.vlr.gg/player/16215/dos9,16215,"['Astra', 'Brimstone', 'Omen']",3,"Astra, Brimstone, Omen",123,1.00,180.2,0.90,78%,114.6,0.63,0.41,0.07,0.04,28%,13%,3/23,20,77,86,50,9,5
2025-08-23T23:17:16.945317,iZu,iZu,T1,https://www.vlr.gg/player/29833/izu,29833,"['Yoru', 'Gekko', 'Raze']",7,"Yoru, Gekko, Raze, (+4)",483,1.00,183.5,1.02,72%,126.7,0.66,0.22,0.07,0.09,28%,10%,6/59,29,321,316,108,34,42
2025-08-23T23:17:16.946820,Papi,Papi,GE,https://www.vlr.gg/player/13219/papi,13219,"['Omen', 'Astra']",2,"Omen, Astra",164,1.00,174.0,0.99,73%,112.8,0.63,0.32,0.08,0.04,39%,19%,5/27,16,103,104,52,13,7
2025-08-23T23:17:16.946820,stax,stax,T1,https://www.vlr.gg/player/485/stax,485,"['Sova', 'Kayo', 'Breach']",5,"Sova, Kayo, Breach, (+2)",483,0.99,169.7,0.93,72%,116.8,0.60,0.39,0.06,0.06,26%,10%,6/62,28,292,314,190,27,29
2025-08-23T23:17:16.947825,Monyet,Monyet,RRQ,https://www.vlr.gg/player/8497/monyet,8497,"['Omen', 'Phoenix', 'Neon']",4,"Omen, Phoenix, Neon, (+1)",269,0.99,187.9,1.02,72%,120.3,0.67,0.32,0.07,0.12,31%,23%,3/13,27,179,175,87,18,31
2025-08-23T23:17:16.947825,t3xture,t3xture,GEN,https://www.vlr.gg/player/9196/t3xture,9196,"['Raze', 'Neon', 'Jett']",3,"Raze, Neon, Jett",304,0.99,222.4,1.12,65%,141.8,0.82,0.13,0.18,0.23,24%,18%,3/17,35,248,222,41,56,69
2025-08-23T23:17:16.948825,something,something,PRX,https://www.vlr.gg/player/17086/something,17086,"['Fade', 'Breach', 'Jett']",3,"Fade, Breach, Jett",140,0.98,210.4,1.01,72%,131.3,0.74,0.22,0.16,0.14,22%,14%,3/22,21,103,102,31,22,20
2025-08-23T23:17:16.948825,UdoTan,UdoTan,GE,https://www.vlr.gg/player/4428/udotan,4428,"['Jett', 'Raze', 'Deadlock']",3,"Jett, Raze, Deadlock",164,0.98,217.9,1.00,66%,138.5,0.76,0.13,0.13,0.20,26%,0%,0/8,23,125,125,22,22,32
2025-08-23T23:17:16.949828,Foxy9,Foxy9,GEN,https://www.vlr.gg/player/11600/foxy9,11600,"['Killjoy', 'Cypher', 'Gekko']",3,"Killjoy, Cypher, Gekko",304,0.97,194.5,1.03,66%,125.3,0.69,0.16,0.08,0.08,34%,21%,7/33,23,211,204,48,25,25
2025-08-23T23:17:16.949828,xffero,xffero,RRQ,https://www.vlr.gg/player/4871/xffero,4871,"['Astra', 'Vyse', 'Killjoy']",3,"Astra, Vyse, Killjoy",269,0.97,180.6,1.02,75%,121.3,0.66,0.25,0.09,0.09,27%,11%,4/35,31,177,173,68,23,23
2025-08-23T23:17:16.950828,margaret,margaret,NS,https://www.vlr.gg/player/33576/margaret,33576,"['Cypher', 'Killjoy', 'Vyse']",4,"Cypher, Killjoy, Vyse, (+1)",319,0.96,180.7,0.96,72%,122.0,0.65,0.23,0.13,0.08,28%,8%,3/36,31,206,215,73,43,27
2025-08-23T23:17:16.951458,BeYN,BeYN,DRX,https://www.vlr.gg/player/4678/beyn,4678,"['Fade', 'Sova', 'Breach']",4,"Fade, Sova, Breach, (+1)",297,0.95,159.9,0.88,75%,106.1,0.56,0.40,0.05,0.05,27%,9%,3/33,23,165,187,118,15,15
2025-08-23T23:17:16.951458,Flashback,Flashback,DRX,https://www.vlr.gg/player/35013/flashback,35013,"['Viper', 'Killjoy', 'Cypher']",4,"Viper, Killjoy, Cypher, (+1)",297,0.94,183.9,0.95,74%,121.8,0.63,0.25,0.08,0.11,24%,10%,4/39,22,188,197,74,25,34
2025-08-23T23:17:16.952462,Sylvan,Sylvan,T1,https://www.vlr.gg/player/4056/sylvan,4056,"['Astra', 'Brimstone', 'Omen']",3,"Astra, Brimstone, Omen",186,0.93,176.3,0.87,76%,118.7,0.60,0.53,0.05,0.11,26%,25%,5/20,19,111,128,98,10,20
2025-08-23T23:17:16.953464,Meteor,Meteor,T1,https://www.vlr.gg/player/13039/meteor,13039,"['Killjoy', 'Vyse', 'Chamber']",6,"Killjoy, Vyse, Chamber, (+3)",483,0.93,203.2,0.97,66%,136.6,0.72,0.18,0.10,0.13,28%,9%,4/46,25,346,357,86,50,61
2025-08-23T23:17:16.953464,Shiro,Shiro,BME,https://www.vlr.gg/player/10739/shiro,10739,"['Kayo', 'Tejo', 'Viper']",3,"Kayo, Tejo, Viper",123,0.92,174.5,0.82,75%,114.0,0.59,0.46,0.12,0.10,20%,14%,1/7,18,72,88,57,15,12
2025-08-23T23:17:16.954462,Jinboong,Jinboong,DFM,https://www.vlr.gg/player/4052/jinboong,4052,"['Astra', 'Killjoy', 'Cypher']",4,"Astra, Killjoy, Cypher, (+1)",180,0.92,169.6,0.92,70%,111.8,0.62,0.23,0.06,0.12,34%,13%,3/24,21,111,121,41,11,21
2025-08-23T23:17:16.954462,gyen,gyen,DFM,https://www.vlr.gg/player/48577/gyen,48577,"['Omen', 'Astra']",2,"Omen, Astra",180,0.91,168.0,0.90,66%,110.1,0.61,0.28,0.08,0.07,27%,11%,3/27,27,110,122,51,14,13
2025-08-23T23:17:16.955462,mindfreak,mindfreak,PRX,https://www.vlr.gg/player/9800/mindfreak,9800,"['Brimstone', 'Omen', 'Astra']",3,"Brimstone, Omen, Astra",140,0.90,168.6,0.83,70%,110.9,0.59,0.44,0.04,0.04,30%,13%,2/15,19,82,99,62,6,6
2025-08-23T23:17:16.955462,invy,invy,TS,https://www.vlr.gg/player/8504/invy,8504,"['Kayo', 'Deadlock', 'Vyse']",4,"Kayo, Deadlock, Vyse, (+1)",111,0.89,173.8,0.80,79%,117.1,0.59,0.45,0.05,0.06,32%,8%,1/12,22,66,83,50,6,7
2025-08-23T23:17:16.955462,ban,ban,TLN,https://www.vlr.gg/player/5129/ban,5129,"['Yoru', 'Viper', 'Deadlock']",6,"Yoru, Viper, Deadlock, (+3)",217,0.89,183.7,0.94,67%,117.4,0.64,0.20,0.10,0.12,34%,13%,4/31,19,139,148,44,22,27
2025-08-23T23:17:16.956965,Jremy,Jremy,TS,https://www.vlr.gg/player/7405/jremy,7405,"['Jett', 'Raze']",2,"Jett, Raze",111,0.89,215.3,1.00,61%,130.4,0.75,0.08,0.17,0.16,26%,14%,1/7,21,83,83,9,19,18
2025-08-23T23:17:16.957757,Deryeon,Deryeon,GE,https://www.vlr.gg/player/9152/deryeon,9152,"['Astra', 'Cypher', 'Killjoy']",4,"Astra, Cypher, Killjoy, (+1)",164,0.89,155.3,0.89,67%,107.4,0.58,0.18,0.07,0.12,26%,10%,2/20,18,95,107,29,11,19
2025-08-23T23:17:16.958105,Dambi,Dambi,NS,https://www.vlr.gg/player/31827/dambi,31827,"['Neon', 'Raze']",2,"Neon, Raze",319,0.87,218.5,0.88,73%,135.7,0.71,0.35,0.21,0.19,20%,20%,3/15,26,226,258,111,66,60
2025-08-23T23:17:16.959154,Art,Art,DFM,https://www.vlr.gg/player/10627/art,10627,"['Sova', 'Skye', 'Tejo']",4,"Sova, Skye, Tejo, (+1)",180,0.85,177.0,0.80,68%,115.6,0.58,0.30,0.08,0.12,19%,12%,2/17,16,104,130,54,14,21
2025-08-23T23:17:16.959154,kellyS,kellyS,GE,https://www.vlr.gg/player/7437/kellys,7437,"['Kayo', 'Deadlock', 'Vyse']",4,"Kayo, Deadlock, Vyse, (+1)",164,0.85,175.1,0.79,67%,118.4,0.59,0.32,0.08,0.09,25%,0%,0/9,24,97,123,52,13,14
2025-08-23T23:17:16.960190,2GE,2GE,TS,https://www.vlr.gg/player/9735/2ge,9735,"['Omen', 'Astra']",2,"Omen, Astra",111,0.84,166.0,0.81,72%,101.6,0.57,0.33,0.12,0.14,16%,14%,2/14,18,63,78,37,13,15
2025-08-23T23:17:16.960190,Wild0reoo,Wild0reoo,TS,https://www.vlr.gg/player/9740/wild0reoo,9740,"['Cypher', 'Skye', 'Killjoy']",4,"Cypher, Skye, Killjoy, (+1)",111,0.80,164.0,0.76,66%,112.8,0.53,0.14,0.09,0.07,33%,0%,0/11,17,59,78,16,10,8
2025-08-23T23:17:16.960857,SugarZ3ro,SugarZ3ro,ZETA,https://www.vlr.gg/player/6668/sugarz3ro,6668,"['Omen', 'Brimstone']",2,"Omen, Brimstone",83,0.80,175.8,0.72,72%,114.3,0.57,0.41,0.06,0.06,33%,17%,1/6,16,47,65,34,5,5
2025-08-23T23:17:16.961364,CLZ,CLZ,ZETA,https://www.vlr.gg/player/2615/clz,2615,['Breach'],1,Breach,83,0.78,142.0,0.65,70%,95.7,0.49,0.33,0.01,0.11,37%,14%,3/21,15,41,63,27,1,9
2025-08-23T23:17:16.961364,Crws,Crws,TLN,https://www.vlr.gg/player/3977/crws,3977,"['Breach', 'Sova', 'Fade']",4,"Breach, Sova, Fade, (+1)",217,0.75,146.1,0.71,69%,96.1,0.49,0.31,0.05,0.08,25%,14%,3/22,24,107,151,68,11,18
2025-08-23T23:17:16.961364,Governor,Governor,TLN,https://www.vlr.gg/player/3980/governor,3980,"['Raze', 'Neon', 'Sova']",3,"Raze, Neon, Sova",217,0.75,173.6,0.77,65%,111.6,0.58,0.16,0.17,0.20,19%,6%,1/17,18,126,163,35,36,44
2025-08-23T23:17:16.962657,SyouTa,SyouTa,ZETA,https://www.vlr.gg/player/12990/syouta,12990,"['Cypher', 'Chamber']",2,"Cypher, Chamber",83,0.75,177.8,0.76,61%,114.1,0.64,0.11,0.11,0.13,44%,12%,2/17,15,53,70,9,9,11
2025-08-23T23:17:16.963739,NcSlasher,NcSlasher,BME,https://www.vlr.gg/player/7043/ncslasher,7043,"['Fade', 'Breach']",2,"Fade, Breach",123,0.73,147.5,0.71,71%,97.3,0.52,0.33,0.02,0.07,31%,0%,0/9,14,64,90,40,3,9
2025-08-23T23:17:16.964445,Xdll,Xdll,ZETA,https://www.vlr.gg/player/25221/xdll,25221,"['Fade', 'Sova', 'Tejo']",3,"Fade, Sova, Tejo",83,0.70,174.0,0.70,59%,115.4,0.59,0.10,0.10,0.08,33%,0%,0/9,14,49,70,8,8,7
