match_id,map_name,map_order,score,winner,duration,picked_by
506930,Sunset,1,13 - 9,EDward Gaming,58:14,EDward Gaming
506930,Corrode,2,13 - 6,EDward Gaming,40:02,Titan Esports Club
506931,Bind,1,13 - 5,Guangzhou Huadu Bilibili Gaming(Bilibili Gaming),54:01,TYLOO
506931,Lotus,2,13 - 9,Guangzhou Huadu Bilibili Gaming(Bilibili Gaming),51:21,Guangzhou Huadu Bilibili Gaming(Bilibili Gaming)
506932,Sunset,1,13 - 3,All Gamers,-,Xi Lai Gaming
506932,Lotus,2,7 - 13,Xi Lai Gaming,-,All Gamers
506932,Ascent,3,3 - 13,Xi Lai Gaming,-,Decider
506933,Sunset,1,5 - 13,FunPlus Phoenix,55:01,FunPlus Phoenix
506933,Corrode,2,7 - 13,FunPlus Phoenix,49:28,Wolves Esports
506934,Lotus,1,13 - 8,Dragon Ranger Gaming,53:18,Dragon Ranger Gaming
506934,Icebox,2,12 - 14,Nova Esports,54:21,Nova Esports
506934,Ascent,3,13 - 5,Dragon Ranger Gaming,40:51,Decider
506935,Icebox,1,7 - 13,Trace Esports,1:00:18,JD Mall JDG Esports(JDG Esports)
506935,Lotus,2,13 - 4,JD Mall JDG Esports(JDG Esports),42:05,Trace Esports
506935,Haven,3,4 - 13,Trace Esports,41:24,Decider
506936,Corrode,1,7 - 13,TYLOO,1:01:04,TYLOO
506936,Bind,2,10 - 13,TYLOO,55:14,Trace Esports
506937,Haven,1,6 - 13,Nova Esports,59:30,Nova Esports
506937,Ascent,2,13 - 8,FunPlus Phoenix,46:48,FunPlus Phoenix
506937,Bind,3,13 - 6,FunPlus Phoenix,42:26,Decider
506938,Bind,1,13 - 2,All Gamers,49:51,Wolves Esports
506938,Corrode,2,13 - 4,All Gamers,39:04,All Gamers
506939,Sunset,1,7 - 13,Guangzhou Huadu Bilibili Gaming(Bilibili Gaming),56:51,Guangzhou Huadu Bilibili Gaming(Bilibili Gaming)
506939,Ascent,2,15 - 13,JD Mall JDG Esports(JDG Esports),1:08:29,JD Mall JDG Esports(JDG Esports)
506939,Icebox,3,4 - 13,Guangzhou Huadu Bilibili Gaming(Bilibili Gaming),39:50,Decider
506940,Haven,1,13 - 2,TYLOO,46:21,TYLOO
506940,Lotus,2,13 - 10,TYLOO,56:22,Titan Esports Club
506941,Sunset,1,13 - 8,Trace Esports,58:38,EDward Gaming
506941,Bind,2,11 - 13,EDward Gaming,54:49,Trace Esports
506941,Icebox,3,13 - 3,Trace Esports,37:46,Decider
506942,Lotus,1,5 - 13,All Gamers,51:09,Dragon Ranger Gaming
506942,Corrode,2,13 - 7,Dragon Ranger Gaming,44:21,All Gamers
506942,Sunset,3,13 - 10,Dragon Ranger Gaming,51:40,Decider
506943,Haven,1,13 - 9,Xi Lai Gaming,1:05:28,Xi Lai Gaming
506943,Lotus,2,13 - 8,Xi Lai Gaming,49:45,Wolves Esports
506945,Bind,1,9 - 13,Guangzhou Huadu Bilibili Gaming(Bilibili Gaming),1:08:37,Guangzhou Huadu Bilibili Gaming(Bilibili Gaming)
506945,Ascent,2,8 - 13,Guangzhou Huadu Bilibili Gaming(Bilibili Gaming),48:26,Titan Esports Club
506946,Haven,1,13 - 7,FunPlus Phoenix,1:00:15,Dragon Ranger Gaming
506946,Ascent,2,6 - 13,Dragon Ranger Gaming,44:14,FunPlus Phoenix
506946,Sunset,3,13 - 11,FunPlus Phoenix,50:26,Decider
506947,Haven,1,13 - 10,Nova Esports,1:13:29,Nova Esports
506947,Corrode,2,9 - 13,All Gamers,54:54,All Gamers
506947,Lotus,3,6 - 13,All Gamers,42:57,Decider
506948,Corrode,1,10 - 13,EDward Gaming,1:05:21,TYLOO
506948,Ascent,2,9 - 13,EDward Gaming,48:31,EDward Gaming
506949,Lotus,1,9 - 13,JD Mall JDG Esports(JDG Esports),1:05:28,JD Mall JDG Esports(JDG Esports)
506949,Haven,2,13 - 9,Titan Esports Club,48:07,Titan Esports Club
506949,Sunset,3,11 - 13,JD Mall JDG Esports(JDG Esports),53:38,Decider
506950,Haven,1,13 - 6,Guangzhou Huadu Bilibili Gaming(Bilibili Gaming),55:35,Trace Esports
506950,Icebox,2,13 - 15,Trace Esports,1:04:30,Guangzhou Huadu Bilibili Gaming(Bilibili Gaming)
506950,Ascent,3,6 - 13,Trace Esports,41:43,Decider
506951,Lotus,1,14 - 12,Wolves Esports,1:11:53,Dragon Ranger Gaming
506951,Icebox,2,11 - 13,Dragon Ranger Gaming,50:37,Wolves Esports
506951,Ascent,3,13 - 10,Wolves Esports,50:56,Decider
506952,Haven,1,13 - 8,Xi Lai Gaming,-,Xi Lai Gaming
506952,Sunset,2,14 - 12,Xi Lai Gaming,-,FunPlus Phoenix
506953,Sunset,1,10 - 13,Xi Lai Gaming,1:04:20,Xi Lai Gaming
506953,Haven,2,3 - 13,Xi Lai Gaming,32:21,Nova Esports
506954,Corrode,1,13 - 5,EDward Gaming,48:32,EDward Gaming
506954,Lotus,2,10 - 13,JD Mall JDG Esports(JDG Esports),51:45,JD Mall JDG Esports(JDG Esports)
506954,Haven,3,13 - 10,EDward Gaming,50:34,Decider
506955,Icebox,1,14 - 12,All Gamers,1:15:52,All Gamers
506955,Bind,2,13 - 8,All Gamers,50:43,FunPlus Phoenix
506956,Sunset,1,9 - 13,Titan Esports Club,1:01:51,Trace Esports
506956,Haven,2,7 - 13,Titan Esports Club,46:27,Titan Esports Club
506957,Haven,1,14 - 16,Wolves Esports,1:15:50,Nova Esports
506957,Corrode,2,13 - 6,Nova Esports,37:07,Wolves Esports
506957,Bind,3,13 - 10,Nova Esports,51:12,Decider
506958,Ascent,1,13 - 6,Dragon Ranger Gaming,54:45,Dragon Ranger Gaming
506958,Haven,2,4 - 13,Xi Lai Gaming,39:19,Xi Lai Gaming
506958,Lotus,3,13 - 6,Dragon Ranger Gaming,38:09,Decider
506959,Haven,1,7 - 13,JD Mall JDG Esports(JDG Esports),1:00:37,TYLOO
506959,Ascent,2,13 - 5,TYLOO,42:04,JD Mall JDG Esports(JDG Esports)
506959,Corrode,3,13 - 6,TYLOO,43:09,Decider
506960,Lotus,1,13 - 6,Guangzhou Huadu Bilibili Gaming(Bilibili Gaming),56:47,Guangzhou Huadu Bilibili Gaming(Bilibili Gaming)
506960,Sunset,2,15 - 13,Guangzhou Huadu Bilibili Gaming(Bilibili Gaming),1:06:37,EDward Gaming
527577,Lotus,1,3 - 13,TYLOO,53:59,All Gamers
527577,Icebox,2,11 - 13,TYLOO,55:59,TYLOO
527576,Lotus,1,12 - 14,Dragon Ranger Gaming,1:00:43,Dragon Ranger Gaming
527576,Corrode,2,10 - 13,Dragon Ranger Gaming,50:35,EDward Gaming
527584,Sunset,1,13 - 10,All Gamers,1:11:01,All Gamers
527584,Haven,2,3 - 13,FunPlus Phoenix,40:12,FunPlus Phoenix
527584,Icebox,3,13 - 6,All Gamers,46:41,Decider
527583,Lotus,1,7 - 13,Trace Esports,56:26,Trace Esports
527583,Sunset,2,13 - 10,EDward Gaming,50:24,EDward Gaming
527583,Ascent,3,13 - 11,EDward Gaming,57:00,Decider
527580,Bind,1,13 - 7,Guangzhou Huadu Bilibili Gaming(Bilibili Gaming),1:08:04,Guangzhou Huadu Bilibili Gaming(Bilibili Gaming)
527580,Icebox,2,9 - 13,TYLOO,49:53,TYLOO
527580,Lotus,3,13 - 5,Guangzhou Huadu Bilibili Gaming(Bilibili Gaming),-,Decider
527579,Lotus,1,12 - 14,Dragon Ranger Gaming,1:13:48,Dragon Ranger Gaming
527579,Bind,2,13 - 5,Xi Lai Gaming,39:07,Xi Lai Gaming
527579,Sunset,3,5 - 13,Dragon Ranger Gaming,36:52,Decider
527585,Haven,1,3 - 13,EDward Gaming,54:00,TYLOO
527585,Ascent,2,11 - 13,EDward Gaming,51:45,EDward Gaming
527586,Ascent,1,13 - 8,Xi Lai Gaming,1:04:48,Xi Lai Gaming
527586,Icebox,2,9 - 13,All Gamers,51:07,All Gamers
527586,Lotus,3,13 - 1,Xi Lai Gaming,34:53,Decider
536176,Abyss,1,10 - 13,Precise Defeat,-,Decider
527581,Haven,1,13 - 10,Dragon Ranger Gaming,58:22,Guangzhou Huadu Bilibili Gaming(Bilibili Gaming)
527581,Lotus,2,9 - 13,Guangzhou Huadu Bilibili Gaming(Bilibili Gaming),47:21,Dragon Ranger Gaming
527581,Sunset,3,13 - 11,Dragon Ranger Gaming,53:15,Decider
527587,Lotus,1,13 - 11,EDward Gaming,1:09:37,Xi Lai Gaming
527587,Corrode,2,13 - 5,EDward Gaming,38:20,EDward Gaming
527588,Bind,1,12 - 14,EDward Gaming,1:14:50,Guangzhou Huadu Bilibili Gaming(Bilibili Gaming)
527588,Haven,2,13 - 8,Guangzhou Huadu Bilibili Gaming(Bilibili Gaming),47:19,EDward Gaming
527588,Lotus,3,13 - 10,Guangzhou Huadu Bilibili Gaming(Bilibili Gaming),51:30,Guangzhou Huadu Bilibili Gaming(Bilibili Gaming)
527588,Ascent,4,13 - 7,Guangzhou Huadu Bilibili Gaming(Bilibili Gaming),43:09,EDward Gaming
527582,Sunset,1,13 - 2,Dragon Ranger Gaming,52:52,Dragon Ranger Gaming
527582,Haven,2,8 - 13,Guangzhou Huadu Bilibili Gaming(Bilibili Gaming),53:27,Guangzhou Huadu Bilibili Gaming(Bilibili Gaming)
527582,Corrode,3,10 - 13,Guangzhou Huadu Bilibili Gaming(Bilibili Gaming),50:40,Dragon Ranger Gaming
527582,Lotus,4,9 - 13,Guangzhou Huadu Bilibili Gaming(Bilibili Gaming),46:21,Guangzhou Huadu Bilibili Gaming(Bilibili Gaming)
