match_id,match_title,event,date,format,teams,score,maps_played,patch,pick_ban_info,match_url
506930,EDward Gaming vs Titan Esports Club,VCT 2025: China Stage 2,2025-07-03 07:00:00,Bo3,EDward Gaming vs Titan Esports Club,2 - 0,2,N/A,EDG ban Bind; TEC ban Haven; EDG pick Sunset; TEC pick Corrode; EDG ban Lotus; TEC ban Ascent; Icebox remains,https://www.vlr.gg/506930/edward-gaming-vs-titan-esports-club-vct-2025-china-stage-2-w1
506931,Guangzhou Huadu Bilibili Gaming(Bilibili Gaming) vs TYLOO,VCT 2025: China Stage 2,2025-07-04 07:00:00,Bo3,Guangzhou Huadu Bilibili Gaming(Bilibili Gaming) vs TYLOO,2 - 0,2,N/A,TYL ban Sunset; BLG ban Corrode; TYL pick Bind; BLG pick Lotus; TYL ban Ascent; BLG ban Haven; Icebox remains,https://www.vlr.gg/506931/bilibili-gaming-vs-tyloo-vct-2025-china-stage-2-w1
506932,All Gamers vs Xi Lai Gaming,VCT 2025: China Stage 2,2025-07-05 05:00:00,Bo3,All Gamers vs Xi Lai Gaming,1 - 2,3,N/A,XLG ban Corrode; AG ban Bind; XLG pick Sunset; AG pick Lotus; XLG ban Haven; AG ban Icebox; Ascent remains,https://www.vlr.gg/506932/all-gamers-vs-xi-lai-gaming-vct-2025-china-stage-2-w1
506933,Wolves Esports vs FunPlus Phoenix,VCT 2025: China Stage 2,2025-07-05 07:45:00,Bo3,Wolves Esports vs FunPlus Phoenix,0 - 2,2,N/A,FPX ban Lotus; WOL ban Haven; FPX pick Sunset; WOL pick Corrode; FPX ban Icebox; WOL ban Ascent; Bind remains,https://www.vlr.gg/506933/wolves-esports-vs-funplus-phoenix-vct-2025-china-stage-2-w1
506934,Dragon Ranger Gaming vs Nova Esports,VCT 2025: China Stage 2,2025-07-06 05:00:00,Bo3,Dragon Ranger Gaming vs Nova Esports,2 - 1,3,N/A,DRG ban Corrode; NOVA ban Bind; DRG pick Lotus; NOVA pick Icebox; DRG ban Haven; NOVA ban Sunset; Ascent remains,https://www.vlr.gg/506934/dragon-ranger-gaming-vs-nova-esports-vct-2025-china-stage-2-w1
506935,JD Mall JDG Esports(JDG Esports) vs Trace Esports,VCT 2025: China Stage 2,2025-07-06 08:05:00,Bo3,JD Mall JDG Esports(JDG Esports) vs Trace Esports,1 - 2,3,N/A,JDG ban Bind; TE ban Corrode; JDG pick Icebox; TE pick Lotus; JDG ban Sunset; TE ban Ascent; Haven remains,https://www.vlr.gg/506935/jdg-esports-vs-trace-esports-vct-2025-china-stage-2-w1
506936,Trace Esports vs TYLOO,VCT 2025: China Stage 2,2025-07-16 07:00:00,Bo3,Trace Esports vs TYLOO,0 - 2,2,N/A,TYL ban Sunset; TE ban Icebox; TYL pick Corrode; TE pick Bind; TYL ban Ascent; TE ban Lotus; Haven remains,https://www.vlr.gg/506936/trace-esports-vs-tyloo-vct-2025-china-stage-2-w2
506937,FunPlus Phoenix vs Nova Esports,VCT 2025: China Stage 2,2025-07-17 07:00:00,Bo3,FunPlus Phoenix vs Nova Esports,2 - 1,3,N/A,NOVA ban Sunset; FPX ban Icebox; NOVA pick Haven; FPX pick Ascent; NOVA ban Corrode; FPX ban Lotus; Bind remains,https://www.vlr.gg/506937/funplus-phoenix-vs-nova-esports-vct-2025-china-stage-2-w2
506938,All Gamers vs Wolves Esports,VCT 2025: China Stage 2,2025-07-18 05:00:00,Bo3,All Gamers vs Wolves Esports,2 - 0,2,N/A,WOL ban Sunset; AG ban Ascent; WOL pick Bind; AG pick Corrode; WOL ban Lotus; AG ban Icebox; Haven remains,https://www.vlr.gg/506938/all-gamers-vs-wolves-esports-vct-2025-china-stage-2-w2
506939,JD Mall JDG Esports(JDG Esports) vs Guangzhou Huadu Bilibili Gaming(Bilibili Gaming),VCT 2025: China Stage 2,2025-07-18 07:00:00,Bo3,JD Mall JDG Esports(JDG Esports) vs Guangzhou Huadu Bilibili Gaming(Bilibili Gaming),1 - 2,3,N/A,BLG ban Corrode; JDG ban Bind; BLG pick Sunset; JDG pick Ascent; BLG ban Haven; JDG ban Lotus; Icebox remains,https://www.vlr.gg/506939/jdg-esports-vs-bilibili-gaming-vct-2025-china-stage-2-w2
506940,TYLOO vs Titan Esports Club,VCT 2025: China Stage 2,2025-07-19 05:00:00,Bo3,TYLOO vs Titan Esports Club,2 - 0,2,N/A,TYL ban Sunset; TEC ban Corrode; TYL pick Haven; TEC pick Lotus; TYL ban Ascent; TEC ban Bind; Icebox remains,https://www.vlr.gg/506940/tyloo-vs-titan-esports-club-vct-2025-china-stage-2-w2
506941,Trace Esports vs EDward Gaming,VCT 2025: China Stage 2,2025-07-19 07:10:00,Bo3,Trace Esports vs EDward Gaming,2 - 1,3,N/A,EDG ban Haven; TE ban Corrode; EDG pick Sunset; TE pick Bind; EDG ban Ascent; TE ban Lotus; Icebox remains,https://www.vlr.gg/506941/trace-esports-vs-edward-gaming-vct-2025-china-stage-2-w2
506942,Dragon Ranger Gaming vs All Gamers,VCT 2025: China Stage 2,2025-07-20 05:00:00,Bo3,Dragon Ranger Gaming vs All Gamers,2 - 1,3,N/A,DRG ban Bind; AG ban Ascent; DRG pick Lotus; AG pick Corrode; DRG ban Haven; AG ban Icebox; Sunset remains,https://www.vlr.gg/506942/dragon-ranger-gaming-vs-all-gamers-vct-2025-china-stage-2-w2
506943,Xi Lai Gaming vs Wolves Esports,VCT 2025: China Stage 2,2025-07-20 08:10:00,Bo3,Xi Lai Gaming vs Wolves Esports,2 - 0,2,N/A,XLG ban Icebox; WOL ban Sunset; XLG pick Haven; WOL pick Lotus; XLG ban Corrode; WOL ban Ascent; Bind remains,https://www.vlr.gg/506943/xi-lai-gaming-vs-wolves-esports-vct-2025-china-stage-2-w2
506945,Titan Esports Club vs Guangzhou Huadu Bilibili Gaming(Bilibili Gaming),VCT 2025: China Stage 2,2025-07-23 07:00:00,Bo3,Titan Esports Club vs Guangzhou Huadu Bilibili Gaming(Bilibili Gaming),0 - 2,2,N/A,BLG ban Corrode; TEC ban Sunset; BLG pick Bind; TEC pick Ascent; BLG ban Icebox; TEC ban Haven; Lotus remains,https://www.vlr.gg/506945/titan-esports-club-vs-bilibili-gaming-vct-2025-china-stage-2-w3
506946,FunPlus Phoenix vs Dragon Ranger Gaming,VCT 2025: China Stage 2,2025-07-24 07:00:00,Bo3,FunPlus Phoenix vs Dragon Ranger Gaming,2 - 1,3,N/A,DRG ban Bind; FPX ban Lotus; DRG pick Haven; FPX pick Ascent; DRG ban Corrode; FPX ban Icebox; Sunset remains,https://www.vlr.gg/506946/funplus-phoenix-vs-dragon-ranger-gaming-vct-2025-china-stage-2-w3
506947,Nova Esports vs All Gamers,VCT 2025: China Stage 2,2025-07-25 05:00:00,Bo3,Nova Esports vs All Gamers,1 - 2,3,N/A,NOVA ban Sunset; AG ban Ascent; NOVA pick Haven; AG pick Corrode; NOVA ban Bind; AG ban Icebox; Lotus remains,https://www.vlr.gg/506947/nova-esports-vs-all-gamers-vct-2025-china-stage-2-w3
506948,TYLOO vs EDward Gaming,VCT 2025: China Stage 2,2025-07-25 08:30:00,Bo3,TYLOO vs EDward Gaming,0 - 2,2,N/A,TYL ban Sunset; EDG ban Icebox; TYL pick Corrode; EDG pick Ascent; TYL ban Bind; EDG ban Haven; Lotus remains,https://www.vlr.gg/506948/tyloo-vs-edward-gaming-vct-2025-china-stage-2-w3
506949,Titan Esports Club vs JD Mall JDG Esports(JDG Esports),VCT 2025: China Stage 2,2025-07-26 05:00:00,Bo3,Titan Esports Club vs JD Mall JDG Esports(JDG Esports),1 - 2,3,N/A,JDG ban Bind; TEC ban Corrode; JDG pick Lotus; TEC pick Haven; JDG ban Icebox; TEC ban Ascent; Sunset remains,https://www.vlr.gg/506949/titan-esports-club-vs-jdg-esports-vct-2025-china-stage-2-w3
506950,Guangzhou Huadu Bilibili Gaming(Bilibili Gaming) vs Trace Esports,VCT 2025: China Stage 2,2025-07-26 08:25:00,Bo3,Guangzhou Huadu Bilibili Gaming(Bilibili Gaming) vs Trace Esports,1 - 2,3,N/A,TE ban Lotus; BLG ban Corrode; TE pick Haven; BLG pick Icebox; TE ban Sunset; BLG ban Bind; Ascent remains,https://www.vlr.gg/506950/bilibili-gaming-vs-trace-esports-vct-2025-china-stage-2-w3
506951,Wolves Esports vs Dragon Ranger Gaming,VCT 2025: China Stage 2,2025-07-27 05:00:00,Bo3,Wolves Esports vs Dragon Ranger Gaming,2 - 1,3,N/A,DRG ban Bind; WOL ban Sunset; DRG pick Lotus; WOL pick Icebox; DRG ban Haven; WOL ban Corrode; Ascent remains,https://www.vlr.gg/506951/wolves-esports-vs-dragon-ranger-gaming-vct-2025-china-stage-2-w3
506952,Xi Lai Gaming vs FunPlus Phoenix,VCT 2025: China Stage 2,2025-07-27 08:35:00,Bo3,Xi Lai Gaming vs FunPlus Phoenix,2 - 0,2,N/A,XLG ban Corrode; FPX ban Lotus; XLG pick Haven; FPX pick Sunset; XLG ban Icebox; FPX ban Bind; Ascent remains,https://www.vlr.gg/506952/xi-lai-gaming-vs-funplus-phoenix-vct-2025-china-stage-2-w3
506953,Nova Esports vs Xi Lai Gaming,VCT 2025: China Stage 2,2025-07-31 05:00:00,Bo3,Nova Esports vs Xi Lai Gaming,0 - 2,2,N/A,XLG ban Corrode; NOVA ban Lotus; XLG pick Sunset; NOVA pick Haven; XLG ban Icebox; NOVA ban Ascent; Bind remains,https://www.vlr.gg/506953/nova-esports-vs-xi-lai-gaming-vct-2025-china-stage-2-w4
506954,EDward Gaming vs JD Mall JDG Esports(JDG Esports),VCT 2025: China Stage 2,2025-07-31 07:00:00,Bo3,EDward Gaming vs JD Mall JDG Esports(JDG Esports),2 - 1,3,N/A,EDG ban Icebox; JDG ban Bind; EDG pick Corrode; JDG pick Lotus; EDG ban Ascent; JDG ban Sunset; Haven remains,https://www.vlr.gg/506954/edward-gaming-vs-jdg-esports-vct-2025-china-stage-2-w4
506955,All Gamers vs FunPlus Phoenix,VCT 2025: China Stage 2,2025-08-01 05:00:00,Bo3,All Gamers vs FunPlus Phoenix,2 - 0,2,N/A,AG ban Ascent; FPX ban Lotus; AG pick Icebox; FPX pick Bind; AG ban Haven; FPX ban Corrode; Sunset remains,https://www.vlr.gg/506955/all-gamers-vs-funplus-phoenix-vct-2025-china-stage-2-w4
506956,Trace Esports vs Titan Esports Club,VCT 2025: China Stage 2,2025-08-01 07:40:00,Bo3,Trace Esports vs Titan Esports Club,0 - 2,2,N/A,TE ban Corrode; TEC ban Icebox; TE pick Sunset; TEC pick Haven; TE ban Bind; TEC ban Ascent; Lotus remains,https://www.vlr.gg/506956/trace-esports-vs-titan-esports-club-vct-2025-china-stage-2-w4
506957,Nova Esports vs Wolves Esports,VCT 2025: China Stage 2,2025-08-02 05:00:00,Bo3,Nova Esports vs Wolves Esports,2 - 1,3,N/A,NOVA ban Lotus; WOL ban Sunset; NOVA pick Haven; WOL pick Corrode; NOVA ban Ascent; WOL ban Icebox; Bind remains,https://www.vlr.gg/506957/nova-esports-vs-wolves-esports-vct-2025-china-stage-2-w4
506958,Dragon Ranger Gaming vs Xi Lai Gaming,VCT 2025: China Stage 2,2025-08-02 08:20:00,Bo3,Dragon Ranger Gaming vs Xi Lai Gaming,2 - 1,3,N/A,DRG ban Bind; XLG ban Corrode; DRG pick Ascent; XLG pick Haven; DRG ban Sunset; XLG ban Icebox; Lotus remains,https://www.vlr.gg/506958/dragon-ranger-gaming-vs-xi-lai-gaming-vct-2025-china-stage-2-w4
506959,TYLOO vs JD Mall JDG Esports(JDG Esports),VCT 2025: China Stage 2,2025-08-03 05:00:00,Bo3,TYLOO vs JD Mall JDG Esports(JDG Esports),2 - 1,3,N/A,TYL ban Sunset; JDG ban Bind; TYL pick Haven; JDG pick Ascent; TYL ban Lotus; JDG ban Icebox; Corrode remains,https://www.vlr.gg/506959/tyloo-vs-jdg-esports-vct-2025-china-stage-2-w4
506960,Guangzhou Huadu Bilibili Gaming(Bilibili Gaming) vs EDward Gaming,VCT 2025: China Stage 2,2025-08-03 08:00:00,Bo3,Guangzhou Huadu Bilibili Gaming(Bilibili Gaming) vs EDward Gaming,2 - 0,2,N/A,BLG ban Ascent; EDG ban Icebox; BLG pick Lotus; EDG pick Sunset; BLG ban Bind; EDG ban Corrode; Haven remains,https://www.vlr.gg/506960/bilibili-gaming-vs-edward-gaming-vct-2025-china-stage-2-w4
527577,All Gamers vs TYLOO,VCT 2025: China Stage 2,2025-08-09 05:00:00,Bo3,All Gamers vs TYLOO,0 - 2,2,N/A,AG ban Ascent; TYL ban Sunset; AG pick Lotus; TYL pick Icebox; AG ban Corrode; TYL ban Bind; Haven remains,https://www.vlr.gg/527577/all-gamers-vs-tyloo-vct-2025-china-stage-2-ubqf
527576,EDward Gaming vs Dragon Ranger Gaming,VCT 2025: China Stage 2,2025-08-09 07:20:00,Bo3,EDward Gaming vs Dragon Ranger Gaming,0 - 2,2,N/A,DRG ban Haven; EDG ban Icebox; DRG pick Lotus; EDG pick Corrode; DRG ban Sunset; EDG ban Bind; Ascent remains,https://www.vlr.gg/527576/edward-gaming-vs-dragon-ranger-gaming-vct-2025-china-stage-2-ubqf
527584,All Gamers vs FunPlus Phoenix,VCT 2025: China Stage 2,2025-08-10 05:00:00,Bo3,All Gamers vs FunPlus Phoenix,2 - 1,3,N/A,AG ban Ascent; FPX ban Lotus; AG pick Sunset; FPX pick Haven; AG ban Corrode; FPX ban Bind; Icebox remains,https://www.vlr.gg/527584/all-gamers-vs-funplus-phoenix-vct-2025-china-stage-2-lr1
527583,EDward Gaming vs Trace Esports,VCT 2025: China Stage 2,2025-08-10 08:15:00,Bo3,EDward Gaming vs Trace Esports,2 - 1,3,N/A,TE ban Corrode; EDG ban Icebox; TE pick Lotus; EDG pick Sunset; TE ban Haven; EDG ban Bind; Ascent remains,https://www.vlr.gg/527583/edward-gaming-vs-trace-esports-vct-2025-china-stage-2-lr1
527580,Guangzhou Huadu Bilibili Gaming(Bilibili Gaming) vs TYLOO,VCT 2025: China Stage 2,2025-08-20 05:00:00,Bo3,Guangzhou Huadu Bilibili Gaming(Bilibili Gaming) vs TYLOO,2 - 1,3,N/A,BLG ban Corrode; TYL ban Sunset; BLG pick Bind; TYL pick Icebox; BLG ban Ascent; TYL ban Haven; Lotus remains,https://www.vlr.gg/527580/bilibili-gaming-vs-tyloo-vct-2025-china-stage-2-ubsf
527579,Xi Lai Gaming vs Dragon Ranger Gaming,VCT 2025: China Stage 2,2025-08-20 08:20:00,Bo3,Xi Lai Gaming vs Dragon Ranger Gaming,1 - 2,3,N/A,DRG ban Haven; XLG ban Ascent; DRG pick Lotus; XLG pick Bind; DRG ban Icebox; XLG ban Corrode; Sunset remains,https://www.vlr.gg/527579/xi-lai-gaming-vs-dragon-ranger-gaming-vct-2025-china-stage-2-ubsf
527585,TYLOO vs EDward Gaming,VCT 2025: China Stage 2,2025-08-21 05:00:00,Bo3,TYLOO vs EDward Gaming,0 - 2,2,N/A,TYL ban Sunset; EDG ban Icebox; TYL pick Haven; EDG pick Ascent; TYL ban Corrode; EDG ban Bind; Lotus remains,https://www.vlr.gg/527585/tyloo-vs-edward-gaming-vct-2025-china-stage-2-lr2
527586,Xi Lai Gaming vs All Gamers,VCT 2025: China Stage 2,2025-08-21 07:10:00,Bo3,Xi Lai Gaming vs All Gamers,2 - 1,3,N/A,XLG ban Corrode; AG ban Haven; XLG pick Ascent; AG pick Icebox; XLG ban Sunset; AG ban Bind; Lotus remains,https://www.vlr.gg/527586/xi-lai-gaming-vs-all-gamers-vct-2025-china-stage-2-lr2
536176,Pure Aim vs Precise Defeat,VCT 2025: China Stage 2,2025-08-22 04:00:00,Bo1,Pure Aim vs Precise Defeat,0 - 1,1,N/A,N/A,https://www.vlr.gg/536176/pure-aim-vs-precise-defeat-vct-2025-china-stage-2-all-star-match
527581,Dragon Ranger Gaming vs Guangzhou Huadu Bilibili Gaming(Bilibili Gaming),VCT 2025: China Stage 2,2025-08-22 05:00:00,Bo3,Dragon Ranger Gaming vs Guangzhou Huadu Bilibili Gaming(Bilibili Gaming),2 - 1,3,N/A,BLG ban Corrode; DRG ban Bind; BLG pick Haven; DRG pick Lotus; BLG ban Ascent; DRG ban Icebox; Sunset remains,https://www.vlr.gg/527581/dragon-ranger-gaming-vs-bilibili-gaming-vct-2025-china-stage-2-ubf
527587,EDward Gaming vs Xi Lai Gaming,VCT 2025: China Stage 2,2025-08-22 08:40:00,Bo3,EDward Gaming vs Xi Lai Gaming,2 - 0,2,N/A,XLG ban Sunset; EDG ban Icebox; XLG pick Lotus; EDG pick Corrode; XLG ban Ascent; EDG ban Haven; Bind remains,https://www.vlr.gg/527587/edward-gaming-vs-xi-lai-gaming-vct-2025-china-stage-2-lr3
527588,Guangzhou Huadu Bilibili Gaming(Bilibili Gaming) vs EDward Gaming,VCT 2025: China Stage 2,2025-08-23 05:00:00,Bo5,Guangzhou Huadu Bilibili Gaming(Bilibili Gaming) vs EDward Gaming,3 - 1,4,N/A,BLG ban Corrode; EDG ban Icebox; BLG pick Bind; EDG pick Haven; BLG pick Lotus; EDG pick Ascent; Sunset remains,https://www.vlr.gg/527588/bilibili-gaming-vs-edward-gaming-vct-2025-china-stage-2-lbf
527582,Dragon Ranger Gaming vs Guangzhou Huadu Bilibili Gaming(Bilibili Gaming),VCT 2025: China Stage 2,2025-08-24 05:00:00,Bo5,Dragon Ranger Gaming vs Guangzhou Huadu Bilibili Gaming(Bilibili Gaming),1 - 3,4,N/A,DRG ban Bind; DRG ban Icebox; DRG pick Sunset; BLG pick Haven; DRG pick Corrode; BLG pick Lotus; Ascent remains,https://www.vlr.gg/527582/dragon-ranger-gaming-vs-bilibili-gaming-vct-2025-china-stage-2-gf
