scraped_at,date,match_url,match_id,time,team1,score1,team2,score2,score,winner,status,week,stage
2025-08-27T23:26:55.265665,"Thu, July 3, 2025",https://www.vlr.gg/506930/edward-gaming-vs-titan-esports-club-vct-2025-china-stage-2-w1,506930,4:30 PM,EDward Gaming,2,Titan Esports Club,0,2-0,EDward Gaming,Completed,Week 1,Group Stage
2025-08-27T23:26:55.367333,"Fri, July 4, 2025",https://www.vlr.gg/506931/bilibili-gaming-vs-tyloo-vct-2025-china-stage-2-w1,506931,4:30 PM,Bilibili Gaming,2,TYLOO,0,2-0,Bilibili Gaming,Completed,Week 1,Group Stage
2025-08-27T23:26:55.468324,"Sat, July 5, 2025",https://www.vlr.gg/506932/all-gamers-vs-xi-lai-gaming-vct-2025-china-stage-2-w1,506932,2:30 PM,All Gamers,1,Xi Lai Gaming,2,1-2,Xi Lai Gaming,Completed,Week 1,Group Stage
2025-08-27T23:26:55.569139,"Sat, July 5, 2025",https://www.vlr.gg/506933/wolves-esports-vs-funplus-phoenix-vct-2025-china-stage-2-w1,506933,5:15 PM,Wolves Esports,0,FunPlus Phoenix,2,0-2,FunPlus Phoenix,Completed,Week 1,Group Stage
2025-08-27T23:26:55.670151,"Sun, July 6, 2025",https://www.vlr.gg/506934/dragon-ranger-gaming-vs-nova-esports-vct-2025-china-stage-2-w1,506934,2:30 PM,Dragon Ranger Gaming,2,Nova Esports,1,2-1,Dragon Ranger Gaming,Completed,Week 1,Group Stage
2025-08-27T23:26:55.770985,"Sun, July 6, 2025",https://www.vlr.gg/506935/jdg-esports-vs-trace-esports-vct-2025-china-stage-2-w1,506935,5:35 PM,JDG Esports,1,Trace Esports,2,1-2,Trace Esports,Completed,Week 1,Group Stage
2025-08-27T23:26:55.871972,"Wed, July 16, 2025",https://www.vlr.gg/506936/trace-esports-vs-tyloo-vct-2025-china-stage-2-w2,506936,4:30 PM,Trace Esports,0,TYLOO,2,0-2,TYLOO,Completed,Week 2,Group Stage
2025-08-27T23:26:55.973584,"Thu, July 17, 2025",https://www.vlr.gg/506937/funplus-phoenix-vs-nova-esports-vct-2025-china-stage-2-w2,506937,4:30 PM,FunPlus Phoenix,2,Nova Esports,1,2-1,FunPlus Phoenix,Completed,Week 2,Group Stage
2025-08-27T23:26:56.074809,"Fri, July 18, 2025",https://www.vlr.gg/506938/all-gamers-vs-wolves-esports-vct-2025-china-stage-2-w2,506938,2:30 PM,All Gamers,2,Wolves Esports,0,2-0,All Gamers,Completed,Week 2,Group Stage
2025-08-27T23:26:56.176237,"Fri, July 18, 2025",https://www.vlr.gg/506939/jdg-esports-vs-bilibili-gaming-vct-2025-china-stage-2-w2,506939,4:30 PM,JDG Esports,1,Bilibili Gaming,2,1-2,Bilibili Gaming,Completed,Week 2,Group Stage
2025-08-27T23:26:56.277879,"Sat, July 19, 2025",https://www.vlr.gg/506940/tyloo-vs-titan-esports-club-vct-2025-china-stage-2-w2,506940,2:30 PM,TYLOO,2,Titan Esports Club,0,2-0,TYLOO,Completed,Week 2,Group Stage
2025-08-27T23:26:56.379144,"Sat, July 19, 2025",https://www.vlr.gg/506941/trace-esports-vs-edward-gaming-vct-2025-china-stage-2-w2,506941,4:40 PM,Trace Esports,2,EDward Gaming,1,2-1,Trace Esports,Completed,Week 2,Group Stage
2025-08-27T23:26:56.480638,"Sun, July 20, 2025",https://www.vlr.gg/506942/dragon-ranger-gaming-vs-all-gamers-vct-2025-china-stage-2-w2,506942,2:30 PM,Dragon Ranger Gaming,2,All Gamers,1,2-1,Dragon Ranger Gaming,Completed,Week 2,Group Stage
2025-08-27T23:26:56.581722,"Sun, July 20, 2025",https://www.vlr.gg/506943/xi-lai-gaming-vs-wolves-esports-vct-2025-china-stage-2-w2,506943,5:40 PM,Xi Lai Gaming,2,Wolves Esports,0,2-0,Xi Lai Gaming,Completed,Week 2,Group Stage
2025-08-27T23:26:56.683139,"Wed, July 23, 2025",https://www.vlr.gg/506945/titan-esports-club-vs-bilibili-gaming-vct-2025-china-stage-2-w3,506945,4:30 PM,Titan Esports Club,0,Bilibili Gaming,2,0-2,Bilibili Gaming,Completed,Week 3,Group Stage
2025-08-27T23:26:56.784220,"Thu, July 24, 2025",https://www.vlr.gg/506946/funplus-phoenix-vs-dragon-ranger-gaming-vct-2025-china-stage-2-w3,506946,4:30 PM,FunPlus Phoenix,2,Dragon Ranger Gaming,1,2-1,FunPlus Phoenix,Completed,Week 3,Group Stage
2025-08-27T23:26:56.885791,"Fri, July 25, 2025",https://www.vlr.gg/506947/nova-esports-vs-all-gamers-vct-2025-china-stage-2-w3,506947,2:30 PM,Nova Esports,1,All Gamers,2,1-2,All Gamers,Completed,Week 3,Group Stage
2025-08-27T23:26:56.986655,"Fri, July 25, 2025",https://www.vlr.gg/506948/tyloo-vs-edward-gaming-vct-2025-china-stage-2-w3,506948,6:00 PM,TYLOO,0,EDward Gaming,2,0-2,EDward Gaming,Completed,Week 3,Group Stage
2025-08-27T23:26:57.087603,"Sat, July 26, 2025",https://www.vlr.gg/506949/titan-esports-club-vs-jdg-esports-vct-2025-china-stage-2-w3,506949,2:30 PM,Titan Esports Club,1,JDG Esports,2,1-2,JDG Esports,Completed,Week 3,Group Stage
2025-08-27T23:26:57.189002,"Sat, July 26, 2025",https://www.vlr.gg/506950/bilibili-gaming-vs-trace-esports-vct-2025-china-stage-2-w3,506950,5:55 PM,Bilibili Gaming,1,Trace Esports,2,1-2,Trace Esports,Completed,Week 3,Group Stage
2025-08-27T23:26:57.290180,"Sun, July 27, 2025",https://www.vlr.gg/506951/wolves-esports-vs-dragon-ranger-gaming-vct-2025-china-stage-2-w3,506951,2:30 PM,Wolves Esports,2,Dragon Ranger Gaming,1,2-1,Wolves Esports,Completed,Week 3,Group Stage
2025-08-27T23:26:57.392252,"Sun, July 27, 2025",https://www.vlr.gg/506952/xi-lai-gaming-vs-funplus-phoenix-vct-2025-china-stage-2-w3,506952,6:05 PM,Xi Lai Gaming,2,FunPlus Phoenix,0,2-0,Xi Lai Gaming,Completed,Week 3,Group Stage
2025-08-27T23:26:57.493544,"Thu, July 31, 2025",https://www.vlr.gg/506953/nova-esports-vs-xi-lai-gaming-vct-2025-china-stage-2-w4,506953,2:30 PM,Nova Esports,0,Xi Lai Gaming,2,0-2,Xi Lai Gaming,Completed,Week 4,Group Stage
2025-08-27T23:26:57.594727,"Thu, July 31, 2025",https://www.vlr.gg/506954/edward-gaming-vs-jdg-esports-vct-2025-china-stage-2-w4,506954,4:30 PM,EDward Gaming,2,JDG Esports,1,2-1,EDward Gaming,Completed,Week 4,Group Stage
2025-08-27T23:26:57.696379,"Fri, August 1, 2025",https://www.vlr.gg/506955/all-gamers-vs-funplus-phoenix-vct-2025-china-stage-2-w4,506955,2:30 PM,All Gamers,2,FunPlus Phoenix,0,2-0,All Gamers,Completed,Week 4,Group Stage
2025-08-27T23:26:57.797202,"Fri, August 1, 2025",https://www.vlr.gg/506956/trace-esports-vs-titan-esports-club-vct-2025-china-stage-2-w4,506956,5:10 PM,Trace Esports,0,Titan Esports Club,2,0-2,Titan Esports Club,Completed,Week 4,Group Stage
2025-08-27T23:26:57.898241,"Sat, August 2, 2025",https://www.vlr.gg/506957/nova-esports-vs-wolves-esports-vct-2025-china-stage-2-w4,506957,2:30 PM,Nova Esports,2,Wolves Esports,1,2-1,Nova Esports,Completed,Week 4,Group Stage
2025-08-27T23:26:57.999450,"Sat, August 2, 2025",https://www.vlr.gg/506958/dragon-ranger-gaming-vs-xi-lai-gaming-vct-2025-china-stage-2-w4,506958,5:50 PM,Dragon Ranger Gaming,2,Xi Lai Gaming,1,2-1,Dragon Ranger Gaming,Completed,Week 4,Group Stage
2025-08-27T23:26:58.100534,"Sun, August 3, 2025",https://www.vlr.gg/506959/tyloo-vs-jdg-esports-vct-2025-china-stage-2-w4,506959,2:30 PM,TYLOO,2,JDG Esports,1,2-1,TYLOO,Completed,Week 4,Group Stage
2025-08-27T23:26:58.201485,"Sun, August 3, 2025",https://www.vlr.gg/506960/bilibili-gaming-vs-edward-gaming-vct-2025-china-stage-2-w4,506960,5:30 PM,Bilibili Gaming,2,EDward Gaming,0,2-0,Bilibili Gaming,Completed,Week 4,Group Stage
2025-08-27T23:26:58.302821,"Sat, August 9, 2025",https://www.vlr.gg/527577/all-gamers-vs-tyloo-vct-2025-china-stage-2-ubqf,527577,2:30 PM,All Gamers,0,TYLOO,2,0-2,TYLOO,Completed,Upper Quarterfinals,Playoffs
2025-08-27T23:26:58.405518,"Sat, August 9, 2025",https://www.vlr.gg/527576/edward-gaming-vs-dragon-ranger-gaming-vct-2025-china-stage-2-ubqf,527576,4:50 PM,EDward Gaming,0,Dragon Ranger Gaming,2,0-2,Dragon Ranger Gaming,Completed,Upper Quarterfinals,Playoffs
2025-08-27T23:26:58.506751,"Sun, August 10, 2025",https://www.vlr.gg/527584/all-gamers-vs-funplus-phoenix-vct-2025-china-stage-2-lr1,527584,2:30 PM,All Gamers,2,FunPlus Phoenix,1,2-1,All Gamers,Completed,Lower Round 1,Playoffs
2025-08-27T23:26:58.607706,"Sun, August 10, 2025",https://www.vlr.gg/527583/edward-gaming-vs-trace-esports-vct-2025-china-stage-2-lr1,527583,5:45 PM,EDward Gaming,2,Trace Esports,1,2-1,EDward Gaming,Completed,Lower Round 1,Playoffs
2025-08-27T23:26:58.708718,"Wed, August 20, 2025",https://www.vlr.gg/527580/bilibili-gaming-vs-tyloo-vct-2025-china-stage-2-ubsf,527580,2:30 PM,Bilibili Gaming,2,TYLOO,1,2-1,Bilibili Gaming,Completed,Upper Semifinals,Playoffs
2025-08-27T23:26:58.809977,"Wed, August 20, 2025",https://www.vlr.gg/527579/xi-lai-gaming-vs-dragon-ranger-gaming-vct-2025-china-stage-2-ubsf,527579,5:50 PM,Xi Lai Gaming,1,Dragon Ranger Gaming,2,1-2,Dragon Ranger Gaming,Completed,Upper Semifinals,Playoffs
2025-08-27T23:26:58.910915,"Thu, August 21, 2025",https://www.vlr.gg/527585/tyloo-vs-edward-gaming-vct-2025-china-stage-2-lr2,527585,2:30 PM,TYLOO,0,EDward Gaming,2,0-2,EDward Gaming,Completed,Lower Round 2,Playoffs
2025-08-27T23:26:59.012246,"Thu, August 21, 2025",https://www.vlr.gg/527586/xi-lai-gaming-vs-all-gamers-vct-2025-china-stage-2-lr2,527586,4:40 PM,Xi Lai Gaming,2,All Gamers,1,2-1,Xi Lai Gaming,Completed,Lower Round 2,Playoffs
2025-08-27T23:26:59.113326,"Fri, August 22, 2025",https://www.vlr.gg/536176/pure-aim-vs-precise-defeat-vct-2025-china-stage-2-all-star-match,536176,1:30 PM,Pure Aim,10,Precise Defeat,13,10-13,Precise Defeat,Completed,All-Star Match,Showmatch
2025-08-27T23:26:59.214604,"Fri, August 22, 2025",https://www.vlr.gg/527581/dragon-ranger-gaming-vs-bilibili-gaming-vct-2025-china-stage-2-ubf,527581,2:30 PM,Dragon Ranger Gaming,2,Bilibili Gaming,1,2-1,Dragon Ranger Gaming,Completed,Upper Final,Playoffs
2025-08-27T23:26:59.315390,"Fri, August 22, 2025",https://www.vlr.gg/527587/edward-gaming-vs-xi-lai-gaming-vct-2025-china-stage-2-lr3,527587,6:10 PM,EDward Gaming,2,Xi Lai Gaming,0,2-0,EDward Gaming,Completed,Lower Round 3,Playoffs
2025-08-27T23:26:59.417377,"Sat, August 23, 2025",https://www.vlr.gg/527588/bilibili-gaming-vs-edward-gaming-vct-2025-china-stage-2-lbf,527588,2:30 PM,Bilibili Gaming,3,EDward Gaming,1,3-1,Bilibili Gaming,Completed,Lower Final,Playoffs
2025-08-27T23:26:59.518254,"Sun, August 24, 2025",https://www.vlr.gg/527582/dragon-ranger-gaming-vs-bilibili-gaming-vct-2025-china-stage-2-gf,527582,2:30 PM,Dragon Ranger Gaming,1,Bilibili Gaming,3,1-3,Bilibili Gaming,Completed,Grand Final,Playoffs
