match_id,match_title,event,date,format,teams,score,maps_played,patch,pick_ban_info,match_url
459517,Cloud9 vs NRG,VCT 2025: Americas Stage 1,2025-03-21 17:00:00,Bo3,Cloud9 vs NRG,2 - 1,3,Patch 10.05,NRG ban Split; C9 ban Haven; NRG pick Lotus; C9 pick Fracture; NRG ban Icebox; C9 ban Ascent; Pearl remains,https://www.vlr.gg/459517/cloud9-vs-nrg-esports-champions-tour-2025-americas-stage-1-w1
459518,VISA KRÜ(KRÜ Esports) vs LOUD,VCT 2025: Americas Stage 1,2025-03-21 20:25:00,Bo3,VISA KRÜ(KRÜ Esports) vs LOUD,2 - 1,3,Patch 10.05,KRÜ ban Ascent; LOUD ban Icebox; KRÜ pick Fracture; LOUD pick Haven; KRÜ ban Pearl; LOUD ban Lotus; Split remains,https://www.vlr.gg/459518/kr-esports-vs-loud-champions-tour-2025-americas-stage-1-w1
459519,G2 Esports vs FURIA,VCT 2025: Americas Stage 1,2025-03-22 17:00:00,Bo3,G2 Esports vs FURIA,2 - 0,2,Patch 10.05,G2 ban Fracture; FUR ban Icebox; G2 pick Lotus; FUR pick Ascent; G2 ban Haven; FUR ban Pearl; Split remains,https://www.vlr.gg/459519/g2-esports-vs-furia-champions-tour-2025-americas-stage-1-w1
459520,MIBR vs LEVIATÁN,VCT 2025: Americas Stage 1,2025-03-22 19:25:00,Bo3,MIBR vs LEVIATÁN,2 - 0,2,Patch 10.05,LEV ban Pearl; MIBR ban Fracture; LEV pick Split; MIBR pick Icebox; LEV ban Lotus; MIBR ban Haven; Ascent remains,https://www.vlr.gg/459520/mibr-vs-leviat-n-champions-tour-2025-americas-stage-1-w1
459521,2Game Esports vs Evil Geniuses,VCT 2025: Americas Stage 1,2025-03-23 17:00:00,Bo3,2Game Esports vs Evil Geniuses,0 - 2,2,Patch 10.05,2G ban Fracture; EG ban Ascent; 2G pick Haven; EG pick Lotus; 2G ban Pearl; EG ban Icebox; Split remains,https://www.vlr.gg/459521/2game-esports-vs-evil-geniuses-champions-tour-2025-americas-stage-1-w1
459522,Sentinels vs 100 Thieves,VCT 2025: Americas Stage 1,2025-03-23 19:30:00,Bo3,Sentinels vs 100 Thieves,2 - 1,3,Patch 10.05,SEN ban Fracture; 100T ban Lotus; SEN pick Pearl; 100T pick Haven; SEN ban Ascent; 100T ban Icebox; Split remains,https://www.vlr.gg/459522/sentinels-vs-100-thieves-champions-tour-2025-americas-stage-1-w1
459523,NRG vs FURIA,VCT 2025: Americas Stage 1,2025-03-28 17:00:00,Bo3,NRG vs FURIA,2 - 1,3,Patch 10.05,NRG ban Split; FUR ban Icebox; NRG pick Lotus; FUR pick Pearl; NRG ban Haven; FUR ban Ascent; Fracture remains,https://www.vlr.gg/459523/nrg-esports-vs-furia-champions-tour-2025-americas-stage-1-w2
459524,Sentinels vs VISA KRÜ(KRÜ Esports),VCT 2025: Americas Stage 1,2025-03-28 20:00:00,Bo3,Sentinels vs VISA KRÜ(KRÜ Esports),0 - 2,2,Patch 10.05,SEN ban Fracture; KRÜ ban Pearl; SEN pick Lotus; KRÜ pick Icebox; SEN ban Ascent; KRÜ ban Haven; Split remains,https://www.vlr.gg/459524/sentinels-vs-kr-esports-champions-tour-2025-americas-stage-1-w2
459525,100 Thieves vs Evil Geniuses,VCT 2025: Americas Stage 1,2025-03-29 17:00:00,Bo3,100 Thieves vs Evil Geniuses,2 - 0,2,Patch 10.05,EG ban Ascent; 100T ban Lotus; EG pick Fracture; 100T pick Haven; EG ban Icebox; 100T ban Pearl; Split remains,https://www.vlr.gg/459525/100-thieves-vs-evil-geniuses-champions-tour-2025-americas-stage-1-w2
459526,G2 Esports vs MIBR,VCT 2025: Americas Stage 1,2025-03-29 19:15:00,Bo3,G2 Esports vs MIBR,2 - 1,3,Patch 10.05,MIBR ban Lotus; G2 ban Icebox; MIBR pick Pearl; G2 pick Haven; MIBR ban Fracture; G2 ban Split; Ascent remains,https://www.vlr.gg/459526/g2-esports-vs-mibr-champions-tour-2025-americas-stage-1-w2
459527,LOUD vs 2Game Esports,VCT 2025: Americas Stage 1,2025-03-30 17:00:00,Bo3,LOUD vs 2Game Esports,0 - 2,2,Patch 10.05,LOUD ban Ascent; 2G ban Fracture; LOUD pick Lotus; 2G pick Pearl; LOUD ban Haven; 2G ban Icebox; Split remains,https://www.vlr.gg/459527/loud-vs-2game-esports-champions-tour-2025-americas-stage-1-w2
459528,LEVIATÁN vs Cloud9,VCT 2025: Americas Stage 1,2025-03-30 19:50:00,Bo3,LEVIATÁN vs Cloud9,0 - 2,2,Patch 10.05,C9 ban Haven; LEV ban Fracture; C9 pick Split; LEV pick Ascent; C9 ban Icebox; LEV ban Pearl; Lotus remains,https://www.vlr.gg/459528/leviat-n-vs-cloud9-champions-tour-2025-americas-stage-1-w2
459529,Evil Geniuses vs Sentinels,VCT 2025: Americas Stage 1,2025-04-04 17:00:00,Bo3,Evil Geniuses vs Sentinels,0 - 2,2,Patch 10.06,EG ban Split; SEN ban Fracture; EG pick Haven; SEN pick Pearl; EG ban Icebox; SEN ban Ascent; Lotus remains,https://www.vlr.gg/459529/evil-geniuses-vs-sentinels-champions-tour-2025-americas-stage-1-w3
459530,100 Thieves vs LOUD,VCT 2025: Americas Stage 1,2025-04-04 19:10:00,Bo3,100 Thieves vs LOUD,2 - 1,3,Patch 10.06,100T ban Lotus; LOUD ban Ascent; 100T pick Haven; LOUD pick Icebox; 100T ban Pearl; LOUD ban Fracture; Split remains,https://www.vlr.gg/459530/100-thieves-vs-loud-champions-tour-2025-americas-stage-1-w3
459531,2Game Esports vs VISA KRÜ(KRÜ Esports),VCT 2025: Americas Stage 1,2025-04-05 17:00:00,Bo3,2Game Esports vs VISA KRÜ(KRÜ Esports),1 - 2,3,Patch 10.06,KRÜ ban Haven; 2G ban Fracture; KRÜ pick Icebox; 2G pick Ascent; KRÜ ban Split; 2G ban Lotus; Pearl remains,https://www.vlr.gg/459531/2game-esports-vs-kr-esports-champions-tour-2025-americas-stage-1-w3
459532,G2 Esports vs NRG,VCT 2025: Americas Stage 1,2025-04-05 20:10:00,Bo3,G2 Esports vs NRG,2 - 0,2,Patch 10.06,NRG ban Split; G2 ban Fracture; NRG pick Lotus; G2 pick Ascent; NRG ban Icebox; G2 ban Haven; Pearl remains,https://www.vlr.gg/459532/g2-esports-vs-nrg-esports-champions-tour-2025-americas-stage-1-w3
459533,FURIA vs LEVIATÁN,VCT 2025: Americas Stage 1,2025-04-06 17:00:00,Bo3,FURIA vs LEVIATÁN,0 - 2,2,Patch 10.06,FUR ban Fracture; LEV ban Lotus; FUR pick Ascent; LEV pick Pearl; FUR ban Icebox; LEV ban Split; Haven remains,https://www.vlr.gg/459533/furia-vs-leviat-n-champions-tour-2025-americas-stage-1-w3
459534,Cloud9 vs MIBR,VCT 2025: Americas Stage 1,2025-04-06 19:15:00,Bo3,Cloud9 vs MIBR,1 - 2,3,Patch 10.06,MIBR ban Fracture; C9 ban Icebox; MIBR pick Pearl; C9 pick Lotus; MIBR ban Split; C9 ban Ascent; Haven remains,https://www.vlr.gg/459534/cloud9-vs-mibr-champions-tour-2025-americas-stage-1-w3
459535,100 Thieves vs 2Game Esports,VCT 2025: Americas Stage 1,2025-04-11 17:00:00,Bo3,100 Thieves vs 2Game Esports,2 - 0,2,Patch 10.06,2G ban Fracture; 100T ban Lotus; 2G pick Ascent; 100T pick Icebox; 2G ban Haven; 100T ban Pearl; Split remains,https://www.vlr.gg/459535/100-thieves-vs-2game-esports-champions-tour-2025-americas-stage-1-w4
459536,G2 Esports vs LEVIATÁN,VCT 2025: Americas Stage 1,2025-04-11 19:30:00,Bo3,G2 Esports vs LEVIATÁN,2 - 1,3,Patch 10.06,G2 ban Icebox; LEV ban Ascent; G2 pick Lotus; LEV pick Fracture; G2 ban Pearl; LEV ban Split; Haven remains,https://www.vlr.gg/459536/g2-esports-vs-leviat-n-champions-tour-2025-americas-stage-1-w4
459537,FURIA vs Cloud9,VCT 2025: Americas Stage 1,2025-04-12 17:00:00,Bo3,FURIA vs Cloud9,0 - 2,2,Patch 10.06,FUR ban Fracture; C9 ban Haven; FUR pick Lotus; C9 pick Pearl; FUR ban Icebox; C9 ban Ascent; Split remains,https://www.vlr.gg/459537/furia-vs-cloud9-champions-tour-2025-americas-stage-1-w4
459538,Sentinels vs LOUD,VCT 2025: Americas Stage 1,2025-04-12 19:25:00,Bo3,Sentinels vs LOUD,2 - 1,3,Patch 10.06,SEN ban Fracture; LOUD ban Pearl; SEN pick Split; LOUD pick Lotus; SEN ban Icebox; LOUD ban Ascent; Haven remains,https://www.vlr.gg/459538/sentinels-vs-loud-champions-tour-2025-americas-stage-1-w4
459539,VISA KRÜ(KRÜ Esports) vs Evil Geniuses,VCT 2025: Americas Stage 1,2025-04-13 17:00:00,Bo3,VISA KRÜ(KRÜ Esports) vs Evil Geniuses,0 - 2,2,Patch 10.06,KRÜ ban Fracture; EG ban Icebox; KRÜ pick Lotus; EG pick Pearl; KRÜ ban Ascent; EG ban Haven; Split remains,https://www.vlr.gg/459539/kr-esports-vs-evil-geniuses-champions-tour-2025-americas-stage-1-w4
459540,NRG vs MIBR,VCT 2025: Americas Stage 1,2025-04-13 19:10:00,Bo3,NRG vs MIBR,0 - 2,2,Patch 10.06,NRG ban Split; MIBR ban Fracture; NRG pick Haven; MIBR pick Icebox; NRG ban Lotus; MIBR ban Ascent; Pearl remains,https://www.vlr.gg/459540/nrg-esports-vs-mibr-champions-tour-2025-americas-stage-1-w4
459541,G2 Esports vs Cloud9,VCT 2025: Americas Stage 1,2025-04-18 17:00:00,Bo3,G2 Esports vs Cloud9,2 - 1,3,Patch 10.07,C9 ban Lotus; G2 ban Fracture; C9 pick Icebox; G2 pick Haven; C9 ban Split; G2 ban Ascent; Pearl remains,https://www.vlr.gg/459541/g2-esports-vs-cloud9-champions-tour-2025-americas-stage-1-w5
459542,MIBR vs FURIA,VCT 2025: Americas Stage 1,2025-04-18 20:00:00,Bo3,MIBR vs FURIA,2 - 1,3,Patch 10.07,MIBR ban Fracture; FUR ban Pearl; MIBR pick Icebox; FUR pick Ascent; MIBR ban Lotus; FUR ban Haven; Split remains,https://www.vlr.gg/459542/mibr-vs-furia-champions-tour-2025-americas-stage-1-w5
459543,Sentinels vs 2Game Esports,VCT 2025: Americas Stage 1,2025-04-19 17:00:00,Bo3,Sentinels vs 2Game Esports,2 - 0,2,Patch 10.07,2G ban Fracture; SEN ban Ascent; 2G pick Haven; SEN pick Pearl; 2G ban Lotus; SEN ban Icebox; Split remains,https://www.vlr.gg/459543/sentinels-vs-2game-esports-champions-tour-2025-americas-stage-1-w5
459544,VISA KRÜ(KRÜ Esports) vs 100 Thieves,VCT 2025: Americas Stage 1,2025-04-19 19:10:00,Bo3,VISA KRÜ(KRÜ Esports) vs 100 Thieves,2 - 0,2,Patch 10.07,100T ban Lotus; KRÜ ban Haven; 100T pick Fracture; KRÜ pick Icebox; 100T ban Pearl; KRÜ ban Ascent; Split remains,https://www.vlr.gg/459544/kr-esports-vs-100-thieves-champions-tour-2025-americas-stage-1-w5
459545,Evil Geniuses vs LOUD,VCT 2025: Americas Stage 1,2025-04-20 17:00:00,Bo3,Evil Geniuses vs LOUD,2 - 1,3,Patch 10.07,LOUD ban Ascent; EG ban Haven; LOUD pick Lotus; EG pick Pearl; LOUD ban Fracture; EG ban Icebox; Split remains,https://www.vlr.gg/459545/evil-geniuses-vs-loud-champions-tour-2025-americas-stage-1-w5
459546,LEVIATÁN vs NRG,VCT 2025: Americas Stage 1,2025-04-20 21:00:00,Bo3,LEVIATÁN vs NRG,0 - 2,2,Patch 10.07,NRG ban Split; LEV ban Pearl; NRG pick Fracture; LEV pick Icebox; NRG ban Haven; LEV ban Ascent; Lotus remains,https://www.vlr.gg/459546/leviat-n-vs-nrg-esports-champions-tour-2025-americas-stage-1-w5
475897,MIBR vs 100 Thieves,VCT 2025: Americas Stage 1,2025-04-24 17:00:00,Bo3,MIBR vs 100 Thieves,2 - 0,2,Patch 10.07,100T ban Lotus; MIBR ban Fracture; 100T pick Split; MIBR pick Icebox; 100T ban Pearl; MIBR ban Ascent; Haven remains,https://www.vlr.gg/475897/mibr-vs-100-thieves-champions-tour-2025-americas-stage-1-ubr1
475898,Sentinels vs Cloud9,VCT 2025: Americas Stage 1,2025-04-24 19:15:00,Bo3,Sentinels vs Cloud9,2 - 0,2,Patch 10.07,C9 ban Split; SEN ban Fracture; C9 pick Ascent; SEN pick Pearl; C9 ban Haven; SEN ban Lotus; Icebox remains,https://www.vlr.gg/475898/sentinels-vs-cloud9-champions-tour-2025-americas-stage-1-ubr1
475903,100 Thieves vs NRG,VCT 2025: Americas Stage 1,2025-04-25 17:00:00,Bo3,100 Thieves vs NRG,2 - 0,2,Patch 10.07,100T ban Lotus; NRG ban Split; 100T pick Fracture; NRG pick Haven; 100T ban Pearl; NRG ban Ascent; Icebox remains,https://www.vlr.gg/475903/100-thieves-vs-nrg-esports-champions-tour-2025-americas-stage-1-lr1
475904,Cloud9 vs Evil Geniuses,VCT 2025: Americas Stage 1,2025-04-25 19:15:00,Bo3,Cloud9 vs Evil Geniuses,0 - 2,2,Patch 10.07,EG ban Haven; C9 ban Lotus; EG pick Fracture; C9 pick Icebox; EG ban Ascent; C9 ban Pearl; Split remains,https://www.vlr.gg/475904/cloud9-vs-evil-geniuses-champions-tour-2025-americas-stage-1-lr1
475899,VISA KRÜ(KRÜ Esports) vs MIBR,VCT 2025: Americas Stage 1,2025-04-26 17:00:00,Bo3,VISA KRÜ(KRÜ Esports) vs MIBR,0 - 2,2,Patch 10.07,KRÜ ban Pearl; MIBR ban Fracture; KRÜ pick Lotus; MIBR pick Icebox; KRÜ ban Haven; MIBR ban Split; Ascent remains,https://www.vlr.gg/475899/kr-esports-vs-mibr-champions-tour-2025-americas-stage-1-ubsf
475900,G2 Esports vs Sentinels,VCT 2025: Americas Stage 1,2025-04-26 19:05:00,Bo3,G2 Esports vs Sentinels,1 - 2,3,Patch 10.07,SEN ban Fracture; G2 ban Haven; SEN pick Split; G2 pick Icebox; SEN ban Lotus; G2 ban Pearl; Ascent remains,https://www.vlr.gg/475900/g2-esports-vs-sentinels-champions-tour-2025-americas-stage-1-ubsf
475906,VISA KRÜ(KRÜ Esports) vs Evil Geniuses,VCT 2025: Americas Stage 1,2025-04-27 17:00:00,Bo3,VISA KRÜ(KRÜ Esports) vs Evil Geniuses,0 - 2,2,Patch 10.07,EG ban Haven; KRÜ ban Pearl; EG pick Lotus; KRÜ pick Icebox; EG ban Ascent; KRÜ ban Fracture; Split remains,https://www.vlr.gg/475906/kr-esports-vs-evil-geniuses-champions-tour-2025-americas-stage-1-lr2
475905,G2 Esports vs 100 Thieves,VCT 2025: Americas Stage 1,2025-04-27 19:40:00,Bo3,G2 Esports vs 100 Thieves,2 - 1,3,Patch 10.07,100T ban Lotus; G2 ban Fracture; 100T pick Haven; G2 pick Split; 100T ban Ascent; G2 ban Icebox; Pearl remains,https://www.vlr.gg/475905/g2-esports-vs-100-thieves-champions-tour-2025-americas-stage-1-lr2
475901,MIBR vs Sentinels,VCT 2025: Americas Stage 1,2025-05-02 17:00:00,Bo3,MIBR vs Sentinels,0 - 2,2,Patch 10.07,MIBR ban Pearl; SEN ban Icebox; MIBR pick Lotus; SEN pick Split; MIBR ban Ascent; SEN ban Fracture; Haven remains,https://www.vlr.gg/475901/mibr-vs-sentinels-champions-tour-2025-americas-stage-1-ubf
475907,G2 Esports vs Evil Geniuses,VCT 2025: Americas Stage 1,2025-05-02 19:50:00,Bo3,G2 Esports vs Evil Geniuses,2 - 1,3,Patch 10.07,EG ban Haven; G2 ban Fracture; EG pick Lotus; G2 pick Split; EG ban Icebox; G2 ban Ascent; Pearl remains,https://www.vlr.gg/475907/g2-esports-vs-evil-geniuses-champions-tour-2025-americas-stage-1-lr3
475908,MIBR vs G2 Esports,VCT 2025: Americas Stage 1,2025-05-03 17:00:00,Bo5,MIBR vs G2 Esports,1 - 3,4,Patch 10.07,MIBR ban Pearl; G2 ban Icebox; MIBR pick Haven; G2 pick Lotus; MIBR pick Split; G2 pick Ascent; Fracture remains,https://www.vlr.gg/475908/mibr-vs-g2-esports-champions-tour-2025-americas-stage-1-lbf
475902,Sentinels vs G2 Esports,VCT 2025: Americas Stage 1,2025-05-04 17:00:00,Bo5,Sentinels vs G2 Esports,1 - 3,4,Patch 10.07,SEN ban Fracture; SEN ban Lotus; SEN pick Haven; G2 pick Split; SEN pick Pearl; G2 pick Ascent; Icebox remains,https://www.vlr.gg/475902/sentinels-vs-g2-esports-champions-tour-2025-americas-stage-1-gf
