scraped_at,date,match_url,match_id,time,team1,score1,team2,score2,score,winner,status,week,stage
2025-08-27T19:13:07.860922,"Sat, March 22, 2025",https://www.vlr.gg/459517/cloud9-vs-nrg-esports-champions-tour-2025-americas-stage-1-w1,459517,2:30 AM,Cloud9,2,NRG,1,2-1,Cloud9,Completed,Week 1,Group Stage
2025-08-27T19:13:07.962805,"Sat, March 22, 2025",https://www.vlr.gg/459518/kr-esports-vs-loud-champions-tour-2025-americas-stage-1-w1,459518,5:55 AM,KRÜ Esports,2,LOUD,1,2-1,KRÜ Esports,Completed,Week 1,Group Stage
2025-08-27T19:13:08.064970,"Sun, March 23, 2025",https://www.vlr.gg/459519/g2-esports-vs-furia-champions-tour-2025-americas-stage-1-w1,459519,2:30 AM,G2 Esports,2,FURIA,0,2-0,G2 Esports,Completed,Week 1,Group Stage
2025-08-27T19:13:08.166092,"Sun, March 23, 2025",https://www.vlr.gg/459520/mibr-vs-leviat-n-champions-tour-2025-americas-stage-1-w1,459520,4:55 AM,MIBR,2,LEVIATÁN,0,2-0,MIBR,Completed,Week 1,Group Stage
2025-08-27T19:13:08.267690,"Mon, March 24, 2025",https://www.vlr.gg/459521/2game-esports-vs-evil-geniuses-champions-tour-2025-americas-stage-1-w1,459521,2:30 AM,2Game Esports,0,Evil Geniuses,2,0-2,Evil Geniuses,Completed,Week 1,Group Stage
2025-08-27T19:13:08.368779,"Mon, March 24, 2025",https://www.vlr.gg/459522/sentinels-vs-100-thieves-champions-tour-2025-americas-stage-1-w1,459522,5:00 AM,Sentinels,2,100 Thieves,1,2-1,Sentinels,Completed,Week 1,Group Stage
2025-08-27T19:13:08.470055,"Sat, March 29, 2025",https://www.vlr.gg/459523/nrg-esports-vs-furia-champions-tour-2025-americas-stage-1-w2,459523,2:30 AM,NRG,2,FURIA,1,2-1,NRG,Completed,Week 2,Group Stage
2025-08-27T19:13:08.571303,"Sat, March 29, 2025",https://www.vlr.gg/459524/sentinels-vs-kr-esports-champions-tour-2025-americas-stage-1-w2,459524,5:30 AM,Sentinels,0,KRÜ Esports,2,0-2,KRÜ Esports,Completed,Week 2,Group Stage
2025-08-27T19:13:08.672606,"Sun, March 30, 2025",https://www.vlr.gg/459525/100-thieves-vs-evil-geniuses-champions-tour-2025-americas-stage-1-w2,459525,2:30 AM,100 Thieves,2,Evil Geniuses,0,2-0,100 Thieves,Completed,Week 2,Group Stage
2025-08-27T19:13:08.773808,"Sun, March 30, 2025",https://www.vlr.gg/459526/g2-esports-vs-mibr-champions-tour-2025-americas-stage-1-w2,459526,4:45 AM,G2 Esports,2,MIBR,1,2-1,G2 Esports,Completed,Week 2,Group Stage
2025-08-27T19:13:08.877050,"Mon, March 31, 2025",https://www.vlr.gg/459527/loud-vs-2game-esports-champions-tour-2025-americas-stage-1-w2,459527,2:30 AM,LOUD,0,2Game Esports,2,0-2,2Game Esports,Completed,Week 2,Group Stage
2025-08-27T19:13:08.979467,"Mon, March 31, 2025",https://www.vlr.gg/459528/leviat-n-vs-cloud9-champions-tour-2025-americas-stage-1-w2,459528,5:20 AM,LEVIATÁN,0,Cloud9,2,0-2,Cloud9,Completed,Week 2,Group Stage
2025-08-27T19:13:09.082490,"Sat, April 5, 2025",https://www.vlr.gg/459529/evil-geniuses-vs-sentinels-champions-tour-2025-americas-stage-1-w3,459529,2:30 AM,Evil Geniuses,0,Sentinels,2,0-2,Sentinels,Completed,Week 3,Group Stage
2025-08-27T19:13:09.183799,"Sat, April 5, 2025",https://www.vlr.gg/459530/100-thieves-vs-loud-champions-tour-2025-americas-stage-1-w3,459530,4:40 AM,100 Thieves,2,LOUD,1,2-1,100 Thieves,Completed,Week 3,Group Stage
2025-08-27T19:13:09.285078,"Sun, April 6, 2025",https://www.vlr.gg/459531/2game-esports-vs-kr-esports-champions-tour-2025-americas-stage-1-w3,459531,2:30 AM,2Game Esports,1,KRÜ Esports,2,1-2,KRÜ Esports,Completed,Week 3,Group Stage
2025-08-27T19:13:09.386501,"Sun, April 6, 2025",https://www.vlr.gg/459532/g2-esports-vs-nrg-esports-champions-tour-2025-americas-stage-1-w3,459532,5:40 AM,G2 Esports,2,NRG,0,2-0,G2 Esports,Completed,Week 3,Group Stage
2025-08-27T19:13:09.487756,"Mon, April 7, 2025",https://www.vlr.gg/459533/furia-vs-leviat-n-champions-tour-2025-americas-stage-1-w3,459533,2:30 AM,FURIA,0,LEVIATÁN,2,0-2,LEVIATÁN,Completed,Week 3,Group Stage
2025-08-27T19:13:09.588776,"Mon, April 7, 2025",https://www.vlr.gg/459534/cloud9-vs-mibr-champions-tour-2025-americas-stage-1-w3,459534,4:45 AM,Cloud9,1,MIBR,2,1-2,MIBR,Completed,Week 3,Group Stage
2025-08-27T19:13:09.690325,"Sat, April 12, 2025",https://www.vlr.gg/459535/100-thieves-vs-2game-esports-champions-tour-2025-americas-stage-1-w4,459535,2:30 AM,100 Thieves,2,2Game Esports,0,2-0,100 Thieves,Completed,Week 4,Group Stage
2025-08-27T19:13:09.791513,"Sat, April 12, 2025",https://www.vlr.gg/459536/g2-esports-vs-leviat-n-champions-tour-2025-americas-stage-1-w4,459536,5:00 AM,G2 Esports,2,LEVIATÁN,1,2-1,G2 Esports,Completed,Week 4,Group Stage
2025-08-27T19:13:09.893379,"Sun, April 13, 2025",https://www.vlr.gg/459537/furia-vs-cloud9-champions-tour-2025-americas-stage-1-w4,459537,2:30 AM,FURIA,0,Cloud9,2,0-2,Cloud9,Completed,Week 4,Group Stage
2025-08-27T19:13:09.995972,"Sun, April 13, 2025",https://www.vlr.gg/459538/sentinels-vs-loud-champions-tour-2025-americas-stage-1-w4,459538,4:55 AM,Sentinels,2,LOUD,1,2-1,Sentinels,Completed,Week 4,Group Stage
2025-08-27T19:13:10.098023,"Mon, April 14, 2025",https://www.vlr.gg/459539/kr-esports-vs-evil-geniuses-champions-tour-2025-americas-stage-1-w4,459539,2:30 AM,KRÜ Esports,0,Evil Geniuses,2,0-2,Evil Geniuses,Completed,Week 4,Group Stage
2025-08-27T19:13:10.199041,"Mon, April 14, 2025",https://www.vlr.gg/459540/nrg-esports-vs-mibr-champions-tour-2025-americas-stage-1-w4,459540,4:40 AM,NRG,0,MIBR,2,0-2,MIBR,Completed,Week 4,Group Stage
2025-08-27T19:13:10.300020,"Sat, April 19, 2025",https://www.vlr.gg/459541/g2-esports-vs-cloud9-champions-tour-2025-americas-stage-1-w5,459541,2:30 AM,G2 Esports,2,Cloud9,1,2-1,G2 Esports,Completed,Week 5,Group Stage
2025-08-27T19:13:10.400980,"Sat, April 19, 2025",https://www.vlr.gg/459542/mibr-vs-furia-champions-tour-2025-americas-stage-1-w5,459542,5:30 AM,MIBR,2,FURIA,1,2-1,MIBR,Completed,Week 5,Group Stage
2025-08-27T19:13:10.503327,"Sun, April 20, 2025",https://www.vlr.gg/459543/sentinels-vs-2game-esports-champions-tour-2025-americas-stage-1-w5,459543,2:30 AM,Sentinels,2,2Game Esports,0,2-0,Sentinels,Completed,Week 5,Group Stage
2025-08-27T19:13:10.606335,"Sun, April 20, 2025",https://www.vlr.gg/459544/kr-esports-vs-100-thieves-champions-tour-2025-americas-stage-1-w5,459544,4:40 AM,KRÜ Esports,2,100 Thieves,0,2-0,KRÜ Esports,Completed,Week 5,Group Stage
2025-08-27T19:13:10.707437,"Mon, April 21, 2025",https://www.vlr.gg/459545/evil-geniuses-vs-loud-champions-tour-2025-americas-stage-1-w5,459545,2:30 AM,Evil Geniuses,2,LOUD,1,2-1,Evil Geniuses,Completed,Week 5,Group Stage
2025-08-27T19:13:10.808977,"Mon, April 21, 2025",https://www.vlr.gg/459546/leviat-n-vs-nrg-esports-champions-tour-2025-americas-stage-1-w5,459546,6:30 AM,LEVIATÁN,0,NRG,2,0-2,NRG,Completed,Week 5,Group Stage
2025-08-27T19:13:10.914612,"Fri, April 25, 2025",https://www.vlr.gg/475897/mibr-vs-100-thieves-champions-tour-2025-americas-stage-1-ubr1,475897,2:30 AM,MIBR,2,100 Thieves,0,2-0,MIBR,Completed,Upper Round 1,Playoffs
2025-08-27T19:13:11.015788,"Fri, April 25, 2025",https://www.vlr.gg/475898/sentinels-vs-cloud9-champions-tour-2025-americas-stage-1-ubr1,475898,4:45 AM,Sentinels,2,Cloud9,0,2-0,Sentinels,Completed,Upper Round 1,Playoffs
2025-08-27T19:13:11.116668,"Sat, April 26, 2025",https://www.vlr.gg/475903/100-thieves-vs-nrg-esports-champions-tour-2025-americas-stage-1-lr1,475903,2:30 AM,100 Thieves,2,NRG,0,2-0,100 Thieves,Completed,Lower Round 1,Playoffs
2025-08-27T19:13:11.217793,"Sat, April 26, 2025",https://www.vlr.gg/475904/cloud9-vs-evil-geniuses-champions-tour-2025-americas-stage-1-lr1,475904,4:45 AM,Cloud9,0,Evil Geniuses,2,0-2,Evil Geniuses,Completed,Lower Round 1,Playoffs
2025-08-27T19:13:11.319166,"Sun, April 27, 2025",https://www.vlr.gg/475899/kr-esports-vs-mibr-champions-tour-2025-americas-stage-1-ubsf,475899,2:30 AM,KRÜ Esports,0,MIBR,2,0-2,MIBR,Completed,Upper Semifinals,Playoffs
2025-08-27T19:13:11.420026,"Sun, April 27, 2025",https://www.vlr.gg/475900/g2-esports-vs-sentinels-champions-tour-2025-americas-stage-1-ubsf,475900,4:35 AM,G2 Esports,1,Sentinels,2,1-2,Sentinels,Completed,Upper Semifinals,Playoffs
2025-08-27T19:13:11.521358,"Mon, April 28, 2025",https://www.vlr.gg/475906/kr-esports-vs-evil-geniuses-champions-tour-2025-americas-stage-1-lr2,475906,2:30 AM,KRÜ Esports,0,Evil Geniuses,2,0-2,Evil Geniuses,Completed,Lower Round 2,Playoffs
2025-08-27T19:13:11.622814,"Mon, April 28, 2025",https://www.vlr.gg/475905/g2-esports-vs-100-thieves-champions-tour-2025-americas-stage-1-lr2,475905,5:10 AM,G2 Esports,2,100 Thieves,1,2-1,G2 Esports,Completed,Lower Round 2,Playoffs
2025-08-27T19:13:11.724117,"Sat, May 3, 2025",https://www.vlr.gg/475901/mibr-vs-sentinels-champions-tour-2025-americas-stage-1-ubf,475901,2:30 AM,MIBR,0,Sentinels,2,0-2,Sentinels,Completed,Upper Final,Playoffs
2025-08-27T19:13:11.825946,"Sat, May 3, 2025",https://www.vlr.gg/475907/g2-esports-vs-evil-geniuses-champions-tour-2025-americas-stage-1-lr3,475907,5:20 AM,G2 Esports,2,Evil Geniuses,1,2-1,G2 Esports,Completed,Lower Round 3,Playoffs
2025-08-27T19:13:11.927748,"Sun, May 4, 2025",https://www.vlr.gg/475908/mibr-vs-g2-esports-champions-tour-2025-americas-stage-1-lbf,475908,2:30 AM,MIBR,1,G2 Esports,3,1-3,G2 Esports,Completed,Lower Final,Playoffs
2025-08-27T19:13:12.029648,"Mon, May 5, 2025",https://www.vlr.gg/475902/sentinels-vs-g2-esports-champions-tour-2025-americas-stage-1-gf,475902,2:30 AM,Sentinels,1,G2 Esports,3,1-3,G2 Esports,Completed,Grand Final,Playoffs
