Match ID,Map,Player,Team,Agent,2K,3K,4K,5K,1v1,1v2,1v3,1v4,1v5,ECON,PL,DE
459517,Lotus,mitch,C9,Breach,2,1,0,0,0,0,0,0,0,47,2,0
459517,Lotus,neT,C9,Deadlock,4,1,0,0,0,0,0,0,0,64,3,0
459517,Lotus,Xeppaa,C9,Tejo,2,0,0,0,0,0,0,0,0,52,1,0
459517,Lotus,v1c,C9,Omen,2,1,0,0,0,0,0,0,0,44,1,1
459517,Lotus,OXY,C9,Raze,2,0,0,0,0,1,0,0,0,36,1,0
459517,Lotus,FiNESSE,NRG,Vyse,2,0,0,0,2,0,0,0,0,61,0,2
459517,Lotus,brawk,NRG,Tejo,3,1,0,0,0,0,0,0,0,55,3,1
459517,Lotus,s0m,NRG,Omen,2,3,1,0,0,0,0,0,0,92,1,0
459517,Lotus,mada,NRG,Neon,2,1,0,0,0,0,0,0,0,36,0,0
459517,Lotus,Ethan,NRG,Breach,4,1,0,0,0,0,0,0,0,50,3,0
459517,Fracture,mitch,C9,Breach,5,1,0,0,0,0,0,0,0,54,3,1
459517,Fracture,neT,C9,Cypher,2,1,0,0,0,0,0,0,0,50,1,0
459517,Fracture,Xeppaa,C9,Tejo,7,0,1,0,2,1,0,0,0,86,0,2
459517,Fracture,v1c,C9,Brimstone,2,0,0,0,0,0,0,0,0,31,1,0
459517,Fracture,OXY,C9,Neon,4,0,0,0,0,0,0,0,0,54,0,0
459517,Fracture,FiNESSE,NRG,Cypher,2,0,0,0,0,0,0,0,0,53,1,0
459517,Fracture,brawk,NRG,Tejo,3,0,0,0,0,1,0,0,0,37,2,0
459517,Fracture,s0m,NRG,Brimstone,2,0,0,0,0,0,0,0,0,43,2,0
459517,Fracture,mada,NRG,Raze,3,0,0,0,0,0,0,0,0,54,1,1
459517,Fracture,Ethan,NRG,Breach,1,1,0,0,0,0,0,0,0,62,1,0
459517,Pearl,mitch,C9,Sova,4,1,0,0,0,0,0,0,0,53,2,0
459517,Pearl,neT,C9,Cypher,1,0,1,0,0,0,0,0,0,42,0,1
459517,Pearl,Xeppaa,C9,Yoru,1,3,0,0,0,0,0,0,0,52,2,1
459517,Pearl,v1c,C9,Astra,1,1,0,0,0,0,1,0,0,37,3,0
459517,Pearl,OXY,C9,Jett,6,2,0,0,0,0,0,0,0,75,0,0
459517,Pearl,FiNESSE,NRG,Killjoy,2,0,0,0,0,0,0,0,0,48,0,0
459517,Pearl,brawk,NRG,Sova,2,2,0,0,0,1,0,0,0,51,3,2
459517,Pearl,s0m,NRG,Astra,5,1,0,0,0,0,0,0,0,70,2,1
459517,Pearl,mada,NRG,Neon,4,0,1,0,0,0,0,0,0,68,0,0
459517,Pearl,Ethan,NRG,Yoru,1,1,0,0,0,0,0,0,0,23,1,0
459518,Fracture,Melser,KRÜ,Brimstone,1,0,0,0,0,0,0,0,0,39,1,0
459518,Fracture,keznit,KRÜ,Raze,1,1,0,0,0,0,0,0,0,48,1,0
459518,Fracture,adverso,KRÜ,Tejo,1,1,0,0,0,0,0,0,0,54,1,0
459518,Fracture,Mazino,KRÜ,Breach,1,0,0,0,0,0,0,0,0,30,0,0
459518,Fracture,Shyy,KRÜ,Vyse,1,0,0,0,0,1,0,0,0,27,0,0
459518,Fracture,pANcada,LOUD,Brimstone,1,0,0,0,1,0,0,0,0,75,0,0
459518,Fracture,v1nny,LOUD,Breach,2,2,0,0,0,0,0,0,0,56,7,0
459518,Fracture,tuyz,LOUD,Cypher,3,1,0,0,1,0,0,0,0,68,0,0
459518,Fracture,cauanzin,LOUD,Tejo,5,1,0,0,1,0,0,0,0,101,3,0
459518,Fracture,dgzin,LOUD,Neon,4,1,0,0,0,0,0,0,0,62,0,1
459518,Haven,Melser,KRÜ,Omen,1,3,0,0,0,1,0,0,0,56,0,0
459518,Haven,keznit,KRÜ,Yoru,3,2,1,0,0,1,0,0,0,72,0,3
459518,Haven,adverso,KRÜ,Tejo,0,0,0,0,1,0,0,0,0,45,0,0
459518,Haven,Mazino,KRÜ,Breach,2,1,0,0,0,0,0,0,0,90,3,0
459518,Haven,Shyy,KRÜ,Cypher,5,0,0,0,0,0,0,0,0,64,0,0
459518,Haven,pANcada,LOUD,Omen,2,1,0,0,0,0,0,0,0,78,1,0
459518,Haven,v1nny,LOUD,Breach,0,0,0,0,0,0,0,0,0,12,2,0
459518,Haven,tuyz,LOUD,Cypher,1,0,0,0,0,0,0,0,0,45,1,0
459518,Haven,cauanzin,LOUD,Sova,0,0,0,0,0,0,0,0,0,35,1,0
459518,Haven,dgzin,LOUD,Jett,1,1,0,0,0,0,0,0,0,63,0,0
459518,Split,Melser,KRÜ,Omen,2,2,0,0,0,0,0,0,0,57,1,1
459518,Split,keznit,KRÜ,Jett,4,2,0,1,0,0,1,0,0,53,0,1
459518,Split,adverso,KRÜ,Tejo,2,2,0,0,0,0,0,0,0,57,2,0
459518,Split,Mazino,KRÜ,Breach,2,0,0,0,0,0,0,0,0,50,6,0
459518,Split,Shyy,KRÜ,Viper,3,0,2,0,1,0,0,0,0,68,1,0
459518,Split,pANcada,LOUD,Astra,2,2,0,0,0,0,0,0,0,43,2,0
459518,Split,v1nny,LOUD,Breach,2,0,0,0,0,0,0,0,0,44,6,0
459518,Split,tuyz,LOUD,Viper,4,1,0,0,0,0,0,1,0,51,0,0
459518,Split,cauanzin,LOUD,Tejo,3,2,0,0,1,0,0,0,0,67,2,1
459518,Split,dgzin,LOUD,Raze,1,1,0,0,0,0,0,0,0,38,0,0
459519,Lotus,valyn,G2,Omen,5,1,0,1,1,0,0,0,0,58,1,0
459519,Lotus,jawgemo,G2,Yoru,0,3,0,0,0,0,0,0,0,43,1,0
459519,Lotus,JonahP,G2,Breach,3,0,0,0,0,0,0,0,0,55,4,0
459519,Lotus,leaf,G2,Viper,3,1,1,0,0,0,0,0,0,53,0,0
459519,Lotus,trent,G2,Tejo,5,0,1,0,1,1,0,0,0,63,5,0
459519,Lotus,pryze,FUR,Fade,3,1,0,0,0,1,0,0,0,56,2,0
459519,Lotus,Khalil,FUR,Omen,5,0,0,0,0,0,0,0,0,52,1,0
459519,Lotus,heat,FUR,Clove,3,0,0,0,1,0,0,0,0,40,1,1
459519,Lotus,havoc,FUR,Neon,2,2,0,0,0,0,0,0,0,48,0,0
459519,Lotus,raafa,FUR,Breach,2,1,0,0,1,0,0,0,0,47,5,0
459519,Ascent,valyn,G2,Omen,1,2,0,0,1,0,0,0,0,56,0,0
459519,Ascent,jawgemo,G2,Waylay,4,0,1,0,0,0,0,0,0,91,1,1
459519,Ascent,JonahP,G2,Kayo,3,0,0,0,0,0,0,0,0,56,3,0
459519,Ascent,leaf,G2,Vyse,4,1,0,0,0,1,0,0,0,70,0,0
459519,Ascent,trent,G2,Tejo,0,0,0,0,0,0,0,0,0,16,3,0
459519,Ascent,pryze,FUR,Sova,0,1,0,0,0,0,0,0,0,26,3,0
459519,Ascent,Khalil,FUR,Omen,3,0,0,0,1,0,0,0,0,46,0,0
459519,Ascent,heat,FUR,Vyse,4,0,0,0,0,0,0,0,0,63,0,0
459519,Ascent,havoc,FUR,Yoru,3,1,1,0,0,0,0,0,0,56,0,1
459519,Ascent,raafa,FUR,Kayo,2,0,0,0,0,0,0,0,0,44,1,0
459520,Split,cortezia,MIBR,Cypher,3,1,0,0,1,0,0,0,0,50,0,0
459520,Split,artzin,MIBR,Breach,0,1,3,0,0,0,0,0,0,68,2,1
459520,Split,aspas,MIBR,Jett,1,1,0,0,0,0,0,0,0,32,0,0
459520,Split,xenom,MIBR,Astra,3,0,1,0,0,0,0,0,0,53,2,0
459520,Split,Verno,MIBR,Tejo,2,0,0,0,0,0,1,0,0,54,3,0
459520,Split,C0M,LEV,Tejo,1,1,0,0,0,0,0,0,0,62,2,0
459520,Split,Rossy,LEV,Breach,2,1,0,0,0,0,0,0,0,52,0,1
459520,Split,tex,LEV,Viper,2,2,0,0,0,0,0,0,0,56,0,0
459520,Split,kiNgg,LEV,Yoru,0,0,1,0,0,0,0,0,0,43,0,1
459520,Split,Demon1,LEV,Omen,1,0,0,0,1,0,0,0,0,52,0,0
459520,Icebox,cortezia,MIBR,Killjoy,2,0,1,0,0,0,0,0,0,39,1,1
459520,Icebox,artzin,MIBR,Harbor,2,3,0,0,1,0,0,0,0,66,6,0
459520,Icebox,aspas,MIBR,Jett,4,1,1,0,1,0,1,0,0,54,0,0
459520,Icebox,xenom,MIBR,Viper,4,0,1,0,1,0,0,0,0,81,0,0
459520,Icebox,Verno,MIBR,Sova,1,0,0,0,0,0,0,0,0,52,1,1
459520,Icebox,C0M,LEV,Sova,1,1,0,0,0,0,0,0,0,56,3,0
459520,Icebox,Rossy,LEV,Tejo,5,0,0,0,0,1,0,0,0,43,4,0
459520,Icebox,tex,LEV,Killjoy,4,2,0,0,0,0,0,0,0,71,2,0
459520,Icebox,kiNgg,LEV,Yoru,0,0,0,0,0,0,0,0,0,26,1,0
459520,Icebox,Demon1,LEV,Viper,4,0,0,0,0,0,0,0,0,53,0,0
459521,Haven,Zap,2G,Sova,4,1,0,0,1,1,0,0,0,56,2,1
459521,Haven,lz,2G,Omen,3,1,0,0,0,0,0,0,0,40,7,0
459521,Haven,silentzz,2G,Iso,1,3,0,0,0,0,0,0,0,40,1,0
459521,Haven,gobera,2G,Cypher,6,0,0,0,0,0,0,0,0,62,0,1
459521,Haven,Askia,2G,Yoru,6,0,0,0,0,1,0,0,0,62,0,1
459521,Haven,supamen,EG,Omen,4,0,0,0,1,0,0,0,0,47,2,1
459521,Haven,yay,EG,Cypher,2,1,1,1,2,0,0,0,0,72,0,1
459521,Haven,Derrek,EG,Sova,2,0,0,0,1,0,0,0,0,45,2,0
459521,Haven,NaturE,EG,Breach,5,0,1,0,1,0,0,0,0,53,5,0
459521,Haven,icy,EG,Waylay,6,0,0,0,0,1,0,0,0,47,1,1
459521,Lotus,Zap,2G,Sova,0,1,2,0,0,0,0,0,0,59,1,1
459521,Lotus,lz,2G,Omen,1,0,0,0,1,0,0,0,0,34,6,1
459521,Lotus,silentzz,2G,Iso,3,1,0,0,0,0,0,0,0,53,1,0
459521,Lotus,gobera,2G,Cypher,2,1,0,0,0,0,0,0,0,56,0,1
459521,Lotus,Askia,2G,Raze,2,1,1,0,1,0,0,0,0,63,1,0
459521,Lotus,supamen,EG,Viper,4,0,0,0,1,0,0,0,0,54,0,1
459521,Lotus,yay,EG,Clove,5,1,0,0,1,0,0,0,0,64,2,0
459521,Lotus,Derrek,EG,Tejo,2,1,0,0,0,0,0,0,0,51,2,0
459521,Lotus,NaturE,EG,Fade,6,1,0,0,1,0,0,0,0,46,5,2
459521,Lotus,icy,EG,Raze,3,0,1,0,0,0,0,0,0,51,0,1
459522,Pearl,Zellsis,SEN,Vyse,3,2,0,0,0,1,0,0,0,64,0,0
459522,Pearl,johnqt,SEN,Tejo,5,1,0,0,0,0,0,0,0,85,6,0
459522,Pearl,bang,SEN,Astra,1,0,1,0,0,0,0,0,0,44,0,0
459522,Pearl,zekken,SEN,Yoru,1,1,0,1,1,0,0,0,0,50,1,0
459522,Pearl,N4RRATE,SEN,Fade,2,0,1,0,1,0,0,0,0,50,2,2
459522,Pearl,Asuna,100T,Neon,3,0,0,0,1,0,0,0,0,66,1,0
459522,Pearl,Boostio,100T,Vyse,1,0,0,0,0,0,0,0,0,44,1,1
459522,Pearl,eeiu,100T,Fade,4,0,0,0,0,0,0,0,0,50,1,0
459522,Pearl,Cryocells,100T,Yoru,2,0,0,0,0,0,0,0,0,30,0,0
459522,Pearl,zander,100T,Astra,3,0,0,0,0,0,0,0,0,54,0,0
459522,Haven,Zellsis,SEN,Cypher,4,0,0,0,0,0,0,0,0,45,1,0
459522,Haven,johnqt,SEN,Sova,1,0,0,0,0,0,0,0,0,33,2,0
459522,Haven,bang,SEN,Omen,3,3,0,0,1,1,0,0,0,74,2,0
459522,Haven,zekken,SEN,Yoru,3,0,0,0,0,0,0,0,0,49,1,0
459522,Haven,N4RRATE,SEN,Iso,2,0,0,0,0,0,0,0,0,37,0,0
459522,Haven,Asuna,100T,Neon,4,2,0,0,0,0,0,0,0,71,1,0
459522,Haven,Boostio,100T,Cypher,2,0,0,0,0,0,0,0,0,42,2,0
459522,Haven,eeiu,100T,Sova,3,0,1,0,0,0,0,0,0,64,3,0
459522,Haven,Cryocells,100T,Iso,7,1,0,0,0,0,0,0,0,64,0,0
459522,Haven,zander,100T,Omen,2,0,0,0,0,0,0,0,0,31,1,0
459522,Split,Zellsis,SEN,Viper,1,1,1,0,0,0,0,0,0,105,0,0
459522,Split,johnqt,SEN,Tejo,2,1,0,0,0,0,0,0,0,76,0,0
459522,Split,bang,SEN,Omen,5,0,0,0,0,0,0,0,0,74,0,0
459522,Split,zekken,SEN,Yoru,4,0,0,0,0,0,0,0,0,62,0,0
459522,Split,N4RRATE,SEN,Breach,4,0,0,0,0,0,0,0,0,56,1,2
459522,Split,Asuna,100T,Raze,0,0,0,0,0,0,0,0,0,56,0,0
459522,Split,Boostio,100T,Breach,1,0,0,0,0,0,0,0,0,39,2,0
459522,Split,eeiu,100T,Tejo,1,0,0,0,0,0,0,0,0,30,0,0
459522,Split,Cryocells,100T,Sage,1,0,0,0,0,0,0,0,0,54,1,0
459522,Split,zander,100T,Astra,0,0,0,0,0,0,0,0,0,26,0,0
459523,Lotus,FiNESSE,NRG,Vyse,2,1,0,0,0,0,0,0,0,49,0,0
459523,Lotus,brawk,NRG,Tejo,3,0,0,0,0,0,0,0,0,43,4,1
459523,Lotus,s0m,NRG,Omen,1,5,0,0,0,1,1,0,0,102,0,1
459523,Lotus,mada,NRG,Neon,2,0,0,0,0,0,0,0,0,39,0,0
459523,Lotus,Ethan,NRG,Breach,1,1,0,0,0,0,0,0,0,48,4,0
459523,Lotus,pryze,FUR,Fade,5,1,0,0,0,0,0,0,0,47,2,1
459523,Lotus,Khalil,FUR,Omen,2,0,0,0,1,0,0,0,0,44,1,0
459523,Lotus,heat,FUR,Clove,2,2,0,0,0,0,0,0,0,52,0,1
459523,Lotus,havoc,FUR,Neon,6,1,0,0,0,0,0,0,0,57,0,1
459523,Lotus,raafa,FUR,Breach,2,0,1,0,0,0,0,0,0,33,4,1
459523,Pearl,FiNESSE,NRG,Killjoy,1,0,0,0,0,0,0,0,0,55,1,0
459523,Pearl,brawk,NRG,Sova,0,3,0,0,0,0,0,0,0,64,8,0
459523,Pearl,s0m,NRG,Astra,1,0,1,0,0,0,0,0,0,54,2,0
459523,Pearl,mada,NRG,Jett,3,2,0,0,0,0,0,0,0,75,0,0
459523,Pearl,Ethan,NRG,Yoru,3,2,0,0,0,0,0,0,0,61,0,1
459523,Pearl,pryze,FUR,Sova,0,1,0,0,0,0,0,0,0,66,1,1
459523,Pearl,Khalil,FUR,Astra,1,0,0,0,0,0,0,0,0,41,0,0
459523,Pearl,heat,FUR,Cypher,0,0,0,0,0,0,0,0,0,29,0,0
459523,Pearl,havoc,FUR,Neon,0,0,0,0,0,0,0,0,0,35,0,0
459523,Pearl,raafa,FUR,Kayo,1,1,0,0,0,0,0,0,0,39,0,0
459523,Fracture,FiNESSE,NRG,Cypher,1,1,0,0,0,0,0,0,0,63,0,0
459523,Fracture,brawk,NRG,Tejo,0,0,0,0,0,0,0,0,0,46,5,0
459523,Fracture,s0m,NRG,Brimstone,2,1,0,0,0,0,0,0,0,68,2,0
459523,Fracture,mada,NRG,Raze,5,4,0,0,0,0,0,0,0,95,1,1
459523,Fracture,Ethan,NRG,Breach,1,0,0,0,0,0,0,0,0,83,1,0
459523,Fracture,pryze,FUR,Tejo,1,0,0,0,1,0,0,0,0,40,0,0
459523,Fracture,Khalil,FUR,Brimstone,1,1,0,0,0,0,0,0,0,52,1,0
459523,Fracture,heat,FUR,Cypher,1,0,0,0,0,0,0,0,0,40,0,0
459523,Fracture,havoc,FUR,Raze,0,0,0,0,0,0,0,0,0,22,0,0
459523,Fracture,raafa,FUR,Breach,0,0,0,0,0,0,0,0,0,17,2,0
459524,Lotus,Zellsis,SEN,Vyse,1,1,0,0,0,0,0,0,0,40,1,0
459524,Lotus,johnqt,SEN,Viper,2,2,0,0,0,0,0,0,0,69,2,2
459524,Lotus,bang,SEN,Omen,3,0,1,0,0,0,0,0,0,50,0,0
459524,Lotus,zekken,SEN,Raze,2,0,0,0,0,0,0,0,0,55,0,1
459524,Lotus,N4RRATE,SEN,Fade,1,0,0,0,0,0,0,0,0,31,3,0
459524,Lotus,Melser,KRÜ,Omen,2,1,0,0,0,0,0,0,0,42,0,0
459524,Lotus,keznit,KRÜ,Yoru,3,1,0,0,0,0,0,0,0,56,1,2
459524,Lotus,adverso,KRÜ,Tejo,1,0,0,0,0,0,0,0,0,32,2,1
459524,Lotus,Mazino,KRÜ,Breach,3,2,0,0,0,0,0,0,0,69,6,2
459524,Lotus,Shyy,KRÜ,Vyse,2,1,0,0,1,0,0,0,0,71,0,1
459524,Icebox,Zellsis,SEN,Killjoy,0,0,0,0,0,0,0,0,0,31,1,0
459524,Icebox,johnqt,SEN,Kayo,2,0,0,0,0,0,0,0,0,47,4,0
459524,Icebox,bang,SEN,Viper,5,0,0,0,0,0,0,0,0,52,2,0
459524,Icebox,zekken,SEN,Jett,3,1,0,1,0,0,0,0,0,85,0,0
459524,Icebox,N4RRATE,SEN,Sova,4,0,0,0,0,0,0,0,0,85,3,0
459524,Icebox,Melser,KRÜ,Viper,0,1,0,0,0,0,0,0,0,36,1,1
459524,Icebox,keznit,KRÜ,Jett,3,2,1,0,0,1,0,0,0,59,1,0
459524,Icebox,adverso,KRÜ,Sova,1,0,0,0,0,0,0,0,0,29,0,0
459524,Icebox,Mazino,KRÜ,Harbor,3,1,2,0,1,0,2,0,0,71,5,1
459524,Icebox,Shyy,KRÜ,Killjoy,1,1,0,0,0,1,0,0,0,47,1,1
459525,Fracture,Asuna,100T,Neon,2,1,0,0,0,0,0,0,0,39,0,0
459525,Fracture,Boostio,100T,Breach,1,0,1,0,0,0,0,0,0,43,4,0
459525,Fracture,eeiu,100T,Tejo,7,0,1,0,0,0,0,0,0,69,0,1
459525,Fracture,Cryocells,100T,Chamber,5,3,0,0,0,1,0,0,0,97,2,1
459525,Fracture,zander,100T,Brimstone,2,1,0,0,1,0,0,0,0,43,2,1
459525,Fracture,supamen,EG,Brimstone,0,1,0,0,0,1,0,0,0,62,0,1
459525,Fracture,yay,EG,Killjoy,3,0,0,0,0,0,0,0,0,28,1,0
459525,Fracture,Derrek,EG,Tejo,2,3,0,0,0,0,0,0,0,66,3,0
459525,Fracture,NaturE,EG,Breach,1,2,0,0,1,0,0,0,0,53,3,1
459525,Fracture,icy,EG,Raze,3,1,0,0,0,0,0,0,0,46,0,0
459525,Haven,Asuna,100T,Neon,2,0,0,0,0,0,0,0,0,41,2,0
459525,Haven,Boostio,100T,Cypher,3,1,0,0,0,0,0,0,0,35,1,0
459525,Haven,eeiu,100T,Sova,5,1,0,0,1,0,0,0,0,69,2,0
459525,Haven,Cryocells,100T,Iso,6,1,1,0,2,0,0,0,0,92,0,1
459525,Haven,zander,100T,Omen,0,1,0,0,1,0,0,0,0,36,2,0
459525,Haven,supamen,EG,Omen,2,1,0,0,0,0,0,0,0,55,1,0
459525,Haven,yay,EG,Cypher,3,1,1,0,0,0,0,0,0,70,1,0
459525,Haven,Derrek,EG,Sova,2,1,0,0,1,0,0,0,0,71,1,0
459525,Haven,NaturE,EG,Breach,3,0,0,0,0,0,0,0,0,47,4,0
459525,Haven,icy,EG,Waylay,2,0,0,0,0,0,0,0,0,37,0,0
459526,Pearl,valyn,G2,Astra,3,0,0,0,0,0,0,0,0,45,3,0
459526,Pearl,jawgemo,G2,Yoru,2,3,0,0,0,0,0,0,0,30,2,0
459526,Pearl,JonahP,G2,Fade,2,0,0,0,0,0,0,0,0,34,5,1
459526,Pearl,leaf,G2,Vyse,3,1,0,0,0,0,0,0,0,60,0,0
459526,Pearl,trent,G2,Tejo,6,0,1,0,0,0,0,0,0,69,1,2
459526,Pearl,cortezia,MIBR,Vyse,4,0,0,0,0,0,0,0,0,41,0,0
459526,Pearl,artzin,MIBR,Kayo,2,1,0,0,0,0,0,0,0,43,7,1
459526,Pearl,aspas,MIBR,Waylay,5,1,1,0,0,0,0,0,0,55,1,1
459526,Pearl,xenom,MIBR,Astra,2,1,0,0,0,1,0,0,0,32,1,1
459526,Pearl,Verno,MIBR,Tejo,3,0,0,0,1,0,0,0,0,52,1,2
459526,Haven,valyn,G2,Astra,5,1,1,0,0,0,0,0,0,65,2,0
459526,Haven,jawgemo,G2,Yoru,5,1,0,0,0,0,0,0,0,52,1,1
459526,Haven,JonahP,G2,Breach,2,1,0,0,2,0,0,0,0,45,7,1
459526,Haven,leaf,G2,Vyse,1,1,0,0,0,0,0,0,0,51,0,1
459526,Haven,trent,G2,Tejo,1,0,0,0,0,1,0,0,0,27,0,0
459526,Haven,cortezia,MIBR,Cypher,2,4,0,0,0,0,0,0,0,61,1,0
459526,Haven,artzin,MIBR,Breach,4,0,0,0,0,0,0,0,0,55,4,1
459526,Haven,aspas,MIBR,Jett,3,1,0,0,1,0,0,0,0,55,0,3
459526,Haven,xenom,MIBR,Omen,3,2,0,0,0,0,0,0,0,49,0,0
459526,Haven,Verno,MIBR,Tejo,2,2,0,0,0,0,0,0,0,49,3,0
459526,Ascent,valyn,G2,Omen,0,0,0,0,1,0,0,0,0,19,0,0
459526,Ascent,jawgemo,G2,Waylay,4,0,3,0,0,1,1,0,0,64,4,0
459526,Ascent,JonahP,G2,Kayo,3,0,0,0,0,1,0,0,0,47,5,1
459526,Ascent,leaf,G2,Vyse,7,1,0,0,0,0,0,0,0,84,0,0
459526,Ascent,trent,G2,Tejo,1,1,0,0,1,0,0,0,0,63,1,0
459526,Ascent,cortezia,MIBR,Cypher,6,0,0,0,0,0,0,0,0,46,1,0
459526,Ascent,artzin,MIBR,Kayo,1,0,0,0,1,0,0,0,0,37,0,1
459526,Ascent,aspas,MIBR,Jett,4,0,0,0,0,1,0,0,0,57,0,1
459526,Ascent,xenom,MIBR,Omen,1,1,0,0,0,1,0,0,0,38,3,0
459526,Ascent,Verno,MIBR,Sova,5,2,0,0,0,0,0,0,0,92,1,1
459527,Lotus,pANcada,LOUD,Omen,5,1,0,0,0,0,0,0,0,48,4,1
459527,Lotus,v1nny,LOUD,Breach,1,0,0,0,0,0,0,0,0,26,2,0
459527,Lotus,tuyz,LOUD,Cypher,1,0,0,0,1,0,0,0,0,27,1,3
459527,Lotus,cauanzin,LOUD,Fade,3,0,0,0,0,0,0,0,0,43,0,2
459527,Lotus,dgzin,LOUD,Neon,3,1,3,0,0,0,0,0,0,77,0,0
459527,Lotus,lz,2G,Omen,6,1,0,0,0,0,0,0,0,61,1,0
459527,Lotus,silentzz,2G,Vyse,4,0,0,0,0,0,0,0,0,48,4,1
459527,Lotus,PxS,2G,Breach,5,0,0,0,0,1,0,0,0,39,1,0
459527,Lotus,gobera,2G,Tejo,2,1,0,0,0,0,0,0,0,53,5,1
459527,Lotus,Askia,2G,Yoru,4,1,0,0,0,0,0,0,0,48,1,0
459527,Pearl,pANcada,LOUD,Astra,5,1,1,0,0,0,0,1,0,77,1,0
459527,Pearl,v1nny,LOUD,Kayo,2,1,0,0,0,0,0,0,0,33,5,0
459527,Pearl,tuyz,LOUD,Vyse,1,1,0,0,1,0,0,0,0,52,0,2
459527,Pearl,cauanzin,LOUD,Tejo,4,0,1,0,0,1,0,0,0,60,1,0
459527,Pearl,dgzin,LOUD,Yoru,5,0,1,0,0,0,0,0,0,48,0,0
459527,Pearl,lz,2G,Astra,3,0,0,0,1,1,0,0,0,35,0,1
459527,Pearl,silentzz,2G,Vyse,3,1,0,0,0,0,0,0,0,52,1,0
459527,Pearl,PxS,2G,Fade,3,1,0,0,1,1,0,0,0,43,3,0
459527,Pearl,gobera,2G,Tejo,4,1,0,0,0,0,0,0,0,66,5,0
459527,Pearl,Askia,2G,Yoru,3,0,0,1,0,0,0,0,0,52,0,0
459528,Split,C0M,LEV,Tejo,3,0,0,0,0,0,0,0,0,46,4,1
459528,Split,Rossy,LEV,Breach,5,1,0,0,0,0,0,0,0,65,1,1
459528,Split,tex,LEV,Viper,1,0,0,0,1,0,0,0,0,39,0,0
459528,Split,kiNgg,LEV,Yoru,3,2,0,0,0,0,0,0,0,63,0,0
459528,Split,Demon1,LEV,Omen,2,1,1,0,0,0,0,0,0,64,1,1
459528,Split,mitch,C9,Breach,1,0,0,0,1,0,0,0,0,37,3,1
459528,Split,neT,C9,Viper,3,0,0,0,1,0,0,0,0,56,0,0
459528,Split,Xeppaa,C9,Tejo,5,1,0,0,1,0,0,0,0,70,3,0
459528,Split,v1c,C9,Omen,6,0,0,0,0,1,0,0,0,50,5,0
459528,Split,OXY,C9,Yoru,3,2,0,0,0,0,0,0,0,46,0,1
459528,Ascent,C0M,LEV,Sova,0,0,0,0,0,0,0,0,0,31,0,0
459528,Ascent,Rossy,LEV,Deadlock,0,0,0,0,0,0,0,0,0,23,0,0
459528,Ascent,tex,LEV,Cypher,1,0,1,0,0,0,0,0,0,48,0,0
459528,Ascent,kiNgg,LEV,Yoru,3,0,0,0,0,0,0,0,0,44,0,0
459528,Ascent,Demon1,LEV,Omen,4,0,0,0,0,0,0,0,0,54,1,0
459528,Ascent,mitch,C9,Sova,1,0,0,0,0,0,0,0,0,53,0,0
459528,Ascent,neT,C9,Deadlock,0,1,1,0,0,0,0,0,0,59,0,0
459528,Ascent,Xeppaa,C9,Vyse,3,1,0,0,1,0,0,0,0,72,1,1
459528,Ascent,v1c,C9,Omen,4,3,0,0,0,1,0,0,0,147,1,0
459528,Ascent,OXY,C9,Yoru,4,1,0,0,0,0,0,0,0,64,0,0
459529,Haven,supamen,EG,Omen,0,3,0,0,0,0,0,0,0,48,0,1
459529,Haven,yay,EG,Cypher,2,0,0,0,0,0,0,0,0,40,0,0
459529,Haven,Derrek,EG,Sova,2,0,0,0,0,0,0,0,0,46,1,0
459529,Haven,NaturE,EG,Breach,2,0,0,0,0,0,0,0,0,48,4,0
459529,Haven,icy,EG,Waylay,2,0,0,0,1,0,0,0,0,38,0,1
459529,Haven,Zellsis,SEN,Cypher,0,0,1,0,0,0,0,0,0,48,0,0
459529,Haven,johnqt,SEN,Breach,3,0,0,0,0,0,0,0,0,41,8,1
459529,Haven,bang,SEN,Omen,2,1,1,0,1,0,0,0,0,83,3,0
459529,Haven,zekken,SEN,Neon,2,0,0,0,0,0,0,0,0,51,0,0
459529,Haven,N4RRATE,SEN,Sova,7,2,0,0,2,0,0,0,0,96,1,2
459529,Pearl,supamen,EG,Astra,2,1,0,0,0,1,0,0,0,42,1,0
459529,Pearl,yay,EG,Yoru,1,3,0,0,0,0,0,0,0,53,1,0
459529,Pearl,Derrek,EG,Tejo,1,0,0,0,0,0,0,0,0,34,3,0
459529,Pearl,NaturE,EG,Vyse,2,0,0,0,0,0,0,0,0,38,4,0
459529,Pearl,icy,EG,Jett,1,0,0,0,1,0,0,0,0,40,0,0
459529,Pearl,Zellsis,SEN,Vyse,2,0,0,0,0,1,0,0,0,52,0,1
459529,Pearl,johnqt,SEN,Tejo,2,2,0,0,0,0,0,0,0,87,3,1
459529,Pearl,bang,SEN,Astra,3,0,0,0,0,0,0,0,0,37,0,0
459529,Pearl,zekken,SEN,Yoru,2,3,1,0,0,0,0,0,0,67,0,1
459529,Pearl,N4RRATE,SEN,Fade,4,0,1,0,0,0,0,0,0,69,2,1
459530,Haven,Asuna,100T,Neon,4,0,0,0,0,0,0,0,0,49,0,1
459530,Haven,Boostio,100T,Cypher,2,0,0,0,1,0,0,0,0,30,1,0
459530,Haven,eeiu,100T,Sova,1,2,0,0,0,0,0,0,0,51,1,0
459530,Haven,Cryocells,100T,Iso,4,1,0,0,0,0,0,0,0,66,1,0
459530,Haven,zander,100T,Omen,1,0,0,0,0,0,0,0,0,45,2,1
459530,Haven,pANcada,LOUD,Omen,2,1,0,0,0,0,0,0,0,47,1,0
459530,Haven,v1nny,LOUD,Breach,2,0,0,0,0,0,0,0,0,40,8,0
459530,Haven,cauanzin,LOUD,Tejo,2,0,1,0,1,1,0,0,0,64,1,2
459530,Haven,dgzin,LOUD,Neon,4,1,0,0,0,0,0,0,0,57,0,0
459530,Haven,lukxo,LOUD,Cypher,3,2,0,0,0,1,0,0,0,75,0,1
459530,Icebox,Asuna,100T,Gekko,3,1,0,0,0,1,0,0,0,59,9,1
459530,Icebox,Boostio,100T,Killjoy,3,0,0,0,0,0,0,0,0,39,1,0
459530,Icebox,eeiu,100T,Sova,3,1,0,0,1,0,0,0,0,44,0,0
459530,Icebox,Cryocells,100T,Jett,2,4,1,1,0,0,0,0,0,70,0,0
459530,Icebox,zander,100T,Viper,2,1,0,0,1,0,0,0,0,43,0,0
459530,Icebox,pANcada,LOUD,Viper,3,1,1,0,0,0,0,0,0,86,1,0
459530,Icebox,v1nny,LOUD,Tejo,2,0,0,0,0,0,0,0,0,33,6,0
459530,Icebox,cauanzin,LOUD,Sova,4,0,0,0,0,0,0,0,0,67,2,0
459530,Icebox,dgzin,LOUD,Reyna,5,0,0,0,0,0,0,0,0,46,0,0
459530,Icebox,lukxo,LOUD,Killjoy,6,1,0,0,0,0,0,0,0,83,0,1
459530,Split,Asuna,100T,Raze,3,0,1,0,0,0,0,0,0,58,1,1
459530,Split,Boostio,100T,Breach,1,0,0,0,0,0,0,0,0,26,1,1
459530,Split,eeiu,100T,Tejo,3,0,1,0,0,0,0,0,0,48,1,0
459530,Split,Cryocells,100T,Sage,4,2,0,0,0,0,0,0,0,87,2,0
459530,Split,zander,100T,Astra,7,0,0,0,0,0,0,0,0,76,2,0
459530,Split,pANcada,LOUD,Omen,1,0,0,0,0,0,0,0,0,43,2,0
459530,Split,v1nny,LOUD,Breach,0,1,0,0,1,0,0,0,0,18,4,0
459530,Split,cauanzin,LOUD,Tejo,5,0,0,0,0,0,0,0,0,63,0,1
459530,Split,dgzin,LOUD,Raze,2,0,0,0,0,0,0,0,0,43,0,0
459530,Split,lukxo,LOUD,Viper,4,2,0,0,1,0,0,0,0,68,1,0
459531,Icebox,lz,2G,Viper,3,2,0,0,1,1,0,0,0,65,3,1
459531,Icebox,silentzz,2G,Killjoy,1,1,0,0,0,0,0,0,0,43,0,1
459531,Icebox,PxS,2G,Kayo,1,0,0,0,0,0,0,0,0,27,4,0
459531,Icebox,gobera,2G,Tejo,0,0,0,0,0,0,0,0,0,26,0,0
459531,Icebox,Askia,2G,Jett,4,1,0,0,0,0,0,0,0,57,0,0
459531,Icebox,Melser,KRÜ,Viper,3,1,0,0,0,0,0,0,0,65,1,1
459531,Icebox,keznit,KRÜ,Jett,2,3,0,0,0,0,0,0,0,80,0,0
459531,Icebox,adverso,KRÜ,Sova,1,1,0,0,1,0,0,0,0,47,0,0
459531,Icebox,Mazino,KRÜ,Harbor,3,2,0,0,0,0,0,0,0,74,6,2
459531,Icebox,Shyy,KRÜ,Killjoy,3,0,0,0,0,0,0,0,0,50,0,1
459531,Ascent,lz,2G,Omen,5,0,1,0,1,1,0,0,0,85,1,1
459531,Ascent,silentzz,2G,Vyse,3,0,0,0,0,0,0,0,0,44,1,0
459531,Ascent,PxS,2G,Kayo,1,1,0,0,1,0,0,0,0,37,1,1
459531,Ascent,gobera,2G,Tejo,1,0,1,0,0,0,0,0,0,47,2,1
459531,Ascent,Askia,2G,Jett,4,0,0,0,0,0,0,0,0,42,0,0
459531,Ascent,Melser,KRÜ,Omen,1,0,0,0,0,0,0,0,0,52,0,0
459531,Ascent,keznit,KRÜ,Yoru,4,0,0,0,0,0,0,0,0,63,0,0
459531,Ascent,adverso,KRÜ,Sova,4,0,0,0,1,0,0,0,0,64,0,1
459531,Ascent,Mazino,KRÜ,Deadlock,2,0,0,0,0,0,0,0,0,42,3,0
459531,Ascent,Shyy,KRÜ,Cypher,0,0,0,0,0,0,0,0,0,36,0,0
459531,Pearl,lz,2G,Astra,4,0,0,0,0,0,0,0,0,39,1,0
459531,Pearl,silentzz,2G,Vyse,1,1,1,0,0,0,0,0,0,56,0,0
459531,Pearl,PxS,2G,Fade,3,1,0,0,0,0,0,0,0,49,5,1
459531,Pearl,gobera,2G,Tejo,2,0,0,0,0,0,0,0,0,44,0,1
459531,Pearl,Askia,2G,Yoru,1,0,0,0,0,1,0,0,0,26,0,2
459531,Pearl,Melser,KRÜ,Astra,4,0,0,0,1,0,0,0,0,74,3,1
459531,Pearl,keznit,KRÜ,Yoru,3,0,0,0,0,0,0,0,0,41,0,1
459531,Pearl,adverso,KRÜ,Sova,6,0,0,0,0,0,0,0,0,59,1,2
459531,Pearl,Mazino,KRÜ,Vyse,5,1,0,0,0,0,0,0,0,68,1,1
459531,Pearl,Shyy,KRÜ,Chamber,2,2,0,0,0,0,0,0,0,63,0,1
459532,Lotus,valyn,G2,Omen,0,1,0,0,0,0,1,0,0,45,0,1
459532,Lotus,jawgemo,G2,Yoru,5,3,1,0,2,0,0,0,0,97,0,2
459532,Lotus,JonahP,G2,Breach,1,0,0,0,1,0,0,0,0,44,2,2
459532,Lotus,leaf,G2,Viper,3,1,0,0,0,0,0,0,0,77,0,0
459532,Lotus,trent,G2,Tejo,3,0,0,0,0,0,0,0,0,60,0,1
459532,Lotus,FiNESSE,NRG,Vyse,1,0,0,0,0,0,0,0,0,46,0,0
459532,Lotus,brawk,NRG,Tejo,2,0,0,0,0,0,0,0,0,59,2,0
459532,Lotus,s0m,NRG,Omen,1,1,0,0,0,0,0,0,0,33,2,0
459532,Lotus,mada,NRG,Raze,1,0,0,0,0,0,0,0,0,35,1,0
459532,Lotus,Ethan,NRG,Breach,0,1,0,0,0,0,0,0,0,43,2,0
459532,Ascent,valyn,G2,Omen,5,0,0,0,0,0,0,0,0,45,1,0
459532,Ascent,jawgemo,G2,Waylay,1,2,1,0,0,0,0,0,0,59,1,0
459532,Ascent,JonahP,G2,Kayo,1,1,0,0,0,0,0,0,0,39,6,0
459532,Ascent,leaf,G2,Vyse,3,2,0,0,1,0,0,0,0,41,0,0
459532,Ascent,trent,G2,Tejo,4,0,0,0,1,1,0,0,0,51,3,1
459532,Ascent,FiNESSE,NRG,Cypher,0,0,1,0,1,0,0,0,0,53,0,0
459532,Ascent,brawk,NRG,Sova,1,1,0,0,0,0,0,0,0,66,2,0
459532,Ascent,s0m,NRG,Omen,2,1,0,0,0,0,0,0,0,47,2,0
459532,Ascent,mada,NRG,Jett,1,2,0,0,0,0,0,0,0,53,0,1
459532,Ascent,Ethan,NRG,Kayo,3,1,0,0,0,0,0,0,0,60,1,0
459533,Ascent,pryze,FUR,Sova,2,1,0,0,1,0,0,0,0,68,3,0
459533,Ascent,Khalil,FUR,Omen,5,0,0,0,0,0,0,0,0,58,0,0
459533,Ascent,heat,FUR,Vyse,1,0,0,0,0,0,0,0,0,39,0,0
459533,Ascent,havoc,FUR,Yoru,2,0,0,0,0,0,0,0,0,34,1,0
459533,Ascent,raafa,FUR,Tejo,2,0,0,0,0,0,0,0,0,39,1,0
459533,Ascent,C0M,LEV,Tejo,5,0,1,0,0,1,1,0,0,88,1,1
459533,Ascent,Rossy,LEV,Kayo,2,0,0,0,0,0,0,0,0,28,0,0
459533,Ascent,tex,LEV,Vyse,3,0,0,0,0,0,0,0,0,62,2,0
459533,Ascent,kiNgg,LEV,Waylay,2,0,1,0,0,0,0,0,0,61,0,1
459533,Ascent,Demon1,LEV,Omen,2,1,0,0,0,0,0,0,0,58,1,0
459533,Pearl,pryze,FUR,Fade,2,0,0,0,1,0,0,0,0,28,0,1
459533,Pearl,Khalil,FUR,Astra,0,0,0,0,1,0,0,0,0,46,2,0
459533,Pearl,heat,FUR,Vyse,3,2,0,0,2,0,0,0,0,68,1,0
459533,Pearl,havoc,FUR,Yoru,2,0,0,0,0,0,0,0,0,37,2,0
459533,Pearl,raafa,FUR,Tejo,0,1,0,0,0,1,0,0,0,47,2,0
459533,Pearl,C0M,LEV,Fade,1,0,0,0,0,0,1,0,0,43,3,0
459533,Pearl,Rossy,LEV,Tejo,3,0,1,0,0,1,0,0,0,59,1,2
459533,Pearl,tex,LEV,Vyse,4,1,1,0,0,0,0,0,0,64,0,0
459533,Pearl,kiNgg,LEV,Yoru,3,1,0,0,0,0,0,0,0,60,1,0
459533,Pearl,Demon1,LEV,Astra,3,1,0,0,0,0,0,0,0,62,0,1
459534,Pearl,mitch,C9,Sova,0,1,0,0,0,0,0,0,0,27,3,0
459534,Pearl,neT,C9,Cypher,0,0,1,0,0,0,0,0,0,37,1,2
459534,Pearl,Xeppaa,C9,Yoru,7,0,0,0,0,0,0,0,0,57,1,1
459534,Pearl,v1c,C9,Astra,2,1,1,0,0,0,0,0,0,60,5,0
459534,Pearl,OXY,C9,Jett,4,0,1,0,0,0,0,0,0,51,0,0
459534,Pearl,cortezia,MIBR,Vyse,5,1,1,0,1,0,0,0,0,75,0,1
459534,Pearl,artzin,MIBR,Kayo,2,0,0,0,0,0,0,0,0,37,7,0
459534,Pearl,aspas,MIBR,Waylay,5,1,0,0,0,0,0,0,0,41,0,0
459534,Pearl,xenom,MIBR,Astra,1,0,0,0,0,1,0,0,0,39,0,0
459534,Pearl,Verno,MIBR,Tejo,2,1,0,0,1,0,0,0,0,56,3,1
459534,Lotus,mitch,C9,Breach,5,1,0,0,1,0,0,0,0,50,6,2
459534,Lotus,neT,C9,Cypher,3,4,0,0,2,0,0,0,0,55,2,1
459534,Lotus,Xeppaa,C9,Tejo,0,0,0,0,0,0,0,0,0,30,1,0
459534,Lotus,v1c,C9,Omen,4,1,2,0,0,0,0,0,0,54,0,0
459534,Lotus,OXY,C9,Neon,1,1,2,0,0,0,0,0,0,43,0,1
459534,Lotus,cortezia,MIBR,Vyse,3,1,1,0,0,1,0,0,0,55,0,1
459534,Lotus,artzin,MIBR,Breach,4,0,0,0,0,0,0,0,0,42,5,1
459534,Lotus,aspas,MIBR,Neon,4,1,0,0,0,0,0,0,0,44,0,0
459534,Lotus,xenom,MIBR,Omen,4,2,0,0,0,1,0,0,0,42,2,0
459534,Lotus,Verno,MIBR,Tejo,2,2,0,0,2,0,0,0,0,44,1,3
459534,Haven,mitch,C9,Breach,2,0,0,0,1,0,0,0,0,23,6,0
459534,Haven,neT,C9,Cypher,1,0,0,0,0,0,0,0,0,27,1,0
459534,Haven,Xeppaa,C9,Sova,4,0,0,0,0,0,0,0,0,55,2,0
459534,Haven,v1c,C9,Omen,3,1,0,0,1,0,0,0,0,56,1,1
459534,Haven,OXY,C9,Jett,7,1,1,0,0,0,0,0,0,69,0,1
459534,Haven,cortezia,MIBR,Cypher,5,0,1,0,0,0,1,0,0,59,1,0
459534,Haven,artzin,MIBR,Breach,1,0,0,0,0,0,0,0,0,53,6,0
459534,Haven,aspas,MIBR,Jett,4,2,1,0,2,0,0,0,0,77,1,0
459534,Haven,xenom,MIBR,Omen,4,0,0,0,0,0,0,0,0,36,0,0
459534,Haven,Verno,MIBR,Tejo,1,0,0,0,0,1,0,0,0,37,3,2
459535,Ascent,Asuna,100T,Tejo,2,0,1,0,1,0,0,0,0,52,4,1
459535,Ascent,Boostio,100T,Killjoy,3,3,0,0,0,0,0,0,0,66,1,0
459535,Ascent,eeiu,100T,Sova,2,0,0,0,1,0,0,0,0,38,2,0
459535,Ascent,Cryocells,100T,Yoru,5,2,1,0,0,0,0,0,0,67,1,0
459535,Ascent,zander,100T,Omen,4,0,0,0,0,0,0,0,0,40,0,0
459535,Ascent,lz,2G,Omen,3,2,0,0,0,0,0,0,0,40,2,0
459535,Ascent,silentzz,2G,Vyse,6,1,0,0,0,0,0,0,0,43,0,0
459535,Ascent,PxS,2G,Kayo,2,1,0,0,0,1,0,0,0,34,3,1
459535,Ascent,gobera,2G,Tejo,2,2,0,0,1,0,0,0,0,53,2,1
459535,Ascent,Askia,2G,Jett,4,0,0,0,0,0,0,0,0,42,0,0
459535,Icebox,Asuna,100T,Gekko,1,0,0,0,1,0,0,0,0,54,7,1
459535,Icebox,Boostio,100T,Killjoy,2,1,1,1,0,0,0,0,0,73,0,0
459535,Icebox,eeiu,100T,Sova,4,0,0,0,0,0,0,0,0,51,0,2
459535,Icebox,Cryocells,100T,Jett,4,1,1,0,0,0,0,0,0,86,0,0
459535,Icebox,zander,100T,Viper,3,1,0,0,0,0,0,0,0,58,0,0
459535,Icebox,lz,2G,Viper,1,1,0,0,1,0,0,0,0,44,1,0
459535,Icebox,silentzz,2G,Killjoy,1,0,0,0,0,0,0,0,0,30,0,0
459535,Icebox,PxS,2G,Kayo,2,0,0,0,1,0,0,0,0,37,7,0
459535,Icebox,gobera,2G,Tejo,1,0,0,0,0,0,0,0,0,31,0,1
459535,Icebox,Askia,2G,Jett,3,0,0,0,0,0,0,0,0,77,0,0
459536,Lotus,valyn,G2,Omen,3,1,1,0,0,0,0,0,0,76,1,0
459536,Lotus,jawgemo,G2,Yoru,5,2,0,0,0,0,0,0,0,53,0,1
459536,Lotus,JonahP,G2,Breach,0,0,0,0,0,0,0,0,0,22,7,0
459536,Lotus,leaf,G2,Viper,4,1,0,0,2,0,0,0,0,53,0,0
459536,Lotus,trent,G2,Tejo,3,0,0,0,0,0,0,0,0,70,0,2
459536,Lotus,C0M,LEV,Tejo,2,1,0,0,0,0,0,0,0,44,7,0
459536,Lotus,Rossy,LEV,Breach,1,1,0,0,0,0,0,0,0,41,1,0
459536,Lotus,tex,LEV,Viper,3,0,0,0,1,0,0,0,0,38,1,1
459536,Lotus,kiNgg,LEV,Omen,2,1,0,0,1,0,0,0,0,51,0,0
459536,Lotus,Demon1,LEV,Neon,4,2,0,0,0,1,0,0,0,59,0,0
459536,Fracture,valyn,G2,Brimstone,1,3,0,0,0,0,0,0,0,49,3,1
459536,Fracture,jawgemo,G2,Waylay,2,0,0,0,0,0,0,0,0,33,1,0
459536,Fracture,JonahP,G2,Breach,4,0,0,0,0,0,0,0,0,37,4,1
459536,Fracture,leaf,G2,Cypher,3,2,0,0,1,0,0,0,0,49,0,0
459536,Fracture,trent,G2,Tejo,4,2,0,0,0,0,1,0,0,61,0,1
459536,Fracture,C0M,LEV,Tejo,3,1,0,0,0,2,0,0,0,66,1,2
459536,Fracture,Rossy,LEV,Breach,6,0,0,0,0,0,0,0,0,49,6,0
459536,Fracture,tex,LEV,Vyse,3,2,1,0,0,1,0,0,0,81,0,1
459536,Fracture,kiNgg,LEV,Neon,4,0,0,0,0,0,0,0,0,32,0,0
459536,Fracture,Demon1,LEV,Brimstone,5,1,0,0,0,0,0,0,0,61,1,1
459536,Haven,valyn,G2,Astra,2,1,0,0,0,1,0,0,0,52,1,1
459536,Haven,jawgemo,G2,Yoru,1,1,0,0,0,0,0,0,0,50,0,0
459536,Haven,JonahP,G2,Breach,2,0,0,0,0,0,0,0,0,42,3,1
459536,Haven,leaf,G2,Vyse,1,1,2,0,0,0,0,0,0,74,0,1
459536,Haven,trent,G2,Tejo,5,0,1,0,0,1,0,0,0,81,1,0
459536,Haven,C0M,LEV,Tejo,1,1,0,0,0,0,0,0,0,32,1,2
459536,Haven,Rossy,LEV,Breach,3,1,0,0,0,0,0,0,0,60,3,1
459536,Haven,tex,LEV,Vyse,1,1,0,0,0,0,0,0,0,38,1,0
459536,Haven,kiNgg,LEV,Omen,2,0,0,0,0,0,0,0,0,33,0,0
459536,Haven,Demon1,LEV,Jett,3,1,1,0,0,0,0,0,0,57,0,0
459537,Lotus,pryze,FUR,Fade,2,0,0,0,2,0,0,0,0,33,1,0
459537,Lotus,Khalil,FUR,Omen,2,3,0,0,0,0,0,0,0,47,1,0
459537,Lotus,heat,FUR,Clove,4,1,1,0,1,0,0,0,0,53,0,0
459537,Lotus,havoc,FUR,Neon,3,0,2,0,0,0,0,0,0,48,1,0
459537,Lotus,raafa,FUR,Breach,3,1,0,0,0,0,0,0,0,39,10,1
459537,Lotus,mitch,C9,Breach,3,1,1,0,0,0,0,0,0,44,6,1
459537,Lotus,neT,C9,Cypher,2,0,0,0,0,0,0,0,0,25,1,0
459537,Lotus,Xeppaa,C9,Tejo,4,2,0,0,3,0,0,0,0,40,1,1
459537,Lotus,v1c,C9,Omen,7,1,0,0,1,0,0,0,0,55,2,1
459537,Lotus,OXY,C9,Neon,6,1,0,0,1,0,0,0,0,48,1,1
459537,Pearl,pryze,FUR,Tejo,0,0,0,0,0,0,0,0,0,27,4,0
459537,Pearl,Khalil,FUR,Astra,1,1,0,0,0,0,0,0,0,39,1,0
459537,Pearl,heat,FUR,Vyse,1,0,0,0,0,0,0,0,0,33,0,0
459537,Pearl,havoc,FUR,Jett,1,0,0,0,0,0,0,0,0,34,1,0
459537,Pearl,raafa,FUR,Kayo,2,0,0,0,0,0,0,0,0,42,2,0
459537,Pearl,mitch,C9,Sova,2,0,0,0,0,0,0,0,0,55,0,1
459537,Pearl,neT,C9,Cypher,1,2,0,0,0,0,0,0,0,62,0,0
459537,Pearl,Xeppaa,C9,Yoru,4,0,0,0,1,1,0,0,0,72,0,5
459537,Pearl,v1c,C9,Astra,1,0,0,1,0,0,0,0,0,70,2,0
459537,Pearl,OXY,C9,Jett,3,1,0,0,0,0,0,0,0,82,0,1
459538,Split,Zellsis,SEN,Viper,2,1,0,0,1,0,0,0,0,50,0,1
459538,Split,johnqt,SEN,Tejo,5,0,0,0,0,0,0,0,0,76,4,0
459538,Split,bang,SEN,Omen,2,1,1,0,0,1,0,0,0,50,1,0
459538,Split,zekken,SEN,Yoru,1,3,0,0,0,0,0,0,0,52,1,1
459538,Split,N4RRATE,SEN,Breach,4,0,0,0,0,0,0,0,0,54,4,1
459538,Split,pANcada,LOUD,Omen,2,1,0,1,0,0,0,0,0,59,2,1
459538,Split,tuyz,LOUD,Breach,0,2,0,0,0,1,0,0,0,47,6,0
459538,Split,cauanzin,LOUD,Tejo,0,1,0,0,0,0,0,0,0,21,0,2
459538,Split,dgzin,LOUD,Jett,3,0,0,0,0,0,0,0,0,49,0,0
459538,Split,lukxo,LOUD,Viper,3,3,0,0,1,0,0,0,0,68,0,0
459538,Lotus,Zellsis,SEN,Viper,2,1,0,0,0,0,0,0,0,37,3,0
459538,Lotus,johnqt,SEN,Breach,2,1,0,0,0,0,0,0,0,52,3,1
459538,Lotus,bang,SEN,Omen,4,0,0,0,0,0,0,0,0,41,0,0
459538,Lotus,zekken,SEN,Neon,1,2,0,0,0,0,0,0,0,37,0,0
459538,Lotus,N4RRATE,SEN,Tejo,6,1,0,0,0,1,0,0,0,97,1,1
459538,Lotus,pANcada,LOUD,Omen,2,0,0,0,0,0,0,0,0,31,1,0
459538,Lotus,tuyz,LOUD,Breach,1,1,0,0,0,0,0,0,0,29,8,0
459538,Lotus,cauanzin,LOUD,Tejo,5,0,0,0,0,0,0,0,0,47,0,1
459538,Lotus,dgzin,LOUD,Neon,5,2,1,0,0,0,0,0,0,73,0,0
459538,Lotus,lukxo,LOUD,Vyse,2,2,1,0,0,0,1,0,0,73,0,1
459538,Haven,Zellsis,SEN,Cypher,3,3,0,0,0,0,0,0,0,79,0,0
459538,Haven,johnqt,SEN,Breach,3,3,0,0,1,1,0,0,0,69,7,2
459538,Haven,bang,SEN,Omen,0,0,0,0,0,0,0,0,0,32,1,0
459538,Haven,zekken,SEN,Neon,1,1,0,0,0,0,0,0,0,38,0,0
459538,Haven,N4RRATE,SEN,Sova,4,1,0,0,0,0,0,0,0,106,0,0
459538,Haven,pANcada,LOUD,Omen,0,1,0,0,0,0,0,0,0,42,0,0
459538,Haven,tuyz,LOUD,Breach,0,0,0,0,0,0,0,0,0,33,4,0
459538,Haven,cauanzin,LOUD,Tejo,0,0,0,0,0,0,0,0,0,28,0,0
459538,Haven,dgzin,LOUD,Neon,3,0,0,0,0,0,0,0,0,38,0,0
459538,Haven,lukxo,LOUD,Cypher,2,1,0,1,0,0,0,0,0,77,0,0
459539,Lotus,Melser,KRÜ,Omen,0,0,0,0,0,0,0,0,0,32,0,0
459539,Lotus,keznit,KRÜ,Yoru,0,0,1,0,0,0,0,0,0,37,0,0
459539,Lotus,adverso,KRÜ,Tejo,2,0,0,0,0,0,0,0,0,44,1,0
459539,Lotus,Mazino,KRÜ,Breach,1,3,0,0,0,0,0,0,0,53,0,0
459539,Lotus,Shyy,KRÜ,Vyse,3,0,0,0,1,1,0,0,0,51,2,1
459539,Lotus,supamen,EG,Viper,3,3,0,0,0,0,0,0,0,118,2,0
459539,Lotus,yay,EG,Clove,0,0,0,0,0,0,0,0,0,25,1,0
459539,Lotus,Derrek,EG,Tejo,1,2,0,0,0,0,0,0,0,54,4,0
459539,Lotus,NaturE,EG,Fade,2,2,0,0,0,0,0,0,0,63,4,0
459539,Lotus,icy,EG,Raze,2,2,0,0,0,0,0,0,0,69,1,1
459539,Pearl,Melser,KRÜ,Astra,4,0,0,0,1,0,0,0,0,46,3,1
459539,Pearl,keznit,KRÜ,Yoru,3,1,0,0,0,0,0,0,0,63,0,0
459539,Pearl,adverso,KRÜ,Sova,1,0,0,0,0,0,0,0,0,47,4,0
459539,Pearl,Mazino,KRÜ,Vyse,3,2,0,0,0,1,0,0,0,50,1,0
459539,Pearl,Shyy,KRÜ,Chamber,3,1,0,0,0,0,0,0,0,53,0,0
459539,Pearl,supamen,EG,Astra,3,2,1,0,2,1,0,0,0,64,1,1
459539,Pearl,yay,EG,Jett,2,0,0,0,0,0,0,0,0,36,0,0
459539,Pearl,Derrek,EG,Tejo,6,0,0,0,1,0,0,0,0,77,5,1
459539,Pearl,NaturE,EG,Vyse,4,0,0,1,0,0,1,0,0,70,4,0
459539,Pearl,icy,EG,Yoru,4,0,0,0,0,0,0,0,0,47,1,1
459540,Haven,FiNESSE,NRG,Cypher,2,0,0,0,0,0,0,0,0,33,0,0
459540,Haven,brawk,NRG,Sova,0,1,0,0,0,0,0,0,0,46,2,0
459540,Haven,s0m,NRG,Omen,0,1,0,0,0,0,0,0,0,30,3,0
459540,Haven,mada,NRG,Jett,4,2,0,0,0,0,0,0,0,79,0,1
459540,Haven,Ethan,NRG,Yoru,3,0,0,0,0,0,0,0,0,53,0,3
459540,Haven,cortezia,MIBR,Cypher,2,0,0,0,0,0,0,0,0,41,0,1
459540,Haven,artzin,MIBR,Breach,2,1,0,0,0,0,0,0,0,47,6,0
459540,Haven,aspas,MIBR,Jett,5,1,0,0,0,0,0,0,0,61,2,1
459540,Haven,xenom,MIBR,Omen,2,0,0,0,0,0,0,0,0,39,1,0
459540,Haven,Verno,MIBR,Tejo,3,1,1,0,1,1,0,0,0,106,1,3
459540,Icebox,FiNESSE,NRG,Killjoy,1,1,0,0,1,0,0,0,0,32,1,1
459540,Icebox,brawk,NRG,Sova,1,1,0,0,0,0,0,0,0,32,3,0
459540,Icebox,s0m,NRG,Viper,1,0,1,0,0,0,0,0,0,49,3,0
459540,Icebox,mada,NRG,Jett,2,0,0,0,0,0,0,0,0,51,0,0
459540,Icebox,Ethan,NRG,Harbor,4,2,0,0,0,0,0,0,0,67,5,0
459540,Icebox,cortezia,MIBR,Killjoy,2,2,0,0,0,1,0,0,0,57,1,1
459540,Icebox,artzin,MIBR,Harbor,0,0,0,0,0,0,0,0,0,22,4,1
459540,Icebox,aspas,MIBR,Jett,4,3,0,0,0,1,0,0,0,100,0,2
459540,Icebox,xenom,MIBR,Viper,2,1,1,0,1,0,0,0,0,60,0,2
459540,Icebox,Verno,MIBR,Sova,5,0,0,0,0,0,1,0,0,62,0,3
459541,Icebox,valyn,G2,Harbor,3,1,0,0,1,0,0,0,0,64,0,0
459541,Icebox,jawgemo,G2,Gekko,5,0,0,0,0,0,0,0,0,50,10,2
459541,Icebox,JonahP,G2,Viper,2,1,0,0,0,0,0,0,0,50,0,0
459541,Icebox,leaf,G2,Killjoy,4,2,0,0,0,1,0,0,0,65,0,0
459541,Icebox,trent,G2,Tejo,3,0,0,0,0,1,1,0,0,68,0,0
459541,Icebox,mitch,C9,Harbor,2,0,0,0,0,0,0,0,0,41,3,1
459541,Icebox,neT,C9,Killjoy,1,1,0,0,0,0,0,0,0,54,0,0
459541,Icebox,Xeppaa,C9,Sova,3,0,1,0,0,0,0,0,0,53,0,1
459541,Icebox,v1c,C9,Viper,3,0,0,0,0,0,0,0,0,86,0,0
459541,Icebox,OXY,C9,Jett,1,0,0,0,0,0,0,0,0,29,0,0
459541,Haven,valyn,G2,Astra,0,0,0,0,0,0,0,0,0,37,0,0
459541,Haven,jawgemo,G2,Yoru,3,0,1,0,0,0,0,0,0,54,0,0
459541,Haven,JonahP,G2,Breach,2,0,0,0,0,0,0,0,0,54,1,0
459541,Haven,leaf,G2,Vyse,2,1,0,0,0,0,0,0,0,53,1,0
459541,Haven,trent,G2,Tejo,2,0,0,0,0,0,0,0,0,52,1,0
459541,Haven,mitch,C9,Breach,4,0,0,0,0,1,0,0,0,63,7,1
459541,Haven,neT,C9,Cypher,4,0,0,0,1,0,0,0,0,67,0,0
459541,Haven,Xeppaa,C9,Sova,2,0,0,0,0,0,0,0,0,61,0,0
459541,Haven,v1c,C9,Omen,2,0,0,0,1,1,0,0,0,44,2,1
459541,Haven,OXY,C9,Jett,4,1,1,0,0,0,0,0,0,79,0,0
459541,Pearl,valyn,G2,Astra,3,0,0,0,0,0,0,0,0,55,2,0
459541,Pearl,jawgemo,G2,Yoru,4,3,0,0,0,0,0,0,0,55,1,0
459541,Pearl,JonahP,G2,Fade,4,1,0,0,0,0,0,0,0,37,1,3
459541,Pearl,leaf,G2,Vyse,1,1,0,0,0,0,0,0,0,43,1,0
459541,Pearl,trent,G2,Tejo,7,0,0,0,0,1,0,0,0,69,3,0
459541,Pearl,mitch,C9,Sova,4,0,1,0,0,1,0,0,0,76,5,1
459541,Pearl,neT,C9,Cypher,3,0,1,0,0,0,0,0,0,39,0,0
459541,Pearl,Xeppaa,C9,Yoru,1,2,0,0,0,0,0,0,0,51,1,0
459541,Pearl,v1c,C9,Astra,2,1,0,0,0,0,0,0,0,40,3,1
459541,Pearl,OXY,C9,Jett,4,1,0,0,0,0,0,0,0,39,0,0
459542,Icebox,cortezia,MIBR,Killjoy,3,0,0,0,0,0,0,0,0,65,0,2
459542,Icebox,artzin,MIBR,Harbor,1,0,0,0,0,0,0,0,0,28,2,0
459542,Icebox,aspas,MIBR,Jett,3,5,0,0,0,1,0,0,0,138,0,4
459542,Icebox,xenom,MIBR,Viper,2,0,0,0,0,0,0,0,0,43,0,0
459542,Icebox,Verno,MIBR,Sova,1,1,0,0,0,0,0,0,0,48,0,2
459542,Icebox,pryze,FUR,Tejo,2,0,0,0,0,0,0,0,0,39,8,0
459542,Icebox,Khalil,FUR,Viper,1,1,0,0,0,0,0,0,0,40,0,0
459542,Icebox,heat,FUR,Killjoy,0,1,0,0,0,0,0,0,0,39,0,0
459542,Icebox,havoc,FUR,Jett,3,0,0,0,0,0,0,0,0,39,0,0
459542,Icebox,raafa,FUR,Kayo,0,0,0,0,0,0,0,0,0,22,3,0
459542,Ascent,cortezia,MIBR,Cypher,3,1,0,0,0,0,0,0,0,65,1,0
459542,Ascent,artzin,MIBR,Kayo,6,0,0,0,0,0,0,0,0,59,5,0
459542,Ascent,aspas,MIBR,Jett,0,1,0,0,0,0,0,0,0,43,0,0
459542,Ascent,xenom,MIBR,Omen,3,0,1,0,0,0,0,0,0,44,0,0
459542,Ascent,Verno,MIBR,Sova,3,1,0,0,0,0,0,0,0,53,1,0
459542,Ascent,pryze,FUR,Sova,4,2,1,0,1,2,0,0,0,81,3,0
459542,Ascent,Khalil,FUR,Omen,0,0,0,0,0,1,0,0,0,38,2,0
459542,Ascent,heat,FUR,Vyse,5,1,0,0,0,1,0,0,0,70,2,0
459542,Ascent,havoc,FUR,Jett,3,3,0,0,0,0,0,0,0,56,0,0
459542,Ascent,raafa,FUR,Kayo,1,0,0,0,0,0,0,0,0,19,3,0
459542,Split,cortezia,MIBR,Omen,2,0,0,0,0,0,0,0,0,24,0,0
459542,Split,artzin,MIBR,Breach,5,0,0,0,0,0,0,0,0,64,4,0
459542,Split,aspas,MIBR,Jett,4,2,1,0,0,0,0,0,0,63,0,0
459542,Split,xenom,MIBR,Viper,1,1,0,0,0,0,0,0,0,48,0,0
459542,Split,Verno,MIBR,Tejo,3,2,0,0,1,0,0,0,0,76,4,1
459542,Split,pryze,FUR,Tejo,1,1,0,0,0,0,0,0,0,47,2,0
459542,Split,Khalil,FUR,Omen,5,0,0,0,1,0,0,0,0,66,1,1
459542,Split,heat,FUR,Viper,2,0,0,0,0,0,0,0,0,40,1,0
459542,Split,havoc,FUR,Yoru,2,0,0,0,0,0,0,0,0,47,0,0
459542,Split,raafa,FUR,Breach,1,1,0,0,0,0,0,0,0,49,0,0
459543,Haven,Zellsis,SEN,Cypher,1,1,0,0,0,0,0,0,0,43,1,0
459543,Haven,johnqt,SEN,Breach,4,0,0,0,0,0,0,0,0,68,6,0
459543,Haven,bang,SEN,Omen,1,4,1,0,0,0,0,0,0,90,1,0
459543,Haven,zekken,SEN,Neon,3,2,1,0,0,0,0,0,0,107,0,0
459543,Haven,N4RRATE,SEN,Sova,2,0,0,0,0,0,0,0,0,45,2,1
459543,Haven,lz,2G,Omen,0,0,0,0,0,0,0,0,0,32,0,0
459543,Haven,silentzz,2G,Iso,1,0,1,0,0,1,0,0,0,53,1,0
459543,Haven,PxS,2G,Sova,0,0,0,0,1,0,0,0,0,36,0,0
459543,Haven,gobera,2G,Cypher,2,1,0,0,0,0,0,0,0,44,1,0
459543,Haven,Askia,2G,Yoru,1,0,0,0,0,1,0,0,0,30,0,1
459543,Pearl,Zellsis,SEN,Vyse,1,1,0,0,0,0,0,0,0,40,0,0
459543,Pearl,johnqt,SEN,Tejo,1,0,0,0,1,0,0,0,0,64,3,1
459543,Pearl,bang,SEN,Astra,2,0,0,0,1,1,0,0,0,46,1,2
459543,Pearl,zekken,SEN,Yoru,6,3,0,0,1,0,0,0,0,84,1,3
459543,Pearl,N4RRATE,SEN,Fade,2,1,0,0,0,0,0,0,0,55,1,0
459543,Pearl,lz,2G,Astra,3,0,0,0,0,0,0,0,0,38,1,0
459543,Pearl,silentzz,2G,Vyse,1,0,0,0,1,0,0,0,0,42,0,1
459543,Pearl,PxS,2G,Fade,2,1,0,0,0,0,0,0,0,56,3,0
459543,Pearl,gobera,2G,Tejo,2,0,0,0,0,0,0,0,0,55,5,0
459543,Pearl,Askia,2G,Yoru,2,2,0,0,0,0,0,0,0,57,1,0
459544,Fracture,Melser,KRÜ,Brimstone,2,0,1,0,0,1,0,0,0,59,0,0
459544,Fracture,keznit,KRÜ,Neon,3,0,1,0,0,0,0,0,0,49,0,2
459544,Fracture,adverso,KRÜ,Tejo,0,1,0,0,0,0,1,0,0,46,1,1
459544,Fracture,Mazino,KRÜ,Breach,5,1,0,0,0,0,0,0,0,57,5,1
459544,Fracture,Shyy,KRÜ,Vyse,4,0,0,0,0,0,0,0,0,61,0,0
459544,Fracture,Asuna,100T,Neon,5,1,0,0,0,0,0,0,0,59,1,0
459544,Fracture,Boostio,100T,Breach,1,0,1,0,0,0,0,0,0,33,5,0
459544,Fracture,eeiu,100T,Tejo,4,0,0,0,1,0,0,0,0,68,0,0
459544,Fracture,Cryocells,100T,Chamber,2,1,0,0,0,0,0,0,0,56,0,0
459544,Fracture,zander,100T,Brimstone,3,0,0,0,0,0,0,0,0,49,2,0
459544,Icebox,Melser,KRÜ,Viper,2,2,0,0,0,0,0,0,0,42,0,0
459544,Icebox,keznit,KRÜ,Jett,4,2,0,0,1,0,0,0,0,68,0,1
459544,Icebox,adverso,KRÜ,Sova,4,2,0,0,0,0,0,0,0,65,1,2
459544,Icebox,Mazino,KRÜ,Harbor,4,0,0,0,0,0,0,0,0,38,7,1
459544,Icebox,Shyy,KRÜ,Killjoy,7,1,0,0,0,0,0,0,0,71,1,1
459544,Icebox,Asuna,100T,Gekko,2,1,1,0,0,1,0,0,0,61,7,0
459544,Icebox,Boostio,100T,Killjoy,1,0,0,0,0,0,0,0,0,31,1,0
459544,Icebox,eeiu,100T,Sova,3,0,0,0,1,0,0,0,0,60,0,2
459544,Icebox,Cryocells,100T,Jett,5,0,0,0,1,0,0,0,0,58,0,1
459544,Icebox,zander,100T,Viper,2,1,0,0,0,0,0,0,0,42,0,0
459545,Lotus,supamen,EG,Viper,3,2,0,0,0,0,0,0,0,67,1,0
459545,Lotus,yay,EG,Clove,3,2,0,0,0,0,0,0,0,52,1,0
459545,Lotus,Derrek,EG,Tejo,2,1,0,0,1,0,0,0,0,44,4,0
459545,Lotus,NaturE,EG,Fade,3,0,0,0,0,2,0,0,0,36,3,0
459545,Lotus,icy,EG,Raze,2,0,1,0,0,0,0,0,0,57,0,0
459545,Lotus,pANcada,LOUD,Omen,6,1,1,0,1,1,0,0,0,106,0,0
459545,Lotus,tuyz,LOUD,Breach,2,0,1,0,0,1,0,0,0,55,7,1
459545,Lotus,cauanzin,LOUD,Tejo,4,0,0,0,0,0,0,0,0,39,0,0
459545,Lotus,dgzin,LOUD,Neon,4,0,0,0,0,0,0,0,0,26,0,0
459545,Lotus,lukxo,LOUD,Vyse,5,4,1,0,0,0,0,0,0,75,0,2
459545,Pearl,supamen,EG,Astra,2,2,0,0,0,1,0,0,0,43,1,0
459545,Pearl,yay,EG,Jett,5,2,0,0,0,0,0,0,0,60,0,1
459545,Pearl,Derrek,EG,Tejo,2,1,0,0,1,1,0,1,0,43,3,0
459545,Pearl,NaturE,EG,Vyse,0,1,1,0,0,1,0,0,0,49,3,0
459545,Pearl,icy,EG,Yoru,4,1,0,0,1,0,0,0,0,43,1,0
459545,Pearl,pANcada,LOUD,Astra,6,4,0,0,0,0,0,0,0,89,0,0
459545,Pearl,tuyz,LOUD,Fade,3,1,0,0,0,0,0,0,0,36,4,0
459545,Pearl,cauanzin,LOUD,Tejo,4,0,0,0,0,0,0,0,0,54,1,1
459545,Pearl,dgzin,LOUD,Yoru,3,1,0,0,0,0,0,0,0,29,2,1
459545,Pearl,lukxo,LOUD,Vyse,4,2,0,0,0,0,0,0,0,49,0,0
459545,Split,supamen,EG,Viper,2,0,0,0,0,0,0,0,0,41,0,0
459545,Split,yay,EG,Astra,2,0,0,0,0,0,0,0,0,47,0,0
459545,Split,Derrek,EG,Tejo,2,2,0,0,0,0,0,0,0,76,4,5
459545,Split,NaturE,EG,Breach,1,0,0,0,1,0,0,0,0,48,2,0
459545,Split,icy,EG,Raze,4,1,0,0,0,0,0,0,0,61,1,2
459545,Split,pANcada,LOUD,Omen,2,0,0,0,0,0,0,0,0,46,2,0
459545,Split,tuyz,LOUD,Breach,3,1,0,0,0,0,0,0,0,43,5,0
459545,Split,cauanzin,LOUD,Tejo,3,0,1,0,0,0,0,0,0,43,2,1
459545,Split,dgzin,LOUD,Jett,4,0,0,0,1,0,0,0,0,45,0,2
459545,Split,lukxo,LOUD,Viper,4,1,1,0,1,0,0,0,0,69,1,0
459546,Fracture,C0M,LEV,Tejo,1,2,0,0,0,0,0,0,0,51,0,0
459546,Fracture,Rossy,LEV,Breach,3,1,0,0,1,0,0,0,0,30,8,1
459546,Fracture,tex,LEV,Vyse,1,1,0,0,1,0,0,0,0,35,0,2
459546,Fracture,kiNgg,LEV,Neon,3,1,0,0,0,0,0,0,0,47,0,1
459546,Fracture,Demon1,LEV,Brimstone,2,1,1,0,0,1,0,0,0,45,0,0
459546,Fracture,FiNESSE,NRG,Cypher,1,0,0,0,0,0,0,0,0,26,2,0
459546,Fracture,brawk,NRG,Tejo,3,2,0,0,0,0,0,0,0,43,2,1
459546,Fracture,s0m,NRG,Brimstone,2,1,0,0,2,0,0,0,0,39,3,1
459546,Fracture,mada,NRG,Raze,5,3,0,0,0,0,0,0,0,58,0,0
459546,Fracture,Ethan,NRG,Breach,3,3,0,0,0,1,0,0,0,55,2,1
459546,Icebox,C0M,LEV,Tejo,1,0,0,0,0,0,0,0,0,32,0,1
459546,Icebox,Rossy,LEV,Kayo,0,0,0,0,0,0,0,0,0,35,2,0
459546,Icebox,tex,LEV,Killjoy,5,0,0,0,0,0,0,0,0,59,1,0
459546,Icebox,kiNgg,LEV,Viper,3,1,0,0,1,1,0,0,0,64,1,2
459546,Icebox,Demon1,LEV,Jett,1,2,0,0,1,0,0,0,0,59,0,0
459546,Icebox,FiNESSE,NRG,Killjoy,3,0,0,0,0,0,0,0,0,24,1,1
459546,Icebox,brawk,NRG,Gekko,3,1,1,0,0,0,0,0,0,59,5,1
459546,Icebox,s0m,NRG,Viper,4,1,0,0,0,0,0,0,0,57,1,0
459546,Icebox,mada,NRG,Reyna,5,1,1,0,0,0,0,0,0,84,0,0
459546,Icebox,Ethan,NRG,Kayo,4,0,0,0,1,0,0,0,0,63,2,0
475897,Split,cortezia,MIBR,Omen,2,1,2,0,0,0,0,0,0,58,2,0
475897,Split,artzin,MIBR,Breach,1,3,0,0,0,0,0,0,0,38,6,0
475897,Split,aspas,MIBR,Jett,3,0,0,0,0,0,0,0,0,39,0,0
475897,Split,xenom,MIBR,Viper,3,0,0,0,0,0,0,0,0,44,0,0
475897,Split,Verno,MIBR,Tejo,2,2,0,0,1,0,0,0,0,65,0,0
475897,Split,Asuna,100T,Raze,2,0,0,0,0,0,0,0,0,77,0,1
475897,Split,Boostio,100T,Breach,0,0,0,0,1,0,0,0,0,29,3,1
475897,Split,eeiu,100T,Tejo,2,1,0,0,0,0,0,0,0,37,0,0
475897,Split,Cryocells,100T,Sage,3,1,0,0,0,0,0,0,0,59,0,0
475897,Split,zander,100T,Astra,2,0,0,0,0,0,0,0,0,41,2,0
475897,Icebox,cortezia,MIBR,Killjoy,3,1,0,0,0,0,0,0,0,79,1,0
475897,Icebox,artzin,MIBR,Harbor,2,0,0,0,0,0,0,0,0,47,3,1
475897,Icebox,aspas,MIBR,Jett,4,3,0,0,0,0,0,0,0,95,0,0
475897,Icebox,xenom,MIBR,Viper,3,1,0,0,0,0,0,0,0,63,0,0
475897,Icebox,Verno,MIBR,Sova,2,0,0,0,0,1,0,0,0,55,0,4
475897,Icebox,Asuna,100T,Gekko,1,0,0,0,0,0,0,0,0,20,4,0
475897,Icebox,Boostio,100T,Killjoy,1,0,0,0,0,0,0,0,0,34,0,0
475897,Icebox,eeiu,100T,Sova,4,1,0,0,2,0,0,0,0,70,1,0
475897,Icebox,Cryocells,100T,Jett,3,0,0,0,0,0,0,0,0,46,0,0
475897,Icebox,zander,100T,Viper,0,0,0,0,1,0,0,0,0,33,2,0
475898,Ascent,Zellsis,SEN,Vyse,5,0,0,0,1,0,0,0,0,49,3,0
475898,Ascent,johnqt,SEN,Kayo,3,1,0,0,0,0,0,0,0,63,0,0
475898,Ascent,bang,SEN,Omen,4,0,0,0,0,0,0,0,0,43,1,0
475898,Ascent,zekken,SEN,Jett,4,3,0,0,0,2,0,0,0,71,1,2
475898,Ascent,N4RRATE,SEN,Tejo,3,1,0,0,0,0,0,0,0,71,2,0
475898,Ascent,mitch,C9,Sova,2,4,0,0,2,1,0,0,0,80,4,1
475898,Ascent,neT,C9,Deadlock,2,0,0,0,0,0,0,0,0,41,0,0
475898,Ascent,Xeppaa,C9,Vyse,2,0,0,0,0,0,0,0,0,48,1,1
475898,Ascent,v1c,C9,Omen,2,1,0,0,0,1,0,0,0,46,0,0
475898,Ascent,OXY,C9,Yoru,2,1,0,0,0,0,0,0,0,37,0,1
475898,Pearl,Zellsis,SEN,Vyse,3,0,0,0,2,1,0,0,0,42,3,0
475898,Pearl,johnqt,SEN,Tejo,4,0,1,0,0,0,0,0,0,61,2,0
475898,Pearl,bang,SEN,Astra,1,2,0,1,0,0,1,0,0,71,3,2
475898,Pearl,zekken,SEN,Yoru,1,2,0,1,0,0,0,0,0,50,3,1
475898,Pearl,N4RRATE,SEN,Fade,2,0,0,0,0,0,0,0,0,38,0,0
475898,Pearl,mitch,C9,Sova,3,0,0,0,0,1,0,0,0,45,3,1
475898,Pearl,neT,C9,Cypher,1,0,0,0,0,0,0,0,0,32,0,0
475898,Pearl,Xeppaa,C9,Yoru,3,1,0,0,0,0,0,0,0,50,1,0
475898,Pearl,v1c,C9,Astra,3,1,0,0,0,1,0,0,0,45,5,1
475898,Pearl,OXY,C9,Jett,3,2,0,0,0,0,0,0,0,56,0,0
475903,Fracture,Asuna,100T,Neon,4,0,0,0,0,0,0,0,0,55,0,0
475903,Fracture,Boostio,100T,Breach,2,0,0,0,0,0,0,0,0,57,3,1
475903,Fracture,eeiu,100T,Tejo,0,0,0,0,0,0,0,0,0,38,1,0
475903,Fracture,Cryocells,100T,Chamber,3,0,0,0,0,0,0,0,0,67,0,0
475903,Fracture,zander,100T,Brimstone,5,3,1,0,1,0,0,0,0,108,1,1
475903,Fracture,FiNESSE,NRG,Cypher,3,0,0,0,0,0,0,0,0,61,0,0
475903,Fracture,brawk,NRG,Tejo,1,0,0,0,0,0,0,0,0,48,2,0
475903,Fracture,s0m,NRG,Brimstone,1,0,0,0,0,0,0,0,0,32,0,0
475903,Fracture,mada,NRG,Raze,3,1,0,0,0,0,0,0,0,68,1,1
475903,Fracture,Ethan,NRG,Breach,1,0,0,0,1,0,0,0,0,53,3,0
475903,Haven,Asuna,100T,Neon,2,1,1,0,0,0,0,0,0,69,0,0
475903,Haven,Boostio,100T,Cypher,2,0,0,0,0,0,0,0,0,37,1,0
475903,Haven,eeiu,100T,Sova,4,0,0,0,1,2,0,0,0,42,2,1
475903,Haven,Cryocells,100T,Iso,4,0,0,0,0,0,0,0,0,45,1,0
475903,Haven,zander,100T,Omen,2,1,2,0,0,0,0,0,0,80,1,2
475903,Haven,FiNESSE,NRG,Cypher,2,0,0,0,0,0,0,0,0,37,0,0
475903,Haven,brawk,NRG,Tejo,5,1,0,0,0,0,0,0,0,52,3,0
475903,Haven,s0m,NRG,Omen,3,1,1,0,0,0,0,0,0,56,1,1
475903,Haven,mada,NRG,Jett,5,1,0,0,1,0,0,0,0,65,0,0
475903,Haven,Ethan,NRG,Breach,3,1,0,0,0,0,0,0,0,44,2,0
475904,Fracture,mitch,C9,Breach,3,0,0,0,1,0,0,0,0,44,5,1
475904,Fracture,neT,C9,Cypher,3,0,0,0,0,0,0,0,0,52,0,0
475904,Fracture,Xeppaa,C9,Tejo,3,0,0,0,0,1,0,0,0,33,1,1
475904,Fracture,v1c,C9,Brimstone,5,1,0,0,0,0,0,0,0,69,2,0
475904,Fracture,OXY,C9,Neon,3,0,0,0,0,0,0,0,0,45,1,0
475904,Fracture,supamen,EG,Brimstone,3,2,0,0,0,0,0,0,0,61,2,1
475904,Fracture,yay,EG,Cypher,4,2,0,1,0,0,0,0,0,61,1,0
475904,Fracture,Derrek,EG,Tejo,4,0,0,0,0,0,0,0,0,40,1,0
475904,Fracture,NaturE,EG,Breach,2,0,0,0,0,0,0,0,0,37,3,3
475904,Fracture,icy,EG,Raze,3,2,1,0,1,0,0,0,0,57,0,1
475904,Icebox,mitch,C9,Harbor,7,1,0,0,1,1,0,0,0,67,8,3
475904,Icebox,neT,C9,Killjoy,2,0,0,0,0,0,0,0,0,26,0,0
475904,Icebox,Xeppaa,C9,Sova,2,2,0,0,0,0,0,0,0,53,2,0
475904,Icebox,v1c,C9,Viper,3,0,0,0,1,0,0,0,0,34,0,1
475904,Icebox,OXY,C9,Jett,6,2,0,0,0,1,0,0,0,47,0,1
475904,Icebox,supamen,EG,Viper,2,2,0,0,0,0,1,0,0,41,0,0
475904,Icebox,yay,EG,Jett,4,1,1,0,0,0,0,0,0,55,0,2
475904,Icebox,Derrek,EG,Sova,3,1,0,0,0,0,0,0,0,47,5,1
475904,Icebox,NaturE,EG,Kayo,2,0,0,0,0,0,0,0,0,41,5,1
475904,Icebox,icy,EG,Killjoy,3,1,2,0,1,1,0,0,0,63,1,0
475899,Lotus,Melser,KRÜ,Omen,0,0,0,0,0,0,0,0,0,34,0,0
475899,Lotus,keznit,KRÜ,Neon,3,2,0,0,0,0,0,0,0,58,0,0
475899,Lotus,adverso,KRÜ,Tejo,1,1,0,0,0,0,0,0,0,45,5,0
475899,Lotus,Mazino,KRÜ,Breach,0,0,0,0,0,0,0,0,0,46,3,0
475899,Lotus,Shyy,KRÜ,Vyse,5,4,0,0,1,0,0,0,0,100,0,2
475899,Lotus,cortezia,MIBR,Omen,5,1,0,0,0,0,0,0,0,57,0,1
475899,Lotus,artzin,MIBR,Breach,4,0,0,0,0,0,0,0,0,45,6,0
475899,Lotus,aspas,MIBR,Neon,4,2,0,0,1,0,0,0,0,67,0,1
475899,Lotus,xenom,MIBR,Viper,0,1,0,0,1,1,0,0,0,35,1,1
475899,Lotus,Verno,MIBR,Tejo,4,2,0,0,0,0,0,0,0,60,2,1
475899,Icebox,Melser,KRÜ,Viper,2,0,0,0,0,0,0,0,0,42,0,0
475899,Icebox,keznit,KRÜ,Jett,1,0,0,0,0,0,0,0,0,36,1,1
475899,Icebox,adverso,KRÜ,Sova,2,1,0,0,0,0,0,0,0,51,0,0
475899,Icebox,Mazino,KRÜ,Harbor,1,0,1,0,0,0,0,0,0,45,3,0
475899,Icebox,Shyy,KRÜ,Killjoy,2,0,0,0,0,0,0,0,0,29,0,0
475899,Icebox,cortezia,MIBR,Killjoy,3,0,0,0,0,0,0,1,0,50,1,1
475899,Icebox,artzin,MIBR,Harbor,1,3,1,0,0,0,0,0,0,61,7,1
475899,Icebox,aspas,MIBR,Jett,2,2,1,0,0,0,0,0,0,63,0,0
475899,Icebox,xenom,MIBR,Viper,1,1,0,0,0,0,0,0,0,41,1,0
475899,Icebox,Verno,MIBR,Sova,0,1,0,0,0,0,0,0,0,51,0,0
475900,Split,valyn,G2,Omen,2,2,0,0,0,0,0,0,0,81,0,1
475900,Split,jawgemo,G2,Yoru,4,0,0,0,0,0,0,0,0,55,0,0
475900,Split,JonahP,G2,Breach,1,0,0,0,0,0,0,0,0,50,7,1
475900,Split,leaf,G2,Viper,1,3,0,0,0,0,0,0,0,49,0,1
475900,Split,trent,G2,Tejo,1,1,1,0,1,1,0,0,0,97,4,0
475900,Split,Zellsis,SEN,Viper,1,0,0,0,0,0,0,0,0,39,0,0
475900,Split,johnqt,SEN,Tejo,2,1,0,0,0,0,0,0,0,56,2,1
475900,Split,bang,SEN,Omen,0,0,0,0,1,0,0,0,0,44,0,1
475900,Split,zekken,SEN,Yoru,2,1,0,0,1,0,0,0,0,49,2,1
475900,Split,N4RRATE,SEN,Breach,1,0,0,0,0,0,0,0,0,44,0,0
475900,Icebox,valyn,G2,Harbor,4,1,0,0,1,0,0,0,0,43,0,1
475900,Icebox,jawgemo,G2,Gekko,0,0,0,0,0,0,0,0,0,33,8,2
475900,Icebox,JonahP,G2,Viper,0,0,1,0,0,0,0,0,0,33,0,0
475900,Icebox,leaf,G2,Killjoy,3,3,0,0,0,0,0,0,0,71,1,1
475900,Icebox,trent,G2,Tejo,2,2,0,0,1,0,2,0,0,62,0,0
475900,Icebox,Zellsis,SEN,Killjoy,4,1,0,0,0,0,0,0,0,68,1,0
475900,Icebox,johnqt,SEN,Tejo,3,0,0,0,1,0,0,0,0,65,1,1
475900,Icebox,bang,SEN,Viper,5,3,0,0,0,0,0,0,0,68,0,3
475900,Icebox,zekken,SEN,Omen,2,0,0,0,0,0,0,0,0,31,2,0
475900,Icebox,N4RRATE,SEN,Gekko,1,3,0,0,0,0,0,0,0,50,5,1
475900,Ascent,valyn,G2,Omen,3,1,1,0,0,0,0,0,0,53,1,0
475900,Ascent,jawgemo,G2,Waylay,2,2,0,0,0,0,0,0,0,50,0,0
475900,Ascent,JonahP,G2,Kayo,1,1,0,0,0,0,0,0,0,35,2,0
475900,Ascent,leaf,G2,Vyse,3,2,0,0,0,0,0,0,0,52,1,1
475900,Ascent,trent,G2,Tejo,8,0,0,0,0,0,0,0,0,67,3,1
475900,Ascent,Zellsis,SEN,Vyse,2,0,0,0,0,0,0,0,0,39,1,0
475900,Ascent,johnqt,SEN,Kayo,3,0,0,0,1,0,0,0,0,50,0,2
475900,Ascent,bang,SEN,Omen,1,2,1,0,1,1,0,0,0,65,2,1
475900,Ascent,zekken,SEN,Jett,4,1,0,0,1,0,0,0,0,56,0,1
475900,Ascent,N4RRATE,SEN,Tejo,2,0,0,0,0,0,0,0,0,38,2,1
475906,Lotus,Melser,KRÜ,Omen,4,0,0,0,1,0,0,0,0,46,0,0
475906,Lotus,keznit,KRÜ,Neon,6,2,0,0,0,0,0,0,0,56,0,1
475906,Lotus,adverso,KRÜ,Tejo,3,0,0,0,1,0,0,0,0,40,2,0
475906,Lotus,Mazino,KRÜ,Breach,3,0,0,0,0,0,0,0,0,36,7,1
475906,Lotus,Shyy,KRÜ,Vyse,3,2,0,0,0,0,0,0,0,53,1,0
475906,Lotus,supamen,EG,Viper,1,0,0,0,0,0,0,0,0,39,1,0
475906,Lotus,yay,EG,Clove,1,2,0,0,0,0,0,0,0,52,0,0
475906,Lotus,Derrek,EG,Tejo,6,0,0,0,1,0,0,0,0,74,4,0
475906,Lotus,NaturE,EG,Fade,3,1,0,0,1,0,0,0,0,42,2,0
475906,Lotus,icy,EG,Raze,4,2,0,0,1,0,0,0,0,71,2,3
475906,Icebox,Melser,KRÜ,Viper,2,0,0,0,0,0,0,0,0,40,2,1
475906,Icebox,keznit,KRÜ,Jett,3,1,0,0,0,1,0,0,0,58,0,1
475906,Icebox,adverso,KRÜ,Sova,2,0,0,0,0,0,0,0,0,60,1,0
475906,Icebox,Mazino,KRÜ,Harbor,5,2,0,0,0,0,0,0,0,58,7,0
475906,Icebox,Shyy,KRÜ,Killjoy,5,1,0,0,0,0,0,0,0,65,0,0
475906,Icebox,supamen,EG,Viper,4,0,0,0,1,0,1,0,0,45,1,1
475906,Icebox,yay,EG,Jett,4,0,1,0,1,0,0,0,0,61,0,1
475906,Icebox,Derrek,EG,Sova,1,1,0,0,0,0,0,0,0,45,6,0
475906,Icebox,NaturE,EG,Kayo,2,1,0,0,0,1,0,0,0,41,3,0
475906,Icebox,icy,EG,Killjoy,5,0,0,0,0,0,0,0,0,55,1,0
475905,Haven,valyn,G2,Astra,3,0,1,0,0,0,0,0,0,57,0,0
475905,Haven,jawgemo,G2,Yoru,2,0,0,0,0,0,0,0,0,40,0,2
475905,Haven,JonahP,G2,Breach,2,0,0,0,0,0,0,0,0,42,4,1
475905,Haven,leaf,G2,Vyse,2,0,0,0,0,0,0,0,0,47,1,0
475905,Haven,trent,G2,Tejo,1,4,0,0,0,1,1,0,0,152,4,1
475905,Haven,Asuna,100T,Neon,1,0,0,0,0,0,0,0,0,37,2,0
475905,Haven,Boostio,100T,Cypher,0,0,0,0,0,0,0,0,0,28,1,0
475905,Haven,eeiu,100T,Sova,3,1,1,0,1,0,0,0,0,91,0,1
475905,Haven,Cryocells,100T,Iso,1,0,0,0,0,0,0,0,0,35,0,0
475905,Haven,zander,100T,Omen,2,0,0,0,0,0,0,0,0,35,1,0
475905,Split,valyn,G2,Omen,2,0,0,0,0,0,0,0,0,33,1,0
475905,Split,jawgemo,G2,Yoru,4,3,0,0,0,0,0,0,0,56,1,0
475905,Split,JonahP,G2,Breach,5,0,0,0,0,0,0,0,0,44,3,0
475905,Split,leaf,G2,Viper,6,1,0,0,0,0,0,0,0,56,0,1
475905,Split,trent,G2,Tejo,2,1,0,0,0,0,0,0,0,59,1,1
475905,Split,Asuna,100T,Raze,3,2,0,0,0,0,0,0,0,44,2,0
475905,Split,Boostio,100T,Breach,2,1,0,0,0,0,0,0,0,49,5,1
475905,Split,eeiu,100T,Tejo,2,0,0,0,0,1,0,0,0,43,1,0
475905,Split,Cryocells,100T,Sage,4,3,0,0,1,0,0,0,0,49,0,0
475905,Split,zander,100T,Astra,6,0,0,0,0,0,0,0,0,47,1,0
475905,Pearl,valyn,G2,Astra,7,0,0,0,0,0,0,0,0,39,2,1
475905,Pearl,jawgemo,G2,Yoru,7,0,0,0,1,0,0,0,0,40,1,0
475905,Pearl,JonahP,G2,Fade,4,0,0,0,0,0,0,0,0,34,6,1
475905,Pearl,leaf,G2,Vyse,7,3,0,0,0,1,0,0,0,63,0,0
475905,Pearl,trent,G2,Tejo,6,1,0,0,1,0,0,0,0,53,4,3
475905,Pearl,Asuna,100T,Neon,4,0,0,0,0,0,0,0,0,43,2,0
475905,Pearl,Boostio,100T,Killjoy,2,1,0,0,0,0,0,0,0,36,1,0
475905,Pearl,eeiu,100T,Fade,3,0,0,0,0,0,0,0,0,33,6,1
475905,Pearl,Cryocells,100T,Yoru,4,4,0,0,1,0,1,0,0,47,1,2
475905,Pearl,zander,100T,Astra,2,2,0,0,2,0,0,0,0,44,2,1
475901,Lotus,cortezia,MIBR,Omen,3,1,0,0,0,0,0,0,0,68,0,0
475901,Lotus,artzin,MIBR,Breach,2,0,0,0,0,0,0,0,0,34,6,0
475901,Lotus,aspas,MIBR,Neon,3,0,0,0,0,0,0,0,0,43,0,0
475901,Lotus,xenom,MIBR,Viper,3,1,0,0,0,1,0,0,0,51,0,0
475901,Lotus,Verno,MIBR,Tejo,3,0,0,0,0,0,0,0,0,43,1,1
475901,Lotus,Zellsis,SEN,Viper,1,0,0,0,0,0,0,0,0,28,1,0
475901,Lotus,johnqt,SEN,Breach,4,0,0,0,0,0,0,0,0,78,4,2
475901,Lotus,bang,SEN,Omen,2,2,0,0,0,0,0,0,0,38,0,0
475901,Lotus,zekken,SEN,Yoru,6,1,0,1,0,0,0,0,0,75,0,0
475901,Lotus,N4RRATE,SEN,Tejo,0,1,0,0,0,0,0,0,0,48,5,1
475901,Split,cortezia,MIBR,Omen,1,2,0,0,0,0,0,0,0,34,2,0
475901,Split,artzin,MIBR,Breach,2,0,0,0,0,0,0,0,0,33,1,1
475901,Split,aspas,MIBR,Jett,4,0,1,0,1,0,0,0,0,60,1,1
475901,Split,xenom,MIBR,Viper,5,1,0,0,0,0,0,0,0,55,1,0
475901,Split,Verno,MIBR,Tejo,2,1,1,0,2,0,0,0,0,62,0,1
475901,Split,Zellsis,SEN,Viper,1,0,0,0,0,0,0,0,0,25,1,0
475901,Split,johnqt,SEN,Tejo,2,0,0,0,0,0,0,0,0,50,2,0
475901,Split,bang,SEN,Omen,3,2,0,0,0,0,0,0,0,56,1,0
475901,Split,zekken,SEN,Yoru,2,3,1,0,1,0,0,0,0,70,0,1
475901,Split,N4RRATE,SEN,Breach,3,3,0,0,0,1,0,0,0,55,4,0
475907,Lotus,valyn,G2,Omen,3,0,0,0,0,0,0,0,0,50,0,0
475907,Lotus,jawgemo,G2,Yoru,5,1,0,0,1,0,0,0,0,70,1,1
475907,Lotus,JonahP,G2,Breach,4,2,0,0,1,0,0,0,0,59,3,2
475907,Lotus,leaf,G2,Viper,1,0,0,0,0,0,0,0,0,39,0,2
475907,Lotus,trent,G2,Tejo,2,1,0,0,0,0,0,0,0,39,3,0
475907,Lotus,supamen,EG,Viper,7,0,0,0,0,0,1,0,0,67,2,0
475907,Lotus,yay,EG,Clove,4,1,2,0,1,0,1,0,0,82,0,2
475907,Lotus,Derrek,EG,Tejo,3,0,0,0,0,0,0,0,0,46,1,0
475907,Lotus,NaturE,EG,Fade,5,0,0,0,1,0,0,0,0,53,6,3
475907,Lotus,icy,EG,Raze,3,1,0,0,0,0,0,0,0,44,0,1
475907,Split,valyn,G2,Omen,1,0,0,0,0,0,0,0,0,35,2,0
475907,Split,jawgemo,G2,Yoru,2,1,1,0,0,0,0,0,0,46,0,1
475907,Split,JonahP,G2,Breach,5,0,0,0,0,0,0,0,0,50,6,1
475907,Split,leaf,G2,Viper,5,3,0,1,0,0,0,0,0,81,1,0
475907,Split,trent,G2,Tejo,1,1,0,0,0,1,0,0,0,78,1,1
475907,Split,supamen,EG,Viper,1,1,0,0,0,0,0,0,0,34,0,0
475907,Split,yay,EG,Astra,2,1,0,0,0,0,0,0,0,52,0,0
475907,Split,Derrek,EG,Tejo,1,1,0,0,1,0,0,0,0,54,4,1
475907,Split,NaturE,EG,Breach,0,0,0,0,0,0,0,0,0,20,2,0
475907,Split,icy,EG,Raze,2,2,1,0,0,0,1,0,0,65,0,1
475907,Pearl,valyn,G2,Astra,6,0,0,0,0,0,0,0,0,51,0,0
475907,Pearl,jawgemo,G2,Yoru,3,0,0,0,0,0,0,0,0,41,0,0
475907,Pearl,JonahP,G2,Fade,3,1,0,0,1,0,0,0,0,43,9,1
475907,Pearl,leaf,G2,Vyse,1,2,0,0,0,0,0,0,0,72,0,2
475907,Pearl,trent,G2,Tejo,1,3,1,0,0,0,0,0,0,64,1,0
475907,Pearl,supamen,EG,Astra,6,0,0,0,0,0,0,0,0,58,3,1
475907,Pearl,yay,EG,Jett,2,1,1,0,0,0,0,0,0,53,0,0
475907,Pearl,Derrek,EG,Tejo,4,1,0,0,0,1,0,0,0,48,6,0
475907,Pearl,NaturE,EG,Vyse,1,1,0,0,0,0,0,0,0,48,0,1
475907,Pearl,icy,EG,Yoru,2,1,0,0,0,0,0,0,0,44,0,0
475908,Haven,cortezia,MIBR,Cypher,2,0,0,0,0,0,0,0,0,35,1,0
475908,Haven,artzin,MIBR,Breach,2,3,0,0,0,0,0,0,0,68,6,2
475908,Haven,aspas,MIBR,Jett,0,3,0,0,0,0,0,0,0,42,0,0
475908,Haven,xenom,MIBR,Omen,5,1,0,0,0,0,0,0,0,65,2,0
475908,Haven,Verno,MIBR,Tejo,5,0,0,0,0,1,0,0,0,47,0,0
475908,Haven,valyn,G2,Astra,5,1,0,0,0,0,0,0,0,61,3,0
475908,Haven,jawgemo,G2,Yoru,0,3,0,0,0,0,0,0,0,50,0,1
475908,Haven,JonahP,G2,Breach,0,1,0,0,0,0,0,0,0,34,4,0
475908,Haven,leaf,G2,Vyse,3,1,0,0,0,0,0,0,0,64,0,1
475908,Haven,trent,G2,Tejo,2,0,0,0,0,0,0,0,0,49,1,0
475908,Lotus,cortezia,MIBR,Omen,1,1,0,0,0,0,0,0,0,27,0,0
475908,Lotus,artzin,MIBR,Breach,0,3,0,0,0,1,0,0,0,50,6,1
475908,Lotus,aspas,MIBR,Neon,5,2,1,0,0,0,0,0,0,62,0,0
475908,Lotus,xenom,MIBR,Viper,5,1,0,0,0,0,0,0,0,44,0,1
475908,Lotus,Verno,MIBR,Tejo,4,0,0,0,0,0,0,0,0,53,1,1
475908,Lotus,valyn,G2,Omen,5,0,0,0,2,0,0,0,0,43,0,1
475908,Lotus,jawgemo,G2,Yoru,5,1,0,0,0,0,0,0,0,40,0,1
475908,Lotus,JonahP,G2,Breach,0,3,0,0,1,0,0,0,0,38,5,0
475908,Lotus,leaf,G2,Viper,8,1,0,0,0,0,0,0,0,46,1,0
475908,Lotus,trent,G2,Tejo,6,2,0,0,0,0,0,0,0,72,4,0
475908,Split,cortezia,MIBR,Omen,2,0,0,0,0,0,0,0,0,42,0,0
475908,Split,artzin,MIBR,Breach,1,1,0,0,1,0,0,0,0,43,4,0
475908,Split,aspas,MIBR,Jett,2,2,2,0,1,0,1,0,0,71,1,1
475908,Split,xenom,MIBR,Viper,1,0,0,0,0,0,0,0,0,21,1,1
475908,Split,Verno,MIBR,Tejo,4,0,0,0,0,0,0,0,0,52,3,1
475908,Split,valyn,G2,Omen,2,1,1,0,0,0,0,0,0,51,0,1
475908,Split,jawgemo,G2,Yoru,2,1,0,0,0,0,0,0,0,44,2,0
475908,Split,JonahP,G2,Breach,4,0,0,0,1,0,0,0,0,36,6,0
475908,Split,leaf,G2,Viper,4,1,0,0,0,0,0,0,0,62,0,0
475908,Split,trent,G2,Tejo,4,1,0,0,0,0,0,0,0,68,3,1
475908,Ascent,cortezia,MIBR,Vyse,2,0,0,0,0,0,0,0,0,47,0,0
475908,Ascent,artzin,MIBR,Kayo,0,1,0,0,0,0,0,0,0,34,4,0
475908,Ascent,aspas,MIBR,Jett,3,0,0,0,0,0,0,0,0,48,0,0
475908,Ascent,xenom,MIBR,Omen,1,3,0,0,1,0,0,0,0,58,1,2
475908,Ascent,Verno,MIBR,Tejo,6,0,1,0,1,0,0,0,0,73,0,1
475908,Ascent,valyn,G2,Omen,3,3,0,0,0,1,1,0,0,74,5,0
475908,Ascent,jawgemo,G2,Waylay,4,0,0,0,0,0,0,0,0,26,0,0
475908,Ascent,JonahP,G2,Kayo,0,2,0,0,0,0,0,0,0,40,4,1
475908,Ascent,leaf,G2,Vyse,4,2,1,0,0,0,0,0,0,74,0,0
475908,Ascent,trent,G2,Tejo,3,0,0,0,1,1,0,0,0,42,0,2
475902,Haven,Zellsis,SEN,Cypher,1,1,0,0,0,0,0,0,0,47,0,0
475902,Haven,johnqt,SEN,Breach,2,1,0,0,0,0,0,0,0,46,4,1
475902,Haven,bang,SEN,Omen,4,2,0,0,0,0,0,0,0,51,1,0
475902,Haven,zekken,SEN,Neon,4,1,0,1,0,0,1,0,0,71,1,0
475902,Haven,N4RRATE,SEN,Sova,0,1,1,0,0,0,1,0,0,54,2,0
475902,Haven,valyn,G2,Astra,4,1,1,0,0,0,0,0,0,59,0,0
475902,Haven,jawgemo,G2,Yoru,1,0,0,0,0,0,0,0,0,37,0,0
475902,Haven,JonahP,G2,Breach,1,1,0,0,0,0,0,0,0,38,4,0
475902,Haven,leaf,G2,Vyse,0,2,0,0,0,0,0,0,0,48,1,0
475902,Haven,trent,G2,Tejo,8,0,0,0,2,1,0,0,0,75,3,1
475902,Split,Zellsis,SEN,Viper,2,0,0,0,0,0,0,0,0,42,0,0
475902,Split,johnqt,SEN,Tejo,3,0,0,0,0,0,0,0,0,45,2,0
475902,Split,bang,SEN,Omen,1,1,0,0,0,0,0,0,0,41,1,0
475902,Split,zekken,SEN,Yoru,0,2,1,0,0,0,0,0,0,52,1,0
475902,Split,N4RRATE,SEN,Breach,1,1,0,0,0,0,0,0,0,44,1,0
475902,Split,valyn,G2,Omen,5,1,0,0,0,0,0,0,0,72,1,0
475902,Split,jawgemo,G2,Yoru,1,2,0,0,0,0,0,0,0,42,0,0
475902,Split,JonahP,G2,Breach,0,0,0,0,0,0,0,0,0,30,5,1
475902,Split,leaf,G2,Viper,5,0,0,0,0,0,0,0,0,60,0,0
475902,Split,trent,G2,Tejo,2,1,0,0,0,1,0,0,0,44,0,1
475902,Pearl,Zellsis,SEN,Vyse,3,0,2,0,0,0,0,0,0,70,1,0
475902,Pearl,johnqt,SEN,Tejo,5,1,1,0,1,0,0,0,0,80,5,0
475902,Pearl,bang,SEN,Astra,3,2,1,0,0,0,0,0,0,49,2,0
475902,Pearl,zekken,SEN,Yoru,0,0,0,0,0,0,0,0,0,26,0,1
475902,Pearl,N4RRATE,SEN,Fade,1,0,0,0,0,0,0,0,0,37,2,0
475902,Pearl,valyn,G2,Astra,3,1,0,0,0,0,0,0,0,54,1,0
475902,Pearl,jawgemo,G2,Yoru,6,0,0,0,0,0,0,0,0,61,0,0
475902,Pearl,JonahP,G2,Fade,5,0,1,0,0,0,0,0,0,54,4,0
475902,Pearl,leaf,G2,Vyse,1,0,1,0,0,0,0,0,0,34,0,0
475902,Pearl,trent,G2,Tejo,5,0,0,0,0,0,0,0,0,67,4,0
475902,Ascent,Zellsis,SEN,Vyse,2,0,0,0,0,0,0,0,0,45,0,1
475902,Ascent,johnqt,SEN,Kayo,1,0,0,0,0,0,0,0,0,34,3,1
475902,Ascent,bang,SEN,Omen,5,1,0,0,0,0,0,0,0,62,1,0
475902,Ascent,zekken,SEN,Jett,3,1,0,0,0,0,0,0,0,64,0,0
475902,Ascent,N4RRATE,SEN,Tejo,2,1,0,0,0,0,0,0,0,71,1,1
475902,Ascent,valyn,G2,Omen,3,1,0,0,0,0,0,0,0,42,2,0
475902,Ascent,jawgemo,G2,Waylay,3,2,0,0,0,0,0,0,0,51,1,0
475902,Ascent,JonahP,G2,Kayo,1,1,0,0,0,0,0,0,0,39,4,0
475902,Ascent,leaf,G2,Vyse,3,2,0,0,0,0,0,0,0,59,0,1
475902,Ascent,trent,G2,Tejo,5,2,0,0,2,0,0,0,0,77,1,1
