scraped_at,player,player_name,team,player_url,player_id,agents_played,agents_count,agents_display,rounds,rating,acs,kd_ratio,kast,adr,kpr,apr,fkpr,fdpr,hs_percent,cl_percent,clutches,k_max,kills,deaths,assists,first_kills,first_deaths
2025-08-27T19:13:13.768292,trent,trent,G2,https://www.vlr.gg/player/15500/trent,15500,['Tejo'],1,Tejo,663,1.24,212.6,1.29,79%,145.8,0.76,0.33,0.07,0.06,26%,27%,28/102,28,505,391,222,49,38
2025-08-27T19:13:13.769293,lukxo,lukxo,LOUD,https://www.vlr.gg/player/28716/lukxo,28716,"['Cypher', 'Killjoy', 'Viper']",4,"Cypher, Killjoy, Viper, (+1)",203,1.23,270.4,1.34,67%,172.8,0.96,0.23,0.17,0.09,31%,31%,5/16,27,195,145,46,35,18
2025-08-27T19:13:13.770291,Cryocells,Cryocells,100T,https://www.vlr.gg/player/4147/cryocells,4147,"['Yoru', 'Iso', 'Sage']",5,"Yoru, Iso, Sage, (+2)",408,1.23,235.4,1.31,74%,157.9,0.89,0.23,0.11,0.10,27%,15%,7/47,30,363,277,94,45,42
2025-08-27T19:13:13.771358,aspas,aspas,MIBR,https://www.vlr.gg/player/8480/aspas,8480,"['Jett', 'Waylay', 'Neon']",3,"Jett, Waylay, Neon",500,1.19,241.4,1.35,74%,152.3,0.87,0.14,0.19,0.15,27%,29%,12/41,30,436,323,69,97,74
2025-08-27T19:13:13.772407,Verno,Verno,MIBR,https://www.vlr.gg/player/21668/verno,21668,"['Tejo', 'Sova']",2,"Tejo, Sova",500,1.18,201.0,1.26,77%,136.7,0.71,0.29,0.05,0.05,25%,22%,16/73,22,355,281,146,26,24
2025-08-27T19:13:13.773408,johnqt,johnqt,SEN,https://www.vlr.gg/player/1265/johnqt,1265,"['Tejo', 'Sova', 'Viper']",5,"Tejo, Sova, Viper, (+2)",475,1.15,191.0,1.19,78%,128.1,0.69,0.42,0.04,0.05,25%,8%,6/76,22,327,275,199,21,22
2025-08-27T19:13:13.774405,zekken,zekken,SEN,https://www.vlr.gg/player/4004/zekken,4004,"['Yoru', 'Raze', 'Jett']",5,"Yoru, Raze, Jett, (+2)",475,1.15,243.1,1.23,73%,150.9,0.86,0.24,0.20,0.17,28%,24%,8/34,26,409,332,113,97,81
2025-08-27T19:13:13.776409,v1c,v1c,C9,https://www.vlr.gg/player/17433/v1c,17433,"['Omen', 'Brimstone', 'Astra']",4,"Omen, Brimstone, Astra, (+1)",367,1.15,203.4,1.14,77%,129.9,0.73,0.43,0.08,0.08,34%,16%,10/64,27,267,234,158,28,30
2025-08-27T19:13:13.777299,pANcada,pANcada,LOUD,https://www.vlr.gg/player/683/pancada,683,"['Brimstone', 'Omen', 'Astra']",4,"Brimstone, Omen, Astra, (+1)",307,1.15,214.9,1.14,75%,147.9,0.77,0.35,0.09,0.07,32%,8%,4/53,34,235,207,107,28,20
2025-08-27T19:13:13.778405,leaf,leaf,G2,https://www.vlr.gg/player/7873/leaf,7873,"['Viper', 'Vyse', 'Cypher']",4,"Viper, Vyse, Cypher, (+1)",663,1.14,236.0,1.19,74%,153.6,0.83,0.29,0.13,0.10,23%,11%,7/66,29,547,460,195,88,65
2025-08-27T19:13:13.779412,bang,bang,SEN,https://www.vlr.gg/player/3880/bang,3880,"['Astra', 'Omen', 'Viper']",3,"Astra, Omen, Viper",475,1.13,212.7,1.18,76%,131.9,0.76,0.40,0.11,0.08,35%,29%,10/34,22,359,305,189,50,39
2025-08-27T19:13:13.780409,mada,mada,NRG,https://www.vlr.gg/player/5132/mada,5132,"['Neon', 'Raze', 'Jett']",4,"Neon, Raze, Jett, (+1)",275,1.11,239.6,1.11,69%,159.6,0.82,0.22,0.23,0.20,25%,5%,1/20,26,225,202,61,64,54
2025-08-27T19:13:13.782299,keznit,keznit,KRÜ,https://www.vlr.gg/player/2462/keznit,2462,"['Raze', 'Yoru', 'Jett']",4,"Raze, Yoru, Jett, (+1)",323,1.11,238.9,1.12,71%,153.4,0.84,0.25,0.24,0.15,23%,19%,5/27,25,271,242,80,76,50
2025-08-27T19:13:13.782299,Shyy,Shyy,KRÜ,https://www.vlr.gg/player/24007/shyy,24007,"['Vyse', 'Cypher', 'Viper']",5,"Vyse, Cypher, Viper, (+2)",323,1.10,190.3,1.20,72%,130.2,0.73,0.19,0.07,0.06,25%,15%,7/48,26,236,197,62,23,19
2025-08-27T19:13:13.784299,s0m,s0m,NRG,https://www.vlr.gg/player/4164/s0m,4164,"['Omen', 'Brimstone', 'Astra']",4,"Omen, Brimstone, Astra, (+1)",275,1.09,202.8,1.08,80%,136.3,0.72,0.45,0.08,0.09,30%,11%,4/35,25,199,184,125,21,24
2025-08-27T19:13:13.785805,eeiu,eeiu,100T,https://www.vlr.gg/player/796/eeiu,796,"['Fade', 'Sova', 'Tejo']",3,"Fade, Sova, Tejo",408,1.08,189.8,1.03,76%,128.0,0.67,0.27,0.03,0.05,30%,15%,12/82,23,273,264,110,14,19
2025-08-27T19:13:13.786811,Zap,Zap,2G,https://www.vlr.gg/player/3169/zap,3169,['Sova'],1,Sova,45,1.07,205.0,1.10,71%,135.3,0.76,0.20,0.04,0.02,22%,22%,2/9,17,34,31,9,2,1
2025-08-27T19:13:13.787876,Ethan,Ethan,NRG,https://www.vlr.gg/player/11225/ethan,11225,"['Breach', 'Yoru', 'Kayo']",4,"Breach, Yoru, Kayo, (+1)",275,1.07,200.4,1.01,77%,128.3,0.69,0.37,0.08,0.07,22%,17%,3/18,24,191,189,103,23,18
2025-08-27T19:13:13.788815,N4RRATE,N4RRATE,SEN,https://www.vlr.gg/player/36245/n4rrate,36245,"['Fade', 'Iso', 'Breach']",6,"Fade, Iso, Breach, (+3)",475,1.07,205.4,1.03,76%,137.2,0.69,0.43,0.08,0.07,23%,14%,6/42,25,327,316,204,40,32
2025-08-27T19:13:13.793097,Xeppaa,Xeppaa,C9,https://www.vlr.gg/player/7871/xeppaa,7871,"['Tejo', 'Yoru', 'Vyse']",4,"Tejo, Yoru, Vyse, (+1)",367,1.07,206.4,1.09,73%,136.8,0.72,0.26,0.08,0.07,27%,26%,11/43,22,265,243,96,29,26
2025-08-27T19:13:13.793097,Demon1,Demon1,LEV,https://www.vlr.gg/player/26171/demon1,26171,"['Omen', 'Viper', 'Astra']",6,"Omen, Viper, Astra, (+3)",229,1.05,209.2,1.06,72%,139.4,0.76,0.29,0.12,0.11,38%,11%,4/36,22,175,165,66,27,25
2025-08-27T19:13:13.795320,valyn,valyn,G2,https://www.vlr.gg/player/3885/valyn,3885,"['Omen', 'Astra', 'Brimstone']",4,"Omen, Astra, Brimstone, (+1)",663,1.05,200.9,1.08,76%,128.4,0.74,0.35,0.08,0.09,24%,17%,11/65,24,488,450,230,53,59
2025-08-27T19:13:13.796349,Mazino,Mazino,KRÜ,https://www.vlr.gg/player/7603/mazino,7603,"['Breach', 'Harbor', 'Deadlock']",4,"Breach, Harbor, Deadlock, (+1)",323,1.05,212.8,1.01,77%,138.9,0.75,0.35,0.08,0.09,27%,12%,4/33,23,243,241,114,25,28
2025-08-27T19:13:13.797348,jawgemo,jawgemo,G2,https://www.vlr.gg/player/3993/jawgemo,3993,"['Yoru', 'Waylay', 'Gekko']",3,"Yoru, Waylay, Gekko",663,1.04,221.8,1.09,72%,138.8,0.78,0.23,0.17,0.15,23%,15%,6/41,27,514,471,150,116,102
2025-08-27T19:13:13.798356,yay,yay,EG,https://www.vlr.gg/player/881/yay,881,"['Cypher', 'Clove', 'Killjoy']",6,"Cypher, Clove, Killjoy, (+3)",401,1.02,224.2,1.04,68%,147.3,0.82,0.16,0.18,0.13,34%,15%,6/40,27,327,314,64,71,53
2025-08-27T19:13:13.799353,mitch,mitch,C9,https://www.vlr.gg/player/612/mitch,612,"['Breach', 'Sova', 'Harbor']",3,"Breach, Sova, Harbor",367,1.01,188.4,0.95,74%,127.5,0.66,0.41,0.06,0.08,22%,30%,12/40,25,242,255,152,21,28
2025-08-27T19:13:13.800349,zander,zander,100T,https://www.vlr.gg/player/8082/zander,8082,"['Astra', 'Omen', 'Brimstone']",4,"Astra, Omen, Brimstone, (+1)",408,1.00,185.1,0.93,76%,121.1,0.64,0.44,0.09,0.10,23%,17%,7/41,28,262,283,179,37,39
2025-08-27T19:13:13.801348,supamen,supamen,EG,https://www.vlr.gg/player/826/supamen,826,"['Omen', 'Viper', 'Brimstone']",4,"Omen, Viper, Brimstone, (+1)",401,1.00,196.3,1.00,69%,127.9,0.70,0.28,0.06,0.08,37%,18%,12/65,23,280,281,114,25,32
2025-08-27T19:13:13.802349,brawk,brawk,NRG,https://www.vlr.gg/player/2172/brawk,2172,"['Tejo', 'Sova', 'Gekko']",3,"Tejo, Sova, Gekko",275,0.99,185.0,0.98,75%,126.7,0.67,0.31,0.04,0.07,19%,6%,2/35,19,183,186,84,12,18
2025-08-27T19:13:13.803348,OXY,OXY,C9,https://www.vlr.gg/player/18796/oxy,18796,"['Raze', 'Neon', 'Jett']",4,"Raze, Neon, Jett, (+1)",367,0.99,236.4,1.01,71%,150.8,0.82,0.19,0.21,0.19,27%,21%,3/14,27,300,297,69,78,70
2025-08-27T19:13:13.805406,xenom,xenom,MIBR,https://www.vlr.gg/player/20240/xenom,20240,"['Astra', 'Viper', 'Omen']",3,"Astra, Viper, Omen",500,0.99,183.1,1.07,73%,119.6,0.68,0.31,0.06,0.09,32%,16%,10/61,22,340,319,155,31,43
2025-08-27T19:13:13.806441,icy,icy,EG,https://www.vlr.gg/player/8402/icy,8402,"['Waylay', 'Raze', 'Jett']",5,"Waylay, Raze, Jett, (+2)",401,0.99,220.3,1.03,72%,146.6,0.79,0.16,0.16,0.17,26%,23%,9/40,28,316,308,63,64,67
2025-08-27T19:13:13.809334,cortezia,cortezia,MIBR,https://www.vlr.gg/player/5395/cortezia,5395,"['Cypher', 'Killjoy', 'Vyse']",4,"Cypher, Killjoy, Vyse, (+1)",500,0.98,196.4,1.05,71%,129.2,0.72,0.23,0.10,0.09,35%,14%,6/43,22,359,343,113,49,43
2025-08-27T19:13:13.810348,Derrek,Derrek,EG,https://www.vlr.gg/player/1533/derrek,1533,"['Sova', 'Tejo']",2,"Sova, Tejo",401,0.98,182.6,0.95,73%,128.6,0.64,0.26,0.04,0.05,30%,17%,10/59,22,256,269,103,17,20
2025-08-27T19:13:13.811347,Melser,Melser,KRÜ,https://www.vlr.gg/player/1311/melser,1311,"['Brimstone', 'Omen', 'Viper']",4,"Brimstone, Omen, Viper, (+1)",323,0.96,177.9,0.89,76%,117.9,0.62,0.36,0.08,0.09,25%,11%,5/44,18,199,223,117,27,29
2025-08-27T19:13:13.813350,dgzin,dgzin,LOUD,https://www.vlr.gg/player/8873/dgzin,8873,"['Neon', 'Jett', 'Raze']",5,"Neon, Jett, Raze, (+2)",307,0.95,215.1,1.00,68%,136.0,0.75,0.19,0.19,0.17,30%,5%,1/19,32,230,230,59,59,52
2025-08-27T19:13:13.814348,tex,tex,LEV,https://www.vlr.gg/player/1818/tex,1818,"['Viper', 'Killjoy', 'Cypher']",4,"Viper, Killjoy, Cypher, (+1)",229,0.95,198.5,0.98,70%,132.1,0.69,0.18,0.11,0.10,38%,13%,4/31,23,159,163,41,26,24
2025-08-27T19:13:13.815374,lz,lz,2G,https://www.vlr.gg/player/6195/lz,6195,"['Omen', 'Astra', 'Viper']",3,"Omen, Astra, Viper",234,0.94,193.4,0.96,75%,120.4,0.71,0.38,0.09,0.11,40%,25%,8/32,25,165,171,90,21,25
2025-08-27T19:13:13.816373,C0M,C0M,LEV,https://www.vlr.gg/player/619/c0m,619,"['Tejo', 'Sova', 'Fade']",3,"Tejo, Sova, Fade",229,0.93,170.4,0.86,76%,117.9,0.59,0.28,0.04,0.05,25%,16%,5/31,21,135,157,65,10,11
2025-08-27T19:13:13.818373,Askia,Askia,2G,https://www.vlr.gg/player/20238/askia,20238,"['Yoru', 'Raze', 'Jett']",3,"Yoru, Raze, Jett",234,0.92,194.0,0.94,65%,134.0,0.69,0.15,0.15,0.16,32%,17%,4/24,20,161,171,35,35,37
2025-08-27T19:13:13.819375,JonahP,JonahP,G2,https://www.vlr.gg/player/4581/jonahp,4581,"['Breach', 'Kayo', 'Fade']",4,"Breach, Kayo, Fade, (+1)",663,0.92,162.3,0.82,75%,103.3,0.54,0.52,0.07,0.07,19%,11%,8/75,19,359,440,345,45,48
2025-08-27T19:13:13.820359,Asuna,Asuna,100T,https://www.vlr.gg/player/601/asuna,601,"['Neon', 'Raze', 'Gekko']",4,"Neon, Raze, Gekko, (+1)",408,0.92,201.7,0.87,71%,135.2,0.68,0.29,0.17,0.18,24%,23%,5/22,21,278,318,119,69,74
2025-08-27T19:13:13.821374,NaturE,NaturE,EG,https://www.vlr.gg/player/4927/nature,4927,"['Breach', 'Fade', 'Vyse']",4,"Breach, Fade, Vyse, (+1)",401,0.91,182.0,0.86,73%,118.1,0.62,0.41,0.05,0.07,23%,28%,11/39,20,250,292,166,22,30
2025-08-27T19:13:13.823360,cauanzin,cauanzin,LOUD,https://www.vlr.gg/player/6193/cauanzin,6193,"['Tejo', 'Sova', 'Fade']",3,"Tejo, Sova, Fade",307,0.90,178.3,0.87,68%,122.2,0.60,0.23,0.06,0.11,23%,22%,5/23,18,184,212,71,17,35
2025-08-27T19:13:13.824376,kiNgg,kiNgg,LEV,https://www.vlr.gg/player/8549/kingg,8549,"['Yoru', 'Waylay', 'Omen']",5,"Yoru, Waylay, Omen, (+2)",229,0.89,189.1,0.89,69%,123.0,0.65,0.24,0.14,0.17,28%,16%,3/19,22,148,167,56,31,38
2025-08-27T19:13:13.826371,pryze,pryze,FUR,https://www.vlr.gg/player/662/pryze,662,"['Fade', 'Sova', 'Tejo']",3,"Fade, Sova, Tejo",236,0.89,168.3,0.83,67%,114.6,0.59,0.22,0.03,0.07,27%,23%,9/40,23,140,168,52,7,16
2025-08-27T19:13:13.827375,tuyz,tuyz,LOUD,https://www.vlr.gg/player/2408/tuyz,2408,"['Cypher', 'Viper', 'Vyse']",5,"Cypher, Viper, Vyse, (+2)",243,0.88,161.1,0.85,71%,110.7,0.56,0.35,0.05,0.05,30%,12%,6/50,16,137,162,85,11,13
2025-08-27T19:13:13.828374,adverso,adverso,KRÜ,https://www.vlr.gg/player/3826/adverso,3826,"['Tejo', 'Sova']",2,"Tejo, Sova",323,0.88,166.8,0.82,70%,116.8,0.56,0.26,0.06,0.08,20%,19%,5/26,18,181,220,85,19,27
2025-08-27T19:13:13.829375,Rossy,Rossy,LEV,https://www.vlr.gg/player/1129/rossy,1129,"['Breach', 'Tejo', 'Deadlock']",4,"Breach, Tejo, Deadlock, (+1)",229,0.87,174.6,0.83,71%,115.1,0.62,0.37,0.06,0.10,29%,14%,3/22,19,143,173,85,13,23
2025-08-27T19:13:13.829912,Khalil,Khalil,FUR,https://www.vlr.gg/player/1711/khalil,1711,"['Omen', 'Astra', 'Brimstone']",4,"Omen, Astra, Brimstone, (+1)",236,0.87,175.8,0.84,68%,116.4,0.62,0.21,0.06,0.10,27%,14%,5/35,23,147,176,50,15,24
2025-08-27T19:13:13.830921,Zellsis,Zellsis,SEN,https://www.vlr.gg/player/729/zellsis,729,"['Vyse', 'Cypher', 'Viper']",4,"Vyse, Cypher, Viper, (+1)",475,0.87,173.3,0.87,67%,114.5,0.59,0.26,0.08,0.11,24%,15%,7/48,21,281,322,122,40,54
2025-08-27T19:13:13.831921,gobera,gobera,2G,https://www.vlr.gg/player/14950/gobera,14950,"['Cypher', 'Tejo']",2,"Cypher, Tejo",234,0.86,177.7,0.86,66%,126.0,0.62,0.18,0.07,0.10,28%,3%,1/36,21,146,170,43,17,23
2025-08-27T19:13:13.833922,neT,neT,C9,https://www.vlr.gg/player/6582/net,6582,"['Deadlock', 'Cypher', 'Viper']",4,"Deadlock, Cypher, Viper, (+1)",367,0.85,169.6,0.88,70%,107.3,0.61,0.19,0.08,0.08,29%,10%,4/41,23,223,252,68,28,28
2025-08-27T19:13:13.833922,PxS,PxS,2G,https://www.vlr.gg/player/13823/pxs,13823,"['Breach', 'Fade', 'Kayo']",4,"Breach, Fade, Kayo, (+1)",189,0.81,164.4,0.75,75%,105.9,0.56,0.40,0.08,0.11,28%,24%,7/29,16,106,141,76,15,21
2025-08-27T19:13:13.835444,silentzz,silentzz,2G,https://www.vlr.gg/player/11921/silentzz,11921,"['Iso', 'Vyse', 'Killjoy']",3,"Iso, Vyse, Killjoy",234,0.81,188.5,0.82,66%,127.2,0.65,0.17,0.07,0.09,37%,9%,2/23,21,152,185,39,17,20
2025-08-27T19:13:13.836567,artzin,artzin,MIBR,https://www.vlr.gg/player/5957/artzin,5957,"['Breach', 'Harbor', 'Kayo']",3,"Breach, Harbor, Kayo",500,0.80,182.5,0.78,69%,118.6,0.60,0.39,0.10,0.12,23%,13%,4/32,22,299,383,197,52,61
2025-08-27T19:13:13.838461,heat,heat,FUR,https://www.vlr.gg/player/8673/heat,8673,"['Clove', 'Vyse', 'Cypher']",5,"Clove, Vyse, Cypher, (+2)",236,0.80,166.4,0.81,61%,116.2,0.62,0.16,0.06,0.08,41%,12%,5/43,23,146,180,38,15,19
2025-08-27T19:13:13.839557,FiNESSE,FiNESSE,NRG,https://www.vlr.gg/player/817/finesse,817,"['Vyse', 'Cypher', 'Killjoy']",3,"Vyse, Cypher, Killjoy",275,0.77,150.7,0.69,67%,104.4,0.49,0.28,0.07,0.09,19%,8%,4/49,15,135,196,78,18,24
2025-08-27T19:13:13.841022,Boostio,Boostio,100T,https://www.vlr.gg/player/604/boostio,604,"['Vyse', 'Cypher', 'Breach']",4,"Vyse, Cypher, Breach, (+1)",408,0.75,152.4,0.68,65%,103.7,0.52,0.27,0.08,0.09,30%,5%,2/41,24,211,309,111,31,38
2025-08-27T19:13:13.843135,havoc,havoc,FUR,https://www.vlr.gg/player/8706/havoc,8706,"['Neon', 'Yoru', 'Raze']",4,"Neon, Yoru, Raze, (+1)",236,0.73,184.6,0.78,60%,121.2,0.66,0.14,0.23,0.22,33%,0%,0/11,24,156,200,32,54,51
2025-08-27T19:13:13.844133,raafa,raafa,FUR,https://www.vlr.gg/player/25743/raafa,25743,"['Breach', 'Kayo', 'Tejo']",3,"Breach, Kayo, Tejo",236,0.66,136.0,0.60,66%,91.0,0.45,0.36,0.04,0.11,20%,8%,2/26,18,106,178,86,9,26
2025-08-27T19:13:13.845148,v1nny,v1nny,LOUD,https://www.vlr.gg/player/1586/v1nny,1586,"['Breach', 'Kayo', 'Tejo']",3,"Breach, Kayo, Tejo",168,0.65,129.3,0.57,72%,85.8,0.44,0.45,0.02,0.09,28%,7%,1/15,15,74,130,76,4,15
