scraped_at,date,match_url,match_id,time,team1,score1,team2,score2,score,winner,status,week,stage
2025-08-27T20:17:03.163888,"Sat, March 22, 2025",https://www.vlr.gg/458805/detonation-focusme-vs-global-esports-champions-tour-2025-pacific-stage-1-w1,458805,1:30 PM,DetonatioN FocusMe,0,Global Esports,2,0-2,Global Esports,Completed,Week 1,Group Stage
2025-08-27T20:17:03.265700,"Sat, March 22, 2025",https://www.vlr.gg/458806/t1-vs-zeta-division-champions-tour-2025-pacific-stage-1-w1,458806,4:10 PM,T1,2,ZETA DIVISION,1,2-1,T1,Completed,Week 1,Group Stage
2025-08-27T20:17:03.367178,"Sun, March 23, 2025",https://www.vlr.gg/458807/drx-vs-paper-rex-champions-tour-2025-pacific-stage-1-w1,458807,1:30 PM,DRX,2,Paper Rex,1,2-1,DRX,Completed,Week 1,Group Stage
2025-08-27T20:17:03.468648,"Sun, March 23, 2025",https://www.vlr.gg/458808/talon-vs-team-secret-champions-tour-2025-pacific-stage-1-w1,458808,4:35 PM,TALON,2,Team Secret,1,2-1,TALON,Completed,Week 1,Group Stage
2025-08-27T20:17:03.570037,"Mon, March 24, 2025",https://www.vlr.gg/458809/gen-g-vs-boom-esports-champions-tour-2025-pacific-stage-1-w1,458809,1:30 PM,Gen.G,0,BOOM Esports,2,0-2,BOOM Esports,Completed,Week 1,Group Stage
2025-08-27T20:17:03.671221,"Mon, March 24, 2025",https://www.vlr.gg/458810/nongshim-redforce-vs-rex-regum-qeon-champions-tour-2025-pacific-stage-1-w1,458810,4:20 PM,Nongshim RedForce,2,Rex Regum Qeon,1,2-1,Nongshim RedForce,Completed,Week 1,Group Stage
2025-08-27T20:17:03.772915,"Sat, March 29, 2025",https://www.vlr.gg/458811/team-secret-vs-zeta-division-champions-tour-2025-pacific-stage-1-w2,458811,1:30 PM,Team Secret,0,ZETA DIVISION,2,0-2,ZETA DIVISION,Completed,Week 2,Group Stage
2025-08-27T20:17:03.874321,"Sat, March 29, 2025",https://www.vlr.gg/458812/t1-vs-nongshim-redforce-champions-tour-2025-pacific-stage-1-w2,458812,4:05 PM,T1,2,Nongshim RedForce,0,2-0,T1,Completed,Week 2,Group Stage
2025-08-27T20:17:03.976265,"Sun, March 30, 2025",https://www.vlr.gg/458813/gen-g-vs-paper-rex-champions-tour-2025-pacific-stage-1-w2,458813,1:30 PM,Gen.G,2,Paper Rex,1,2-1,Gen.G,Completed,Week 2,Group Stage
2025-08-27T20:17:04.078233,"Sun, March 30, 2025",https://www.vlr.gg/458814/drx-vs-detonation-focusme-champions-tour-2025-pacific-stage-1-w2,458814,4:25 PM,DRX,2,DetonatioN FocusMe,0,2-0,DRX,Completed,Week 2,Group Stage
2025-08-27T20:17:04.179662,"Mon, March 31, 2025",https://www.vlr.gg/458815/talon-vs-rex-regum-qeon-champions-tour-2025-pacific-stage-1-w2,458815,1:30 PM,TALON,0,Rex Regum Qeon,2,0-2,Rex Regum Qeon,Completed,Week 2,Group Stage
2025-08-27T20:17:04.281619,"Mon, March 31, 2025",https://www.vlr.gg/458816/boom-esports-vs-global-esports-champions-tour-2025-pacific-stage-1-w2,458816,3:40 PM,BOOM Esports,2,Global Esports,0,2-0,BOOM Esports,Completed,Week 2,Group Stage
2025-08-27T20:17:04.383515,"Sat, April 5, 2025",https://www.vlr.gg/458817/gen-g-vs-detonation-focusme-champions-tour-2025-pacific-stage-1-w3,458817,1:30 PM,Gen.G,2,DetonatioN FocusMe,0,2-0,Gen.G,Completed,Week 3,Group Stage
2025-08-27T20:17:04.485638,"Sat, April 5, 2025",https://www.vlr.gg/458818/rex-regum-qeon-vs-zeta-division-champions-tour-2025-pacific-stage-1-w3,458818,3:30 PM,Rex Regum Qeon,2,ZETA DIVISION,0,2-0,Rex Regum Qeon,Completed,Week 3,Group Stage
2025-08-27T20:17:04.586556,"Sun, April 6, 2025",https://www.vlr.gg/458819/paper-rex-vs-boom-esports-champions-tour-2025-pacific-stage-1-w3,458819,1:30 PM,Paper Rex,1,BOOM Esports,2,1-2,BOOM Esports,Completed,Week 3,Group Stage
2025-08-27T20:17:04.687537,"Sun, April 6, 2025",https://www.vlr.gg/458820/talon-vs-nongshim-redforce-champions-tour-2025-pacific-stage-1-w3,458820,5:15 PM,TALON,2,Nongshim RedForce,1,2-1,TALON,Completed,Week 3,Group Stage
2025-08-27T20:17:04.788530,"Mon, April 7, 2025",https://www.vlr.gg/458821/drx-vs-global-esports-champions-tour-2025-pacific-stage-1-w3,458821,1:30 PM,DRX,2,Global Esports,0,2-0,DRX,Completed,Week 3,Group Stage
2025-08-27T20:17:04.890291,"Mon, April 7, 2025",https://www.vlr.gg/458822/t1-vs-team-secret-champions-tour-2025-pacific-stage-1-w3,458822,3:30 PM,T1,2,Team Secret,1,2-1,T1,Completed,Week 3,Group Stage
2025-08-27T20:17:04.992168,"Sat, April 12, 2025",https://www.vlr.gg/458823/nongshim-redforce-vs-team-secret-champions-tour-2025-pacific-stage-1-w4,458823,1:30 PM,Nongshim RedForce,2,Team Secret,0,2-0,Nongshim RedForce,Completed,Week 4,Group Stage
2025-08-27T20:17:05.093375,"Sat, April 12, 2025",https://www.vlr.gg/458824/drx-vs-boom-esports-champions-tour-2025-pacific-stage-1-w4,458824,3:45 PM,DRX,1,BOOM Esports,2,1-2,BOOM Esports,Completed,Week 4,Group Stage
2025-08-27T20:17:05.194608,"Sun, April 13, 2025",https://www.vlr.gg/458825/t1-vs-rex-regum-qeon-champions-tour-2025-pacific-stage-1-w4,458825,1:30 PM,T1,1,Rex Regum Qeon,2,1-2,Rex Regum Qeon,Completed,Week 4,Group Stage
2025-08-27T20:17:05.296397,"Sun, April 13, 2025",https://www.vlr.gg/458826/gen-g-vs-global-esports-champions-tour-2025-pacific-stage-1-w4,458826,4:40 PM,Gen.G,2,Global Esports,0,2-0,Gen.G,Completed,Week 4,Group Stage
2025-08-27T20:17:05.397780,"Mon, April 14, 2025",https://www.vlr.gg/458827/talon-vs-zeta-division-champions-tour-2025-pacific-stage-1-w4,458827,1:30 PM,TALON,0,ZETA DIVISION,2,0-2,ZETA DIVISION,Completed,Week 4,Group Stage
2025-08-27T20:17:05.499177,"Mon, April 14, 2025",https://www.vlr.gg/458828/detonation-focusme-vs-paper-rex-champions-tour-2025-pacific-stage-1-w4,458828,3:40 PM,DetonatioN FocusMe,1,Paper Rex,2,1-2,Paper Rex,Completed,Week 4,Group Stage
2025-08-27T20:17:05.600217,"Sat, April 19, 2025",https://www.vlr.gg/458830/paper-rex-vs-global-esports-champions-tour-2025-pacific-stage-1-w5,458830,1:30 PM,Paper Rex,2,Global Esports,0,2-0,Paper Rex,Completed,Week 5,Group Stage
2025-08-27T20:17:05.701759,"Sat, April 19, 2025",https://www.vlr.gg/458831/t1-vs-talon-champions-tour-2025-pacific-stage-1-w5,458831,3:30 PM,T1,0,TALON,2,0-2,TALON,Completed,Week 5,Group Stage
2025-08-27T20:17:05.802944,"Sun, April 20, 2025",https://www.vlr.gg/458832/drx-vs-gen-g-champions-tour-2025-pacific-stage-1-w5,458832,1:30 PM,DRX,2,Gen.G,1,2-1,DRX,Completed,Week 5,Group Stage
2025-08-27T20:17:05.903987,"Sun, April 20, 2025",https://www.vlr.gg/458833/nongshim-redforce-vs-zeta-division-champions-tour-2025-pacific-stage-1-w5,458833,5:00 PM,Nongshim RedForce,2,ZETA DIVISION,1,2-1,Nongshim RedForce,Completed,Week 5,Group Stage
2025-08-27T20:17:06.005494,"Mon, April 21, 2025",https://www.vlr.gg/458834/detonation-focusme-vs-boom-esports-champions-tour-2025-pacific-stage-1-w5,458834,1:30 PM,DetonatioN FocusMe,0,BOOM Esports,2,0-2,BOOM Esports,Completed,Week 5,Group Stage
2025-08-27T20:17:06.106938,"Mon, April 21, 2025",https://www.vlr.gg/458835/rex-regum-qeon-vs-team-secret-champions-tour-2025-pacific-stage-1-w5,458835,3:30 PM,Rex Regum Qeon,1,Team Secret,2,1-2,Team Secret,Completed,Week 5,Group Stage
2025-08-27T20:17:06.208774,"Sat, April 26, 2025",https://www.vlr.gg/473833/talon-vs-gen-g-champions-tour-2025-pacific-stage-1-ur1,473833,1:30 PM,TALON,1,Gen.G,2,1-2,Gen.G,Completed,Upper Round 1,Playoffs
2025-08-27T20:17:06.312130,"Sat, April 26, 2025",https://www.vlr.gg/473834/drx-vs-t1-champions-tour-2025-pacific-stage-1-ur1,473834,4:30 PM,DRX,2,T1,0,2-0,DRX,Completed,Upper Round 1,Playoffs
2025-08-27T20:17:06.415529,"Sun, April 27, 2025",https://www.vlr.gg/473837/boom-esports-vs-gen-g-champions-tour-2025-pacific-stage-1-ubsf,473837,1:30 PM,BOOM Esports,0,Gen.G,2,0-2,Gen.G,Completed,Upper Semifinals,Playoffs
2025-08-27T20:17:06.516585,"Sun, April 27, 2025",https://www.vlr.gg/473838/rex-regum-qeon-vs-drx-champions-tour-2025-pacific-stage-1-ubsf,473838,3:40 PM,Rex Regum Qeon,2,DRX,1,2-1,Rex Regum Qeon,Completed,Upper Semifinals,Playoffs
2025-08-27T20:17:06.617718,"Sat, May 3, 2025",https://www.vlr.gg/473835/talon-vs-nongshim-redforce-champions-tour-2025-pacific-stage-1-lr1,473835,1:30 PM,TALON,2,Nongshim RedForce,1,2-1,TALON,Completed,Lower Round 1,Playoffs
2025-08-27T20:17:06.718572,"Sat, May 3, 2025",https://www.vlr.gg/473836/t1-vs-paper-rex-champions-tour-2025-pacific-stage-1-lr1,473836,4:55 PM,T1,1,Paper Rex,2,1-2,Paper Rex,Completed,Lower Round 1,Playoffs
2025-08-27T20:17:06.820646,"Sun, May 4, 2025",https://www.vlr.gg/473839/drx-vs-talon-champions-tour-2025-pacific-stage-1-lr2,473839,1:30 PM,DRX,2,TALON,0,2-0,DRX,Completed,Lower Round 2,Playoffs
2025-08-27T20:17:06.921728,"Sun, May 4, 2025",https://www.vlr.gg/473840/boom-esports-vs-paper-rex-champions-tour-2025-pacific-stage-1-lr2,473840,3:30 PM,BOOM Esports,0,Paper Rex,2,0-2,Paper Rex,Completed,Lower Round 2,Playoffs
2025-08-27T20:17:07.023522,"Fri, May 9, 2025",https://www.vlr.gg/473841/gen-g-vs-rex-regum-qeon-champions-tour-2025-pacific-stage-1-ubf,473841,1:30 PM,Gen.G,2,Rex Regum Qeon,0,2-0,Gen.G,Completed,Upper Final,Playoffs
2025-08-27T20:17:07.124642,"Fri, May 9, 2025",https://www.vlr.gg/473842/drx-vs-paper-rex-champions-tour-2025-pacific-stage-1-lr3,473842,3:30 PM,DRX,0,Paper Rex,2,0-2,Paper Rex,Completed,Lower Round 3,Playoffs
2025-08-27T20:17:07.226221,"Sat, May 10, 2025",https://www.vlr.gg/473843/rex-regum-qeon-vs-paper-rex-champions-tour-2025-pacific-stage-1-lbf,473843,1:30 PM,Rex Regum Qeon,3,Paper Rex,2,3-2,Rex Regum Qeon,Completed,Lower Final,Playoffs
2025-08-27T20:17:07.328528,"Sun, May 11, 2025",https://www.vlr.gg/473844/gen-g-vs-rex-regum-qeon-champions-tour-2025-pacific-stage-1-gf,473844,1:30 PM,Gen.G,1,Rex Regum Qeon,3,1-3,Rex Regum Qeon,Completed,Grand Final,Playoffs
