Match ID,Map,Player,Team,Agent,2K,3K,4K,5K,1v1,1v2,1v3,1v4,1v5,ECON,PL,DE
458805,Lotus,Jinboong,DFM,Vyse,1,1,0,0,0,0,0,0,0,57,2,1
458805,Lotus,Meiy,DFM,Raze,3,1,0,0,1,0,0,0,0,40,2,0
458805,Lotus,Art,DFM,Omen,1,0,0,0,0,0,0,0,0,33,1,0
458805,Lotus,Akame,DFM,Fade,4,1,0,0,0,0,0,0,0,67,1,0
458805,Lotus,gyen,DFM,Viper,2,1,0,0,0,0,0,0,0,47,0,0
458805,Lotus,UdoTan,GE,Cypher,5,0,0,0,0,0,0,0,0,48,0,0
458805,Lotus,Kr1stal,GE,Tejo,0,1,0,0,1,0,1,0,0,55,0,0
458805,Lotus,kellyS,GE,Breach,5,1,0,0,0,0,0,0,0,69,9,1
458805,Lotus,Papi,GE,Omen,4,0,0,0,1,0,0,0,0,50,0,0
458805,Lotus,yokam,GE,Yoru,2,0,0,0,0,0,0,0,0,44,0,0
458805,Pearl,Jinboong,DFM,Vyse,2,2,0,0,0,0,0,0,0,59,1,0
458805,Pearl,Meiy,DFM,Yoru,3,0,1,0,0,0,0,0,0,45,1,2
458805,Pearl,Art,DFM,Sova,3,1,0,0,0,0,0,0,0,40,3,0
458805,Pearl,Akame,DFM,Chamber,2,0,0,0,0,1,0,0,0,51,1,1
458805,Pearl,gyen,DFM,Astra,2,0,0,0,0,0,0,0,0,39,1,0
458805,Pearl,UdoTan,GE,Killjoy,3,1,0,0,0,0,0,0,0,64,0,1
458805,Pearl,Kr1stal,GE,Sova,1,3,0,0,0,0,0,0,0,63,5,0
458805,Pearl,kellyS,GE,Vyse,4,1,1,0,0,0,0,0,0,55,3,0
458805,Pearl,Papi,GE,Astra,3,1,0,0,1,0,0,0,0,33,1,1
458805,Pearl,yokam,GE,Jett,1,1,0,0,0,1,0,0,0,38,0,0
458806,Fracture,stax,T1,Breach,2,0,0,0,0,0,0,0,0,36,6,0
458806,Fracture,BuZz,T1,Neon,4,0,0,0,0,0,0,0,0,55,0,1
458806,Fracture,Sylvan,T1,Brimstone,1,1,0,0,0,0,0,0,0,57,0,0
458806,Fracture,Meteor,T1,Vyse,4,2,0,0,0,0,0,0,0,70,0,0
458806,Fracture,iZu,T1,Tejo,3,0,0,0,0,1,0,0,0,47,0,0
458806,Fracture,Dep,ZETA,Raze,3,1,0,0,0,0,0,0,0,39,0,0
458806,Fracture,CLZ,ZETA,Tejo,0,0,0,0,0,0,0,0,0,38,2,0
458806,Fracture,SugarZ3ro,ZETA,Brimstone,3,2,0,0,0,0,0,0,0,66,2,0
458806,Fracture,SyouTa,ZETA,Vyse,3,0,0,0,0,0,0,0,0,49,1,0
458806,Fracture,Xdll,ZETA,Breach,3,0,0,0,0,0,0,0,0,43,2,0
458806,Split,stax,T1,Fade,2,1,0,0,0,0,0,0,0,46,7,0
458806,Split,BuZz,T1,Raze,4,1,0,0,1,0,0,0,0,62,1,0
458806,Split,Sylvan,T1,Omen,2,0,0,0,0,0,0,0,0,47,1,0
458806,Split,Meteor,T1,Viper,3,0,0,0,0,0,0,0,0,41,1,0
458806,Split,iZu,T1,Yoru,7,0,0,0,0,0,0,0,0,55,0,0
458806,Split,Dep,ZETA,Yoru,6,2,0,0,0,0,0,0,0,57,1,1
458806,Split,CLZ,ZETA,Tejo,3,1,0,0,1,0,0,0,0,36,1,1
458806,Split,SugarZ3ro,ZETA,Omen,5,1,0,0,0,0,0,0,0,42,1,0
458806,Split,SyouTa,ZETA,Viper,6,0,0,0,0,0,0,0,0,40,1,1
458806,Split,Xdll,ZETA,Breach,5,1,0,0,1,0,0,0,0,50,2,1
458806,Haven,stax,T1,Sova,0,0,1,0,1,0,0,0,0,52,4,0
458806,Haven,BuZz,T1,Yoru,1,1,1,0,0,0,0,0,0,44,0,1
458806,Haven,Sylvan,T1,Omen,3,1,0,0,0,0,0,0,0,84,2,0
458806,Haven,Meteor,T1,Iso,3,2,0,0,0,0,0,0,0,72,4,0
458806,Haven,iZu,T1,Cypher,3,0,1,0,0,0,0,1,0,68,0,0
458806,Haven,Dep,ZETA,Yoru,2,0,0,0,0,0,0,0,0,40,0,1
458806,Haven,CLZ,ZETA,Tejo,5,0,0,0,1,0,0,0,0,63,2,0
458806,Haven,SugarZ3ro,ZETA,Omen,1,0,0,0,0,0,0,0,0,37,0,0
458806,Haven,SyouTa,ZETA,Cypher,0,0,0,0,0,0,0,0,0,22,0,0
458806,Haven,Xdll,ZETA,Breach,2,1,0,0,0,0,0,0,0,62,2,0
458807,Haven,free1ng,DRX,Cypher,1,1,0,0,0,0,0,0,0,35,1,0
458807,Haven,MaKo,DRX,Omen,2,0,0,0,0,0,0,0,0,31,1,0
458807,Haven,BeYN,DRX,Sova,7,0,0,0,0,2,0,0,0,55,5,1
458807,Haven,HYUNMIN,DRX,Jett,4,0,0,0,0,0,0,0,0,67,1,0
458807,Haven,Flashback,DRX,Neon,3,0,1,0,1,1,0,0,0,62,1,0
458807,Haven,Jinggg,PRX,Omen,1,1,0,0,0,0,0,0,0,55,0,1
458807,Haven,mindfreak,PRX,Cypher,3,0,0,0,0,0,0,0,0,37,0,0
458807,Haven,f0rsakeN,PRX,Yoru,3,3,0,0,0,0,0,0,0,45,1,0
458807,Haven,d4v41,PRX,Tejo,3,0,0,0,0,0,0,0,0,58,2,0
458807,Haven,something,PRX,Breach,4,0,0,0,0,1,0,0,0,55,5,0
458807,Icebox,free1ng,DRX,Tejo,1,1,0,0,0,0,0,0,0,33,7,0
458807,Icebox,MaKo,DRX,Viper,3,3,0,0,0,1,0,0,0,72,2,0
458807,Icebox,BeYN,DRX,Omen,1,1,0,0,0,0,0,0,0,38,2,0
458807,Icebox,HYUNMIN,DRX,Jett,4,1,0,0,0,0,0,0,0,65,0,0
458807,Icebox,Flashback,DRX,Killjoy,3,0,0,0,0,0,0,0,0,44,0,0
458807,Icebox,Jinggg,PRX,Tejo,6,0,1,0,0,0,0,0,0,60,0,0
458807,Icebox,mindfreak,PRX,Viper,0,0,0,1,0,1,0,0,0,58,0,2
458807,Icebox,f0rsakeN,PRX,Waylay,5,0,2,0,0,1,0,0,0,61,2,0
458807,Icebox,d4v41,PRX,Kayo,2,0,0,0,0,0,0,0,0,26,0,0
458807,Icebox,something,PRX,Sova,5,2,0,0,1,0,0,0,0,71,7,0
458807,Lotus,free1ng,DRX,Cypher,3,0,0,0,0,1,0,0,0,48,0,2
458807,Lotus,MaKo,DRX,Omen,3,2,0,0,0,0,0,0,0,81,4,0
458807,Lotus,BeYN,DRX,Fade,1,1,0,0,0,0,0,0,0,47,7,0
458807,Lotus,HYUNMIN,DRX,Raze,4,3,0,0,0,0,0,0,0,81,0,0
458807,Lotus,Flashback,DRX,Yoru,1,1,0,0,1,0,0,0,0,40,0,0
458807,Lotus,Jinggg,PRX,Omen,2,0,0,0,1,0,0,0,0,44,0,1
458807,Lotus,mindfreak,PRX,Viper,0,1,0,0,0,0,0,0,0,28,0,0
458807,Lotus,f0rsakeN,PRX,Waylay,4,1,0,0,0,0,0,0,0,46,0,0
458807,Lotus,d4v41,PRX,Tejo,1,2,0,0,1,0,0,0,0,51,2,0
458807,Lotus,something,PRX,Breach,1,0,0,0,0,0,0,0,0,21,4,0
458808,Pearl,Crws,TLN,Tejo,1,0,0,0,0,0,0,0,0,34,0,0
458808,Pearl,Killua,TLN,Fade,0,2,0,1,1,1,1,0,0,51,3,3
458808,Pearl,JitBoyS,TLN,Vyse,1,0,0,0,0,0,0,0,0,39,0,1
458808,Pearl,primmie,TLN,Yoru,2,1,0,0,0,0,0,0,0,56,0,0
458808,Pearl,thyy,TLN,Astra,2,0,0,0,0,0,0,0,0,49,1,0
458808,Pearl,JessieVash,TS,Sova,2,0,0,0,0,0,0,0,0,47,5,2
458808,Pearl,Jremy,TS,Yoru,3,3,0,0,0,0,0,0,0,66,3,0
458808,Pearl,invy,TS,Vyse,3,1,1,0,0,0,0,0,0,84,3,1
458808,Pearl,2GE,TS,Astra,3,1,0,0,0,0,0,0,0,51,0,0
458808,Pearl,Wild0reoo,TS,Chamber,3,2,0,0,1,0,0,0,0,50,0,1
458808,Fracture,Crws,TLN,Tejo,4,0,0,0,0,0,0,0,0,63,2,0
458808,Fracture,Killua,TLN,Breach,3,1,0,0,0,0,0,0,0,73,5,0
458808,Fracture,JitBoyS,TLN,Cypher,3,0,0,0,0,0,0,0,0,50,0,0
458808,Fracture,primmie,TLN,Waylay,5,1,0,0,0,1,0,0,0,80,2,0
458808,Fracture,thyy,TLN,Brimstone,1,2,0,0,0,0,0,0,0,70,0,0
458808,Fracture,JessieVash,TS,Tejo,1,0,0,0,0,0,0,0,0,48,0,0
458808,Fracture,Jremy,TS,Neon,1,0,0,0,1,0,0,0,0,38,0,0
458808,Fracture,invy,TS,Cypher,2,0,0,0,0,0,0,0,0,51,0,0
458808,Fracture,2GE,TS,Brimstone,2,0,0,0,0,0,0,0,0,39,0,0
458808,Fracture,Wild0reoo,TS,Breach,3,0,0,0,0,1,0,0,0,42,0,1
458808,Haven,Crws,TLN,Sova,1,2,0,0,0,0,0,0,0,48,1,2
458808,Haven,Killua,TLN,Yoru,3,1,0,0,0,0,0,0,0,47,0,1
458808,Haven,JitBoyS,TLN,Cypher,5,2,0,0,1,0,0,0,0,59,1,0
458808,Haven,primmie,TLN,Iso,1,0,1,0,0,0,0,0,0,57,0,0
458808,Haven,thyy,TLN,Omen,2,2,0,0,1,0,0,0,0,65,3,0
458808,Haven,JessieVash,TS,Tejo,2,1,0,0,0,0,0,0,0,45,3,1
458808,Haven,Jremy,TS,Neon,1,0,1,0,0,0,0,0,0,36,0,0
458808,Haven,invy,TS,Cypher,2,4,0,0,0,0,0,0,0,64,1,0
458808,Haven,2GE,TS,Astra,2,2,0,0,0,0,0,0,0,49,0,0
458808,Haven,Wild0reoo,TS,Breach,3,0,0,0,0,0,0,0,0,45,1,1
458809,Ascent,Munchkin,GEN,Kayo,2,2,0,0,0,0,0,0,0,77,3,1
458809,Ascent,Suggest,GEN,Cypher,2,0,0,0,0,0,0,0,0,33,0,0
458809,Ascent,t3xture,GEN,Jett,3,0,0,0,0,0,0,0,0,39,0,0
458809,Ascent,Ash,GEN,Tejo,3,0,0,0,0,0,0,0,0,69,2,1
458809,Ascent,Karon,GEN,Omen,1,2,1,0,1,0,0,1,0,75,3,0
458809,Ascent,Famouz,BME,Phoenix,0,1,1,1,0,0,0,0,0,56,0,0
458809,Ascent,BerserX,BME,Killjoy,2,0,0,1,0,0,0,1,0,52,1,0
458809,Ascent,NcSlasher,BME,Tejo,3,1,1,0,0,0,0,0,0,56,2,0
458809,Ascent,Shiro,BME,Sova,1,2,0,0,0,0,0,0,0,49,4,1
458809,Ascent,dos9,BME,Omen,5,1,0,1,1,1,0,0,0,66,2,2
458809,Haven,Munchkin,GEN,Viper,6,3,0,0,0,1,0,0,0,62,3,1
458809,Haven,Suggest,GEN,Killjoy,3,0,0,1,0,0,0,0,0,43,0,0
458809,Haven,t3xture,GEN,Neon,5,2,0,1,1,0,0,0,0,48,1,2
458809,Haven,Ash,GEN,Tejo,3,1,0,0,0,0,0,0,0,32,5,1
458809,Haven,Karon,GEN,Omen,4,0,0,0,0,0,0,0,0,27,3,0
458809,Haven,Famouz,BME,Neon,4,3,1,0,1,0,0,0,0,51,0,0
458809,Haven,BerserX,BME,Cypher,1,1,1,0,0,1,0,0,0,34,2,3
458809,Haven,NcSlasher,BME,Breach,1,2,0,0,1,0,0,0,0,32,8,0
458809,Haven,Shiro,BME,Sova,2,0,0,0,0,0,0,0,0,28,2,0
458809,Haven,dos9,BME,Omen,6,2,2,0,1,1,0,0,0,71,0,0
458810,Ascent,Persia,NS,Omen,1,1,0,0,1,0,0,0,0,59,0,0
458810,Ascent,Dambi,NS,Waylay,3,0,0,0,0,0,0,0,0,37,1,2
458810,Ascent,Francis,NS,Kayo,0,0,0,0,0,0,0,0,0,40,4,0
458810,Ascent,Ivy,NS,Tejo,2,0,0,0,0,0,0,0,0,43,0,0
458810,Ascent,margaret,NS,Cypher,3,0,0,0,0,0,0,0,0,38,0,0
458810,Ascent,crazyguy,RRQ,Tejo,3,1,0,0,0,0,0,0,0,76,1,1
458810,Ascent,Kushy,RRQ,Sova,2,3,0,0,0,0,1,0,0,95,1,2
458810,Ascent,xffero,RRQ,Cypher,1,0,0,0,0,0,0,0,0,47,1,0
458810,Ascent,Monyet,RRQ,Omen,1,0,0,0,1,0,0,0,0,51,1,0
458810,Ascent,Jemkin,RRQ,Yoru,6,1,0,0,0,0,0,0,0,77,0,0
458810,Split,Persia,NS,Omen,5,1,0,0,0,0,0,0,0,83,1,0
458810,Split,Dambi,NS,Waylay,1,0,0,0,0,0,0,0,0,26,0,1
458810,Split,Francis,NS,Tejo,5,1,0,0,1,0,0,0,0,86,4,0
458810,Split,Ivy,NS,Deadlock,4,1,0,0,0,0,0,0,0,68,2,0
458810,Split,margaret,NS,Viper,2,0,0,0,1,0,0,0,0,33,0,0
458810,Split,crazyguy,RRQ,Breach,0,0,0,0,0,0,0,0,0,38,0,0
458810,Split,Kushy,RRQ,Tejo,1,2,0,0,0,0,0,0,0,56,1,1
458810,Split,xffero,RRQ,Viper,5,1,0,0,0,0,0,0,0,80,0,1
458810,Split,Monyet,RRQ,Astra,1,1,0,0,0,0,0,0,0,48,0,0
458810,Split,Jemkin,RRQ,Yoru,0,1,0,0,0,0,0,0,0,33,0,1
458810,Pearl,Persia,NS,Astra,1,1,0,0,0,0,0,0,0,45,1,0
458810,Pearl,Dambi,NS,Neon,1,0,0,1,0,0,0,0,0,51,0,0
458810,Pearl,Francis,NS,Tejo,2,0,1,0,0,0,0,0,0,47,6,0
458810,Pearl,Ivy,NS,Vyse,1,1,0,0,0,0,0,0,0,57,1,1
458810,Pearl,margaret,NS,Killjoy,5,1,0,0,1,1,0,0,0,52,2,0
458810,Pearl,crazyguy,RRQ,Tejo,1,1,0,0,1,0,0,0,0,46,1,1
458810,Pearl,Kushy,RRQ,Kayo,4,0,0,0,0,0,0,0,0,64,1,0
458810,Pearl,xffero,RRQ,Vyse,1,0,0,0,0,0,0,0,0,41,0,0
458810,Pearl,Monyet,RRQ,Astra,2,0,1,0,0,0,0,0,0,64,3,0
458810,Pearl,Jemkin,RRQ,Yoru,3,2,0,0,0,0,0,0,0,52,0,1
458811,Lotus,JessieVash,TS,Cypher,4,0,0,0,0,0,0,0,0,51,0,0
458811,Lotus,Jremy,TS,Waylay,5,0,0,0,0,0,0,0,0,52,1,1
458811,Lotus,invy,TS,Breach,6,3,0,0,0,0,0,0,0,84,6,1
458811,Lotus,2GE,TS,Omen,1,0,0,0,0,0,0,0,0,17,2,2
458811,Lotus,Wild0reoo,TS,Tejo,4,2,0,0,0,0,0,0,0,71,0,0
458811,Lotus,Dep,ZETA,Raze,3,0,1,0,0,0,0,0,0,47,1,1
458811,Lotus,CLZ,ZETA,Sova,2,1,2,0,2,0,0,0,0,76,6,2
458811,Lotus,SugarZ3ro,ZETA,Omen,2,0,0,0,0,1,0,0,0,40,1,1
458811,Lotus,SyouTa,ZETA,Vyse,3,2,0,0,0,0,0,0,0,57,1,0
458811,Lotus,Xdll,ZETA,Iso,3,1,0,0,1,0,0,0,0,51,0,1
458811,Icebox,JessieVash,TS,Killjoy,0,1,1,0,1,0,0,0,0,44,1,0
458811,Icebox,Jremy,TS,Waylay,5,1,0,0,0,0,0,0,0,61,0,0
458811,Icebox,invy,TS,Kayo,6,0,0,0,1,0,0,0,0,60,1,0
458811,Icebox,2GE,TS,Viper,4,0,0,0,0,0,0,0,0,55,2,0
458811,Icebox,Wild0reoo,TS,Gekko,2,0,0,0,0,0,0,0,0,37,5,1
458811,Icebox,Dep,ZETA,Reyna,3,1,0,1,0,0,0,0,0,67,0,1
458811,Icebox,CLZ,ZETA,Sova,6,0,0,0,0,0,0,0,0,79,6,1
458811,Icebox,SugarZ3ro,ZETA,Viper,5,0,0,0,0,0,0,0,0,69,1,0
458811,Icebox,SyouTa,ZETA,Vyse,2,0,1,0,0,0,0,0,0,50,1,2
458811,Icebox,Xdll,ZETA,Iso,2,1,0,0,0,0,0,0,0,31,0,0
458812,Icebox,stax,T1,Kayo,3,3,1,0,0,1,0,0,0,86,0,1
458812,Icebox,BuZz,T1,Chamber,2,1,1,0,0,0,0,0,0,75,0,1
458812,Icebox,Sylvan,T1,Viper,5,0,0,0,0,0,0,0,0,66,2,0
458812,Icebox,Meteor,T1,Reyna,4,1,0,0,1,0,0,0,0,52,2,0
458812,Icebox,iZu,T1,Sova,4,1,0,0,0,1,0,0,0,50,5,0
458812,Icebox,Persia,NS,Viper,2,0,0,0,1,1,0,0,0,33,1,1
458812,Icebox,Dambi,NS,Jett,4,1,0,0,0,0,0,0,0,50,1,0
458812,Icebox,Francis,NS,Kayo,2,0,1,0,0,0,0,0,0,46,4,1
458812,Icebox,Ivy,NS,Tejo,2,1,1,0,2,0,0,0,0,45,2,0
458812,Icebox,margaret,NS,Killjoy,2,2,0,0,0,0,0,0,0,54,1,0
458812,Split,stax,T1,Fade,0,0,0,0,0,0,0,0,0,29,4,0
458812,Split,BuZz,T1,Raze,3,0,0,0,0,0,0,0,0,43,0,0
458812,Split,Sylvan,T1,Omen,3,2,0,0,0,0,0,0,0,48,2,0
458812,Split,Meteor,T1,Viper,6,1,0,0,0,0,0,0,0,73,2,1
458812,Split,iZu,T1,Yoru,3,2,0,1,1,0,0,0,0,59,2,1
458812,Split,Persia,NS,Omen,5,1,0,0,1,0,0,0,0,73,1,1
458812,Split,Dambi,NS,Waylay,1,0,0,0,0,0,0,0,0,21,2,0
458812,Split,Francis,NS,Tejo,1,0,1,0,0,0,0,0,0,41,3,0
458812,Split,Ivy,NS,Deadlock,1,2,0,0,0,0,0,0,0,49,4,0
458812,Split,margaret,NS,Viper,2,0,0,0,0,0,0,0,0,48,0,0
458813,Lotus,Munchkin,GEN,Viper,2,0,0,0,0,0,0,0,0,56,2,0
458813,Lotus,Suggest,GEN,Vyse,4,2,0,0,0,0,0,0,0,61,2,1
458813,Lotus,t3xture,GEN,Raze,3,1,0,0,0,0,0,0,0,46,0,0
458813,Lotus,Ash,GEN,Fade,1,1,0,0,1,1,0,0,0,44,4,2
458813,Lotus,Karon,GEN,Omen,4,1,1,0,1,0,0,0,0,72,0,1
458813,Lotus,Jinggg,PRX,Omen,1,0,0,0,0,0,0,0,0,28,0,1
458813,Lotus,mindfreak,PRX,Viper,3,2,0,0,1,0,0,0,0,54,1,0
458813,Lotus,f0rsakeN,PRX,Waylay,2,3,1,0,0,0,0,0,0,62,1,1
458813,Lotus,d4v41,PRX,Tejo,2,0,0,0,0,0,0,0,0,42,1,0
458813,Lotus,something,PRX,Breach,2,0,0,0,0,0,1,0,0,45,6,0
458813,Fracture,Munchkin,GEN,Breach,1,1,0,0,0,0,1,0,0,52,4,1
458813,Fracture,Suggest,GEN,Cypher,1,0,0,0,0,0,0,0,0,34,0,0
458813,Fracture,t3xture,GEN,Neon,5,3,0,0,0,0,0,0,0,85,0,0
458813,Fracture,Ash,GEN,Tejo,0,0,0,0,0,0,0,0,0,28,1,0
458813,Fracture,Karon,GEN,Brimstone,2,2,0,0,0,0,0,0,0,51,0,0
458813,Fracture,Jinggg,PRX,Brimstone,4,2,0,0,0,0,0,0,0,75,0,0
458813,Fracture,mindfreak,PRX,Vyse,3,2,0,0,0,1,0,0,0,65,0,0
458813,Fracture,f0rsakeN,PRX,Neon,3,1,0,0,0,0,0,0,0,60,1,0
458813,Fracture,d4v41,PRX,Tejo,2,0,0,0,0,0,0,0,0,40,3,0
458813,Fracture,something,PRX,Breach,3,0,0,0,2,0,0,0,0,61,1,1
458813,Haven,Munchkin,GEN,Viper,3,0,2,0,0,0,0,1,0,82,1,0
458813,Haven,Suggest,GEN,Killjoy,0,0,0,0,0,0,0,0,0,28,0,0
458813,Haven,t3xture,GEN,Neon,6,1,0,0,0,0,0,0,0,69,0,0
458813,Haven,Ash,GEN,Tejo,1,2,0,0,0,0,0,0,0,72,8,0
458813,Haven,Karon,GEN,Omen,3,1,1,0,2,0,0,0,0,78,2,0
458813,Haven,Jinggg,PRX,Tejo,4,0,0,0,0,0,0,0,0,39,0,0
458813,Haven,mindfreak,PRX,Omen,1,0,0,0,0,0,0,0,0,29,0,0
458813,Haven,f0rsakeN,PRX,Yoru,3,0,0,0,1,0,0,0,0,61,0,2
458813,Haven,d4v41,PRX,Cypher,3,1,0,0,0,0,0,0,0,65,0,0
458813,Haven,something,PRX,Breach,1,1,0,0,1,0,0,0,0,35,2,0
458814,Lotus,free1ng,DRX,Vyse,3,3,2,0,0,0,0,0,0,113,0,0
458814,Lotus,MaKo,DRX,Omen,3,1,0,0,0,0,0,0,0,81,2,0
458814,Lotus,BeYN,DRX,Fade,2,0,0,0,0,0,0,0,0,58,2,0
458814,Lotus,HYUNMIN,DRX,Raze,2,0,0,0,0,0,0,0,0,32,0,1
458814,Lotus,Flashback,DRX,Yoru,4,1,0,0,0,0,0,0,0,66,0,1
458814,Lotus,Jinboong,DFM,Vyse,0,0,0,0,0,0,0,0,0,20,0,0
458814,Lotus,Meiy,DFM,Raze,0,0,1,0,0,1,0,0,0,42,0,0
458814,Lotus,Art,DFM,Omen,0,0,0,0,0,0,0,0,0,28,0,0
458814,Lotus,Akame,DFM,Fade,2,0,0,0,0,0,0,0,0,43,5,0
458814,Lotus,gyen,DFM,Viper,3,0,0,0,0,0,0,0,0,50,0,0
458814,Ascent,free1ng,DRX,Tejo,5,1,0,0,1,0,0,0,0,57,3,0
458814,Ascent,MaKo,DRX,Omen,3,0,0,0,0,0,0,0,0,46,3,0
458814,Ascent,BeYN,DRX,Sova,1,1,0,0,0,0,0,0,0,53,3,0
458814,Ascent,HYUNMIN,DRX,Jett,2,3,0,0,0,0,0,0,0,65,0,0
458814,Ascent,Flashback,DRX,Vyse,1,2,0,0,0,0,0,0,0,42,0,1
458814,Ascent,Jinboong,DFM,Fade,2,0,0,0,0,0,0,0,0,43,0,0
458814,Ascent,Meiy,DFM,Jett,1,3,0,0,0,0,0,0,0,44,0,0
458814,Ascent,Art,DFM,Tejo,2,1,0,0,0,0,0,0,0,63,0,2
458814,Ascent,Akame,DFM,Kayo,1,0,1,0,0,0,0,0,0,54,2,2
458814,Ascent,gyen,DFM,Astra,2,0,0,0,0,0,0,0,0,39,0,0
458815,Lotus,Crws,TLN,Tejo,1,1,0,0,0,0,0,0,0,41,6,2
458815,Lotus,Killua,TLN,Breach,3,1,1,0,0,0,1,0,0,68,2,1
458815,Lotus,JitBoyS,TLN,Vyse,2,0,0,0,0,0,0,0,0,47,1,0
458815,Lotus,primmie,TLN,Neon,4,0,0,0,0,0,0,0,0,55,1,0
458815,Lotus,thyy,TLN,Omen,2,0,0,0,0,0,0,0,0,32,0,0
458815,Lotus,crazyguy,RRQ,Breach,2,3,0,0,0,0,0,0,0,55,1,1
458815,Lotus,Kushy,RRQ,Tejo,1,0,0,0,0,0,0,0,0,62,4,2
458815,Lotus,xffero,RRQ,Viper,3,2,0,0,0,0,0,0,0,70,0,0
458815,Lotus,Monyet,RRQ,Omen,1,1,0,0,0,0,1,0,0,40,2,1
458815,Lotus,Jemkin,RRQ,Yoru,3,1,1,0,0,0,0,0,0,54,2,1
458815,Ascent,Crws,TLN,Tejo,2,0,0,0,1,0,0,0,0,60,1,1
458815,Ascent,Killua,TLN,Vyse,1,0,0,0,0,0,0,0,0,46,0,0
458815,Ascent,JitBoyS,TLN,Deadlock,3,1,0,0,0,0,0,0,0,65,0,0
458815,Ascent,primmie,TLN,Yoru,2,0,0,0,0,0,0,0,0,36,0,0
458815,Ascent,thyy,TLN,Astra,3,0,0,0,0,0,0,0,0,47,1,0
458815,Ascent,crazyguy,RRQ,Tejo,2,0,0,0,1,0,0,0,0,43,1,0
458815,Ascent,Kushy,RRQ,Sova,2,0,1,0,0,0,0,0,0,63,0,0
458815,Ascent,xffero,RRQ,Cypher,2,0,0,0,1,0,0,0,0,45,2,1
458815,Ascent,Monyet,RRQ,Omen,2,1,0,0,0,1,0,0,0,43,3,0
458815,Ascent,Jemkin,RRQ,Yoru,5,2,0,0,0,0,0,0,0,83,2,0
458816,Lotus,Famouz,BME,Neon,5,0,0,0,0,0,0,0,0,56,0,0
458816,Lotus,BerserX,BME,Viper,1,3,0,0,0,1,0,0,0,129,0,1
458816,Lotus,NcSlasher,BME,Breach,4,0,0,0,0,0,0,0,0,74,0,2
458816,Lotus,Shiro,BME,Tejo,0,0,0,0,0,0,0,0,0,29,1,0
458816,Lotus,dos9,BME,Omen,2,2,0,0,0,1,0,0,0,61,0,2
458816,Lotus,UdoTan,GE,Cypher,0,0,0,0,0,0,0,0,0,55,1,0
458816,Lotus,Kr1stal,GE,Tejo,1,1,0,0,0,0,0,0,0,40,0,0
458816,Lotus,kellyS,GE,Breach,1,1,0,0,0,0,0,0,0,42,4,0
458816,Lotus,Papi,GE,Omen,0,1,0,0,0,0,0,0,0,34,2,0
458816,Lotus,yokam,GE,Yoru,0,0,0,0,0,0,0,0,0,48,0,0
458816,Haven,Famouz,BME,Neon,3,1,0,0,0,0,0,0,0,59,0,0
458816,Haven,BerserX,BME,Cypher,2,2,0,0,0,1,0,0,0,60,1,1
458816,Haven,NcSlasher,BME,Breach,4,0,0,0,0,0,0,0,0,46,5,0
458816,Haven,Shiro,BME,Sova,4,2,1,0,1,0,0,0,0,81,1,2
458816,Haven,dos9,BME,Omen,6,1,0,0,0,0,0,0,0,47,0,0
458816,Haven,UdoTan,GE,Iso,7,2,1,0,0,1,0,0,0,96,1,0
458816,Haven,Kr1stal,GE,Sova,3,0,0,0,2,0,0,0,0,52,3,2
458816,Haven,kellyS,GE,Cypher,3,0,0,1,1,0,0,0,0,52,1,0
458816,Haven,Papi,GE,Omen,1,0,0,0,0,0,0,0,0,34,2,0
458816,Haven,yokam,GE,Yoru,1,0,0,0,0,0,0,0,0,24,0,0
458817,Lotus,Munchkin,GEN,Viper,5,1,0,0,0,0,0,0,0,83,0,0
458817,Lotus,t3xture,GEN,Raze,2,1,0,0,0,0,0,0,0,40,0,0
458817,Lotus,Foxy9,GEN,Vyse,5,0,0,0,0,0,0,0,0,81,0,2
458817,Lotus,Ash,GEN,Fade,3,0,0,0,0,0,0,0,0,55,3,0
458817,Lotus,Karon,GEN,Omen,3,0,0,0,0,1,0,0,0,55,0,1
458817,Lotus,Jinboong,DFM,Vyse,1,0,0,0,1,0,0,0,0,40,2,0
458817,Lotus,Meiy,DFM,Raze,0,0,0,0,0,0,0,0,0,31,1,0
458817,Lotus,Art,DFM,Omen,0,0,0,0,0,0,0,0,0,43,0,0
458817,Lotus,Akame,DFM,Fade,2,0,0,0,0,0,0,0,0,51,2,0
458817,Lotus,gyen,DFM,Viper,3,0,0,0,0,0,0,0,0,56,0,0
458817,Fracture,Munchkin,GEN,Breach,1,0,0,0,0,1,0,0,0,33,2,0
458817,Fracture,t3xture,GEN,Neon,4,1,0,0,0,0,0,0,0,70,0,0
458817,Fracture,Foxy9,GEN,Cypher,3,0,0,0,1,0,0,0,0,54,1,0
458817,Fracture,Ash,GEN,Tejo,6,0,0,0,1,0,0,0,0,81,1,2
458817,Fracture,Karon,GEN,Brimstone,3,1,0,0,1,0,0,0,0,72,1,0
458817,Fracture,Jinboong,DFM,Vyse,3,0,0,0,0,0,0,0,0,47,0,0
458817,Fracture,Meiy,DFM,Raze,2,1,0,0,0,0,0,0,0,42,2,0
458817,Fracture,Art,DFM,Breach,1,0,0,0,0,0,0,0,0,23,1,0
458817,Fracture,Akame,DFM,Tejo,5,0,0,0,0,0,0,0,0,58,1,0
458817,Fracture,gyen,DFM,Brimstone,4,1,0,0,0,0,0,0,0,53,2,0
458818,Split,crazyguy,RRQ,Breach,3,1,0,0,0,0,0,0,0,65,2,1
458818,Split,Kushy,RRQ,Tejo,5,0,0,0,0,0,0,0,0,75,3,1
458818,Split,xffero,RRQ,Viper,3,1,0,0,0,0,0,0,0,73,0,0
458818,Split,Monyet,RRQ,Omen,3,0,0,0,0,0,0,0,0,45,1,0
458818,Split,Jemkin,RRQ,Yoru,5,1,1,0,0,0,0,0,0,71,0,0
458818,Split,Dep,ZETA,Yoru,1,0,0,0,0,1,0,0,0,18,1,0
458818,Split,CLZ,ZETA,Tejo,3,0,0,0,0,0,0,0,0,36,4,0
458818,Split,SugarZ3ro,ZETA,Omen,0,1,0,0,1,0,0,0,0,37,1,0
458818,Split,SyouTa,ZETA,Viper,3,0,0,0,0,0,0,0,0,49,0,0
458818,Split,Xdll,ZETA,Breach,2,0,0,0,1,0,0,0,0,39,1,0
458818,Haven,crazyguy,RRQ,Omen,3,4,0,0,1,1,0,0,0,91,4,0
458818,Haven,Kushy,RRQ,Sova,3,0,1,0,0,0,0,0,0,58,4,0
458818,Haven,xffero,RRQ,Cypher,4,0,0,0,0,0,0,0,0,41,0,0
458818,Haven,Monyet,RRQ,Yoru,4,0,0,0,1,0,0,0,0,51,0,0
458818,Haven,Jemkin,RRQ,Iso,3,2,0,0,0,1,0,0,0,55,0,1
458818,Haven,Dep,ZETA,Neon,6,2,1,0,1,0,0,0,0,88,0,0
458818,Haven,CLZ,ZETA,Tejo,1,1,0,0,0,0,0,0,0,50,4,0
458818,Haven,SugarZ3ro,ZETA,Omen,2,0,0,0,0,0,0,0,0,37,2,1
458818,Haven,SyouTa,ZETA,Cypher,2,1,0,0,0,0,1,0,0,40,1,0
458818,Haven,Xdll,ZETA,Breach,1,1,0,0,0,0,0,0,0,40,1,0
458819,Pearl,Jinggg,PRX,Phoenix,1,0,0,1,0,0,0,0,0,36,0,0
458819,Pearl,f0rsakeN,PRX,Vyse,0,2,1,0,0,0,0,0,0,47,2,0
458819,Pearl,d4v41,PRX,Astra,3,1,0,0,0,0,0,0,0,42,1,0
458819,Pearl,PatMen,PRX,Fade,5,0,1,0,0,0,0,0,0,47,4,0
458819,Pearl,something,PRX,Yoru,1,0,0,0,0,0,0,0,0,29,0,0
458819,Pearl,Famouz,BME,Jett,7,2,0,0,0,0,0,0,0,81,0,1
458819,Pearl,BerserX,BME,Killjoy,2,0,0,0,0,0,0,0,0,35,0,1
458819,Pearl,NcSlasher,BME,Tejo,1,2,0,0,0,0,0,0,0,45,2,0
458819,Pearl,Shiro,BME,Kayo,6,0,0,0,0,0,0,0,0,80,2,1
458819,Pearl,dos9,BME,Astra,2,0,0,0,0,0,0,0,0,36,0,0
458819,Ascent,Jinggg,PRX,Omen,2,0,0,0,1,0,0,0,0,51,1,1
458819,Ascent,f0rsakeN,PRX,Fade,2,1,0,0,0,0,0,0,0,39,2,0
458819,Ascent,d4v41,PRX,Vyse,2,1,0,0,0,0,0,0,0,50,1,0
458819,Ascent,PatMen,PRX,Kayo,4,0,1,0,2,0,0,0,0,59,2,0
458819,Ascent,something,PRX,Jett,3,2,0,0,0,0,0,0,0,65,0,0
458819,Ascent,Famouz,BME,Phoenix,3,5,0,0,0,0,0,0,0,75,0,1
458819,Ascent,BerserX,BME,Killjoy,2,0,0,0,0,0,0,0,0,47,0,1
458819,Ascent,NcSlasher,BME,Tejo,4,0,0,0,0,0,0,0,0,54,1,0
458819,Ascent,Shiro,BME,Sova,0,0,0,0,0,0,0,0,0,41,1,0
458819,Ascent,dos9,BME,Omen,1,0,0,0,0,0,0,0,0,37,1,1
458819,Fracture,Jinggg,PRX,Brimstone,7,2,0,0,0,0,0,0,0,99,1,0
458819,Fracture,f0rsakeN,PRX,Neon,3,2,0,0,0,0,0,0,0,76,0,0
458819,Fracture,d4v41,PRX,Vyse,3,0,0,0,0,0,0,0,0,32,0,1
458819,Fracture,PatMen,PRX,Breach,1,0,0,0,0,0,0,0,0,46,7,0
458819,Fracture,something,PRX,Tejo,1,1,0,0,0,0,1,0,0,46,0,1
458819,Fracture,Famouz,BME,Neon,4,0,0,0,0,0,0,0,0,48,1,0
458819,Fracture,BerserX,BME,Killjoy,1,0,0,1,0,0,0,0,0,46,0,0
458819,Fracture,NcSlasher,BME,Breach,4,1,0,0,1,0,0,0,0,57,5,1
458819,Fracture,Shiro,BME,Tejo,2,0,0,0,1,0,0,0,0,34,2,1
458819,Fracture,dos9,BME,Brimstone,4,2,0,0,2,0,0,0,0,67,1,2
458820,Haven,Crws,TLN,Sova,2,0,0,0,0,0,0,0,0,48,0,1
458820,Haven,Killua,TLN,Yoru,2,0,0,0,0,0,0,0,0,53,0,1
458820,Haven,JitBoyS,TLN,Cypher,1,0,0,0,0,0,0,0,0,31,2,0
458820,Haven,primmie,TLN,Iso,2,1,0,0,0,0,0,0,0,64,0,0
458820,Haven,thyy,TLN,Omen,0,0,0,1,0,0,0,0,0,57,2,0
458820,Haven,Persia,NS,Omen,0,0,0,0,0,0,0,0,0,36,5,0
458820,Haven,Dambi,NS,Neon,4,2,0,0,0,1,0,0,0,77,0,1
458820,Haven,Francis,NS,Tejo,4,0,0,0,0,0,0,0,0,64,1,2
458820,Haven,Ivy,NS,Sova,2,1,1,0,0,0,1,0,0,48,2,1
458820,Haven,margaret,NS,Cypher,0,3,0,0,0,0,0,0,0,71,0,0
458820,Lotus,Crws,TLN,Tejo,3,2,0,0,0,0,0,0,0,65,2,0
458820,Lotus,Killua,TLN,Breach,3,1,0,0,0,0,0,0,0,67,4,2
458820,Lotus,JitBoyS,TLN,Cypher,3,1,0,0,0,0,0,0,0,65,0,1
458820,Lotus,primmie,TLN,Waylay,6,3,0,0,0,0,0,0,0,75,2,0
458820,Lotus,thyy,TLN,Omen,2,1,0,0,0,0,0,0,0,41,0,1
458820,Lotus,Persia,NS,Omen,0,1,0,0,0,0,0,0,0,47,4,0
458820,Lotus,Dambi,NS,Neon,3,1,0,0,0,0,0,0,0,53,0,0
458820,Lotus,Francis,NS,Fade,3,0,0,1,0,0,0,0,0,75,3,0
458820,Lotus,Ivy,NS,Iso,1,0,0,0,0,0,0,0,0,21,0,0
458820,Lotus,margaret,NS,Cypher,4,0,0,0,1,0,0,0,0,38,0,2
458820,Fracture,Crws,TLN,Tejo,3,1,0,0,1,0,0,0,0,57,2,2
458820,Fracture,Killua,TLN,Breach,2,1,0,0,0,0,0,0,0,45,1,0
458820,Fracture,JitBoyS,TLN,Cypher,3,2,0,0,1,0,0,0,0,70,1,0
458820,Fracture,primmie,TLN,Waylay,2,0,0,0,0,1,0,0,0,30,1,2
458820,Fracture,thyy,TLN,Brimstone,3,2,1,0,0,1,0,0,0,91,0,0
458820,Fracture,Persia,NS,Brimstone,1,2,0,0,1,0,0,0,0,49,1,0
458820,Fracture,Dambi,NS,Neon,4,0,0,0,0,0,0,0,0,39,1,1
458820,Fracture,Francis,NS,Breach,2,0,0,0,0,0,0,0,0,37,4,0
458820,Fracture,Ivy,NS,Tejo,0,1,0,0,1,0,0,0,0,33,0,1
458820,Fracture,margaret,NS,Cypher,4,2,0,0,0,0,0,0,0,66,0,0
458821,Ascent,free1ng,DRX,Tejo,2,1,0,0,0,0,0,0,0,49,2,0
458821,Ascent,MaKo,DRX,Omen,1,1,0,0,0,0,0,0,0,55,3,0
458821,Ascent,Estrella,DRX,Vyse,3,1,0,0,0,0,0,0,0,64,0,1
458821,Ascent,HYUNMIN,DRX,Jett,1,2,0,0,0,0,0,0,0,56,1,0
458821,Ascent,Flashback,DRX,Yoru,3,1,0,0,1,0,0,0,0,67,4,0
458821,Ascent,UdoTan,GE,Cypher,3,0,0,0,0,0,0,0,0,44,1,0
458821,Ascent,Kr1stal,GE,Tejo,1,1,0,0,0,0,0,0,0,55,0,0
458821,Ascent,kellyS,GE,Deadlock,1,1,0,0,0,0,0,0,0,57,0,1
458821,Ascent,Papi,GE,Omen,2,0,0,0,1,0,0,0,0,34,0,0
458821,Ascent,yokam,GE,Jett,0,0,0,0,0,0,0,0,0,25,0,0
458821,Split,free1ng,DRX,Tejo,3,0,0,0,0,0,0,0,0,57,4,0
458821,Split,MaKo,DRX,Viper,0,0,0,0,0,0,0,0,0,50,2,0
458821,Split,Estrella,DRX,Omen,2,3,0,0,0,0,0,0,0,68,2,0
458821,Split,HYUNMIN,DRX,Raze,2,0,0,0,0,0,0,0,0,46,1,0
458821,Split,Flashback,DRX,Neon,4,2,0,0,1,0,0,0,0,61,1,0
458821,Split,UdoTan,GE,Cypher,4,1,0,0,2,0,0,0,0,46,0,2
458821,Split,Kr1stal,GE,Fade,3,1,0,0,0,0,0,0,0,47,1,0
458821,Split,kellyS,GE,Deadlock,2,0,0,0,0,0,0,0,0,38,0,1
458821,Split,Papi,GE,Astra,3,0,0,0,0,0,0,0,0,50,1,1
458821,Split,yokam,GE,Raze,2,2,0,0,0,0,0,0,0,47,1,0
458822,Haven,stax,T1,Sova,2,1,0,0,0,1,0,0,0,57,6,0
458822,Haven,BuZz,T1,Yoru,3,1,0,1,0,0,0,0,0,87,0,0
458822,Haven,Sylvan,T1,Omen,5,1,0,0,0,0,0,0,0,57,3,0
458822,Haven,Meteor,T1,Iso,2,1,0,0,0,0,0,0,0,67,2,0
458822,Haven,iZu,T1,Cypher,2,0,0,0,0,0,0,0,0,45,1,1
458822,Haven,JessieVash,TS,Sova,1,2,0,0,0,0,0,0,0,73,2,1
458822,Haven,Jremy,TS,Jett,0,1,0,0,0,0,1,0,0,25,0,1
458822,Haven,invy,TS,Breach,3,1,0,0,0,0,0,0,0,59,0,2
458822,Haven,2GE,TS,Omen,1,0,0,0,0,0,0,0,0,18,1,0
458822,Haven,Wild0reoo,TS,Cypher,0,0,0,0,0,0,0,0,0,37,0,0
458822,Icebox,stax,T1,Kayo,2,1,0,0,0,0,0,0,0,48,1,0
458822,Icebox,BuZz,T1,Chamber,3,1,0,0,1,0,0,0,0,49,0,0
458822,Icebox,Sylvan,T1,Viper,3,2,0,0,0,0,0,0,0,48,0,0
458822,Icebox,Meteor,T1,Reyna,3,1,0,0,1,0,0,0,0,58,0,1
458822,Icebox,iZu,T1,Sova,3,0,0,0,0,0,0,0,0,60,4,0
458822,Icebox,JessieVash,TS,Sova,2,0,0,0,2,0,0,0,0,36,2,0
458822,Icebox,Jremy,TS,Iso,3,4,0,0,1,0,0,0,0,70,0,1
458822,Icebox,invy,TS,Kayo,4,2,0,0,0,0,0,0,0,63,1,0
458822,Icebox,2GE,TS,Viper,2,0,1,0,0,1,0,0,0,64,0,1
458822,Icebox,Wild0reoo,TS,Chamber,4,0,0,0,0,0,0,0,0,67,0,0
458822,Lotus,stax,T1,Fade,2,0,1,0,0,0,0,0,0,46,3,1
458822,Lotus,BuZz,T1,Raze,3,5,1,0,0,0,1,0,0,99,1,0
458822,Lotus,Sylvan,T1,Omen,2,0,1,0,0,0,0,0,0,58,2,0
458822,Lotus,Meteor,T1,Iso,3,2,0,0,0,0,0,0,0,50,0,0
458822,Lotus,iZu,T1,Viper,3,0,0,0,1,0,0,0,0,46,2,0
458822,Lotus,JessieVash,TS,Cypher,4,1,0,0,0,1,0,0,0,52,1,0
458822,Lotus,Jremy,TS,Raze,1,0,0,0,0,0,0,0,0,40,0,0
458822,Lotus,invy,TS,Breach,3,0,0,0,0,0,0,0,0,36,4,0
458822,Lotus,2GE,TS,Omen,2,0,1,0,1,0,0,0,0,50,0,0
458822,Lotus,Wild0reoo,TS,Tejo,3,0,1,0,1,0,0,0,0,53,1,0
458823,Pearl,Persia,NS,Astra,1,0,0,0,0,0,0,0,0,48,0,1
458823,Pearl,Dambi,NS,Neon,3,1,0,0,0,0,0,0,0,42,2,0
458823,Pearl,Francis,NS,Tejo,4,3,1,0,0,1,0,0,0,72,3,1
458823,Pearl,Ivy,NS,Vyse,4,0,0,0,0,0,0,0,0,48,1,0
458823,Pearl,margaret,NS,Killjoy,3,0,0,0,0,1,0,1,0,39,1,0
458823,Pearl,JessieVash,TS,Sova,2,1,1,0,1,0,0,0,0,62,5,1
458823,Pearl,Jremy,TS,Yoru,3,3,0,0,0,0,0,0,0,67,1,0
458823,Pearl,invy,TS,Vyse,2,0,0,0,0,0,0,0,0,76,0,1
458823,Pearl,2GE,TS,Astra,3,0,0,0,0,0,0,0,0,37,0,0
458823,Pearl,Wild0reoo,TS,Chamber,1,0,0,0,0,0,0,0,0,32,0,0
458823,Split,Persia,NS,Omen,3,2,0,0,1,0,0,0,0,80,0,0
458823,Split,Dambi,NS,Neon,4,0,0,0,1,0,0,0,0,54,0,2
458823,Split,Francis,NS,Tejo,2,1,0,0,0,0,0,0,0,96,3,2
458823,Split,Ivy,NS,Deadlock,4,0,0,0,0,1,0,0,0,57,0,1
458823,Split,margaret,NS,Viper,4,0,0,1,0,0,0,0,0,75,0,0
458823,Split,JessieVash,TS,Fade,2,0,0,0,0,0,0,0,0,36,7,0
458823,Split,Jremy,TS,Yoru,2,0,0,0,0,0,0,0,0,35,0,0
458823,Split,invy,TS,Omen,2,0,0,0,0,0,0,0,0,48,0,0
458823,Split,2GE,TS,Viper,1,0,0,0,0,0,0,0,0,44,0,0
458823,Split,Wild0reoo,TS,Raze,2,1,0,0,0,0,0,0,0,40,1,0
458824,Icebox,free1ng,DRX,Yoru,1,2,0,0,0,0,0,0,0,50,0,1
458824,Icebox,MaKo,DRX,Viper,1,0,0,0,0,0,0,0,0,35,0,0
458824,Icebox,BeYN,DRX,Tejo,1,0,0,0,0,0,0,0,0,54,6,0
458824,Icebox,Estrella,DRX,Killjoy,2,1,0,0,0,0,0,0,0,50,0,0
458824,Icebox,HYUNMIN,DRX,Jett,7,1,0,0,0,0,0,0,0,72,0,0
458824,Icebox,Famouz,BME,Jett,1,0,1,0,0,0,0,0,0,37,0,0
458824,Icebox,BerserX,BME,Killjoy,1,1,0,0,1,0,0,0,0,64,3,0
458824,Icebox,NcSlasher,BME,Kayo,4,2,0,0,0,1,0,0,0,52,4,0
458824,Icebox,Shiro,BME,Tejo,2,1,0,0,0,0,0,0,0,40,1,1
458824,Icebox,dos9,BME,Viper,3,1,0,0,0,0,0,0,0,57,1,1
458824,Haven,free1ng,DRX,Yoru,1,0,0,0,0,0,0,0,0,26,0,2
458824,Haven,MaKo,DRX,Omen,6,0,0,0,0,0,0,0,0,55,2,0
458824,Haven,BeYN,DRX,Tejo,4,0,0,0,1,0,0,0,0,44,5,1
458824,Haven,Estrella,DRX,Cypher,4,0,0,0,1,0,0,0,0,49,0,1
458824,Haven,HYUNMIN,DRX,Jett,3,4,2,0,0,0,0,0,0,70,1,0
458824,Haven,Famouz,BME,Yoru,5,1,1,0,0,0,0,0,0,63,0,0
458824,Haven,BerserX,BME,Cypher,5,0,1,0,0,1,0,0,0,44,0,0
458824,Haven,NcSlasher,BME,Omen,4,1,0,0,0,0,0,0,0,58,3,1
458824,Haven,Shiro,BME,Sova,2,4,0,0,0,1,0,0,0,68,4,1
458824,Haven,dos9,BME,Iso,1,0,0,0,1,0,0,0,0,33,1,0
458824,Ascent,free1ng,DRX,Yoru,2,2,0,0,0,0,0,0,0,43,1,0
458824,Ascent,MaKo,DRX,Omen,0,1,0,0,0,0,0,0,0,31,2,0
458824,Ascent,BeYN,DRX,Tejo,4,0,0,0,0,1,0,0,0,51,2,1
458824,Ascent,Estrella,DRX,Vyse,1,1,1,0,0,1,1,0,0,46,2,0
458824,Ascent,HYUNMIN,DRX,Jett,3,1,0,0,0,0,0,0,0,44,0,0
458824,Ascent,Famouz,BME,Yoru,4,1,0,0,0,0,0,0,0,53,0,0
458824,Ascent,BerserX,BME,Vyse,5,2,0,0,0,0,1,0,0,72,1,0
458824,Ascent,NcSlasher,BME,Tejo,0,1,0,0,0,0,0,0,0,39,3,0
458824,Ascent,Shiro,BME,Sova,5,0,0,0,0,0,0,0,0,65,3,0
458824,Ascent,dos9,BME,Omen,4,1,0,0,0,0,1,0,0,58,2,0
458825,Pearl,stax,T1,Sova,3,0,0,0,1,1,0,0,0,51,6,1
458825,Pearl,BuZz,T1,Neon,1,0,0,0,0,0,0,0,0,21,0,0
458825,Pearl,Sylvan,T1,Astra,2,0,1,0,0,1,0,0,0,60,1,0
458825,Pearl,Meteor,T1,Killjoy,1,3,1,0,0,1,0,0,0,85,1,1
458825,Pearl,iZu,T1,Yoru,3,2,1,0,1,0,0,0,0,59,1,0
458825,Pearl,crazyguy,RRQ,Tejo,1,0,0,0,0,0,0,0,0,34,2,1
458825,Pearl,Kushy,RRQ,Vyse,3,0,1,0,0,0,0,0,0,46,3,0
458825,Pearl,xffero,RRQ,Astra,2,3,0,0,0,1,0,0,0,68,2,0
458825,Pearl,Monyet,RRQ,Neon,4,1,1,0,1,0,0,0,0,55,1,1
458825,Pearl,Jemkin,RRQ,Yoru,1,1,0,0,0,0,0,0,0,53,0,0
458825,Icebox,stax,T1,Kayo,1,1,0,1,0,0,0,0,0,68,0,0
458825,Icebox,BuZz,T1,Chamber,4,1,0,0,0,0,0,0,0,42,0,0
458825,Icebox,Sylvan,T1,Viper,2,0,0,0,0,0,0,0,0,44,1,0
458825,Icebox,Meteor,T1,Reyna,3,0,0,0,0,0,0,0,0,42,0,0
458825,Icebox,iZu,T1,Sova,6,2,0,0,0,2,0,0,0,76,8,1
458825,Icebox,crazyguy,RRQ,Tejo,4,0,0,0,0,0,0,0,0,56,2,2
458825,Icebox,Kushy,RRQ,Kayo,2,2,0,0,0,1,0,0,0,44,2,0
458825,Icebox,xffero,RRQ,Killjoy,6,0,0,0,2,0,0,0,0,70,2,0
458825,Icebox,Monyet,RRQ,Viper,5,0,0,0,1,0,0,0,0,55,1,1
458825,Icebox,Jemkin,RRQ,Jett,1,2,1,0,0,0,0,0,0,55,1,0
458825,Lotus,stax,T1,Fade,1,1,0,0,0,0,0,0,0,40,1,0
458825,Lotus,BuZz,T1,Raze,2,2,0,0,0,0,0,0,0,66,0,1
458825,Lotus,Sylvan,T1,Omen,1,0,0,0,0,0,0,0,0,31,3,0
458825,Lotus,Meteor,T1,Iso,1,0,0,0,0,0,0,0,0,24,0,0
458825,Lotus,iZu,T1,Viper,4,0,0,0,1,0,0,0,0,61,1,0
458825,Lotus,crazyguy,RRQ,Breach,3,0,0,0,0,0,0,0,0,62,3,2
458825,Lotus,Kushy,RRQ,Tejo,4,1,0,0,0,0,0,0,0,76,4,0
458825,Lotus,xffero,RRQ,Viper,2,0,0,0,1,0,0,0,0,57,1,0
458825,Lotus,Monyet,RRQ,Omen,4,0,0,0,0,0,0,0,0,45,2,0
458825,Lotus,Jemkin,RRQ,Yoru,5,1,2,0,1,1,0,0,0,86,0,1
458826,Haven,Munchkin,GEN,Viper,4,0,0,0,0,0,0,0,0,59,0,0
458826,Haven,t3xture,GEN,Neon,0,1,0,0,0,0,1,0,0,44,0,1
458826,Haven,Foxy9,GEN,Killjoy,3,0,0,0,0,1,0,0,0,48,0,0
458826,Haven,Ash,GEN,Tejo,2,1,1,0,0,0,0,1,0,74,4,2
458826,Haven,Karon,GEN,Omen,3,2,0,0,0,0,0,0,0,46,2,0
458826,Haven,UdoTan,GE,Iso,5,1,0,0,0,0,0,0,0,78,1,0
458826,Haven,Kr1stal,GE,Sova,3,1,0,0,0,0,0,0,0,52,5,1
458826,Haven,kellyS,GE,Cypher,4,0,0,0,0,0,0,0,0,49,0,0
458826,Haven,Deryeon,GE,Jett,2,0,0,0,0,0,0,0,0,34,0,0
458826,Haven,Papi,GE,Omen,2,0,0,0,0,0,0,0,0,42,1,0
458826,Pearl,Munchkin,GEN,Kayo,0,2,0,0,0,0,0,0,0,36,3,0
458826,Pearl,t3xture,GEN,Neon,3,0,1,0,0,0,0,0,0,58,0,0
458826,Pearl,Foxy9,GEN,Killjoy,4,1,0,0,0,0,0,0,0,64,0,0
458826,Pearl,Ash,GEN,Tejo,3,0,0,0,0,0,0,0,0,45,2,1
458826,Pearl,Karon,GEN,Astra,3,2,0,0,0,0,0,0,0,56,2,2
458826,Pearl,UdoTan,GE,Killjoy,1,0,1,0,0,0,0,0,0,63,1,0
458826,Pearl,Kr1stal,GE,Sova,5,0,0,0,1,0,0,0,0,58,5,1
458826,Pearl,kellyS,GE,Vyse,2,0,0,0,0,0,0,0,0,39,0,1
458826,Pearl,Deryeon,GE,Jett,2,0,0,0,0,0,0,0,0,52,0,0
458826,Pearl,Papi,GE,Astra,4,0,0,0,0,0,0,0,0,42,1,0
458827,Lotus,Crws,TLN,Tejo,3,0,0,0,0,0,0,0,0,48,1,0
458827,Lotus,Killua,TLN,Breach,1,0,1,0,0,0,0,0,0,57,4,0
458827,Lotus,JitBoyS,TLN,Cypher,1,1,0,0,0,0,0,0,0,30,0,0
458827,Lotus,primmie,TLN,Waylay,4,1,0,0,0,0,0,0,0,62,0,0
458827,Lotus,thyy,TLN,Omen,1,0,0,0,0,0,0,0,0,30,1,0
458827,Lotus,CLZ,ZETA,Sova,2,0,0,0,0,0,0,0,0,44,1,0
458827,Lotus,SugarZ3ro,ZETA,Omen,1,0,1,0,0,0,0,0,0,41,2,0
458827,Lotus,SyouTa,ZETA,Vyse,2,2,0,0,1,0,0,0,0,88,0,0
458827,Lotus,Xdll,ZETA,Iso,1,2,0,0,0,0,0,0,0,87,0,2
458827,Lotus,TenTen,ZETA,Neon,4,0,1,0,1,0,0,0,0,68,0,1
458827,Split,Crws,TLN,Deadlock,3,1,1,0,1,0,0,0,0,54,3,1
458827,Split,Killua,TLN,Tejo,3,0,0,0,0,0,0,0,0,53,3,1
458827,Split,JitBoyS,TLN,Cypher,4,1,0,0,0,0,0,0,0,56,0,0
458827,Split,primmie,TLN,Jett,3,2,1,0,0,0,0,0,0,64,1,0
458827,Split,thyy,TLN,Omen,1,0,0,0,1,0,0,0,0,23,0,0
458827,Split,CLZ,ZETA,Tejo,3,0,0,0,1,1,0,0,0,44,5,1
458827,Split,SugarZ3ro,ZETA,Omen,6,1,1,0,0,1,0,0,0,72,1,1
458827,Split,SyouTa,ZETA,Viper,3,1,0,0,0,0,0,0,0,52,0,0
458827,Split,Xdll,ZETA,Breach,5,0,1,0,0,0,0,0,0,72,0,1
458827,Split,TenTen,ZETA,Yoru,2,1,0,0,0,0,0,0,0,48,0,1
458828,Ascent,Jinboong,DFM,Fade,1,2,0,0,0,1,1,0,0,54,2,2
458828,Ascent,Meiy,DFM,Jett,2,1,1,0,0,0,0,0,0,40,0,1
458828,Ascent,Art,DFM,Tejo,2,0,0,0,0,0,0,0,0,39,2,0
458828,Ascent,Akame,DFM,Kayo,5,2,1,0,0,0,0,0,0,69,3,0
458828,Ascent,gyen,DFM,Astra,3,2,0,0,0,0,0,0,0,60,0,0
458828,Ascent,Jinggg,PRX,Omen,4,2,0,0,0,0,0,0,0,77,2,0
458828,Ascent,f0rsakeN,PRX,Fade,2,1,0,0,0,0,0,0,0,46,1,0
458828,Ascent,d4v41,PRX,Vyse,3,0,0,0,1,0,0,0,0,31,1,0
458828,Ascent,PatMen,PRX,Kayo,3,1,0,0,0,0,0,0,0,52,2,1
458828,Ascent,something,PRX,Jett,4,1,0,0,0,0,0,0,0,49,0,2
458828,Lotus,Jinboong,DFM,Viper,2,1,0,0,0,0,0,0,0,47,0,2
458828,Lotus,Meiy,DFM,Neon,4,0,0,0,0,0,0,0,0,50,0,0
458828,Lotus,Art,DFM,Tejo,1,0,0,0,0,0,0,0,0,33,0,0
458828,Lotus,Akame,DFM,Breach,1,0,1,0,0,0,0,0,0,44,6,0
458828,Lotus,gyen,DFM,Omen,3,1,0,0,1,0,0,0,0,58,2,2
458828,Lotus,Jinggg,PRX,Raze,2,2,0,0,0,0,0,0,0,58,0,0
458828,Lotus,f0rsakeN,PRX,Omen,2,0,0,0,0,0,0,0,0,48,0,0
458828,Lotus,d4v41,PRX,Vyse,3,0,0,0,0,0,0,0,0,51,0,4
458828,Lotus,PatMen,PRX,Fade,5,1,1,0,0,0,1,0,0,57,8,2
458828,Lotus,something,PRX,Yoru,5,1,0,0,0,0,0,0,0,86,0,0
458828,Pearl,Jinboong,DFM,Vyse,3,1,0,0,0,0,0,0,0,41,2,1
458828,Pearl,Meiy,DFM,Yoru,1,1,1,0,1,0,0,0,0,41,1,0
458828,Pearl,Art,DFM,Sova,2,0,0,0,0,0,0,0,0,36,3,1
458828,Pearl,Akame,DFM,Chamber,3,4,2,0,0,1,0,0,0,80,1,1
458828,Pearl,gyen,DFM,Astra,4,1,0,0,1,0,0,0,0,41,2,0
458828,Pearl,Jinggg,PRX,Phoenix,6,1,1,0,1,1,0,0,0,67,1,2
458828,Pearl,f0rsakeN,PRX,Vyse,4,0,0,0,0,0,0,0,0,34,0,1
458828,Pearl,d4v41,PRX,Astra,3,2,0,0,1,0,0,0,0,57,1,1
458828,Pearl,PatMen,PRX,Fade,2,0,0,0,0,0,0,0,0,21,7,0
458828,Pearl,something,PRX,Jett,4,3,0,0,0,0,0,0,0,56,0,0
458830,Split,Jinggg,PRX,Raze,6,1,0,0,0,0,0,0,0,65,0,0
458830,Split,f0rsakeN,PRX,Omen,5,0,0,0,1,0,0,0,0,66,1,1
458830,Split,d4v41,PRX,Viper,2,3,0,0,1,0,0,0,0,81,0,0
458830,Split,PatMen,PRX,Fade,3,0,0,0,0,0,0,0,0,59,5,1
458830,Split,something,PRX,Yoru,2,0,0,0,0,0,0,0,0,30,0,0
458830,Split,UdoTan,GE,Cypher,1,0,0,0,0,0,0,0,0,53,0,0
458830,Split,Kr1stal,GE,Fade,1,1,0,0,0,0,0,0,0,47,2,0
458830,Split,kellyS,GE,Deadlock,1,0,1,0,1,0,0,0,0,40,4,0
458830,Split,Deryeon,GE,Raze,4,1,0,0,0,0,0,0,0,66,0,0
458830,Split,Papi,GE,Astra,3,0,0,0,0,1,0,0,0,48,1,0
458830,Lotus,Jinggg,PRX,Raze,8,1,0,0,0,0,0,0,0,78,2,2
458830,Lotus,f0rsakeN,PRX,Omen,5,1,1,0,1,0,1,0,0,64,0,2
458830,Lotus,d4v41,PRX,Vyse,3,2,1,0,0,0,1,0,0,82,0,1
458830,Lotus,PatMen,PRX,Fade,0,0,0,0,0,0,0,0,0,35,6,0
458830,Lotus,something,PRX,Yoru,1,0,0,0,0,0,0,0,0,22,0,0
458830,Lotus,UdoTan,GE,Cypher,4,1,1,0,1,0,0,0,0,67,0,1
458830,Lotus,Kr1stal,GE,Tejo,6,0,0,0,0,0,0,0,0,47,1,0
458830,Lotus,kellyS,GE,Breach,3,0,0,0,0,0,0,0,0,31,6,1
458830,Lotus,Deryeon,GE,Yoru,2,1,0,0,0,0,0,0,0,56,1,0
458830,Lotus,Papi,GE,Omen,0,1,0,0,0,0,0,0,0,46,2,1
458831,Icebox,stax,T1,Kayo,1,1,0,0,0,0,0,0,0,39,2,1
458831,Icebox,BuZz,T1,Jett,3,0,0,0,0,0,0,0,0,58,1,0
458831,Icebox,Sylvan,T1,Viper,0,1,0,0,0,0,0,0,0,37,1,0
458831,Icebox,Meteor,T1,Killjoy,2,1,0,0,0,0,0,0,0,47,0,2
458831,Icebox,iZu,T1,Tejo,4,0,0,0,0,0,0,0,0,44,1,2
458831,Icebox,Crws,TLN,Sova,3,1,0,0,0,0,0,0,0,76,2,3
458831,Icebox,Killua,TLN,Tejo,2,1,0,0,0,1,0,0,0,54,7,1
458831,Icebox,JitBoyS,TLN,Killjoy,3,1,0,0,0,0,0,0,0,52,0,0
458831,Icebox,primmie,TLN,Jett,2,1,0,0,0,0,0,0,0,81,1,0
458831,Icebox,thyy,TLN,Viper,3,1,0,0,0,0,0,0,0,76,1,1
458831,Haven,stax,T1,Sova,0,1,1,0,0,0,0,0,0,53,3,0
458831,Haven,BuZz,T1,Yoru,0,3,0,0,0,0,0,0,0,60,0,1
458831,Haven,Sylvan,T1,Omen,3,0,0,0,0,0,0,0,0,41,3,0
458831,Haven,Meteor,T1,Iso,3,1,0,0,0,0,0,0,0,55,2,1
458831,Haven,iZu,T1,Cypher,0,0,0,0,0,0,0,0,0,25,0,0
458831,Haven,Crws,TLN,Deadlock,1,0,1,0,0,0,0,0,0,52,3,0
458831,Haven,Killua,TLN,Tejo,2,3,0,0,1,0,0,0,0,77,2,0
458831,Haven,JitBoyS,TLN,Cypher,1,0,0,0,0,0,0,0,0,39,0,0
458831,Haven,primmie,TLN,Yoru,6,3,0,0,1,0,0,0,0,78,0,2
458831,Haven,thyy,TLN,Omen,1,0,0,0,0,0,0,0,0,34,3,1
458832,Lotus,free1ng,DRX,Tejo,1,2,0,0,0,0,1,0,0,35,0,0
458832,Lotus,MaKo,DRX,Viper,3,1,0,0,0,1,0,0,0,47,0,1
458832,Lotus,BeYN,DRX,Omen,1,3,0,0,1,0,0,0,0,53,0,0
458832,Lotus,Estrella,DRX,Breach,1,1,0,0,0,0,0,0,0,33,8,0
458832,Lotus,HYUNMIN,DRX,Yoru,4,1,0,0,0,0,0,0,0,52,0,0
458832,Lotus,Munchkin,GEN,Viper,2,1,0,0,0,0,0,0,0,54,0,0
458832,Lotus,t3xture,GEN,Raze,7,3,0,0,0,0,0,0,0,80,1,1
458832,Lotus,Foxy9,GEN,Vyse,4,2,0,0,1,0,0,0,0,74,1,0
458832,Lotus,Ash,GEN,Fade,4,0,0,0,1,0,0,0,0,56,6,1
458832,Lotus,Karon,GEN,Omen,3,0,0,0,0,0,0,0,0,28,0,0
458832,Split,free1ng,DRX,Tejo,2,1,0,0,0,0,0,0,0,53,2,1
458832,Split,MaKo,DRX,Viper,2,1,1,0,1,0,0,0,0,58,1,1
458832,Split,BeYN,DRX,Omen,3,0,0,0,0,0,0,0,0,53,0,0
458832,Split,Estrella,DRX,Breach,2,0,0,0,0,0,0,0,0,45,5,1
458832,Split,HYUNMIN,DRX,Yoru,5,2,0,0,0,1,0,0,0,51,1,0
458832,Split,Munchkin,GEN,Fade,2,0,0,0,0,0,0,0,0,34,4,0
458832,Split,t3xture,GEN,Raze,3,0,0,0,2,0,0,0,0,44,1,2
458832,Split,Foxy9,GEN,Viper,2,2,0,0,0,0,0,0,0,66,0,1
458832,Split,Ash,GEN,Yoru,3,2,0,0,0,0,0,0,0,52,0,1
458832,Split,Karon,GEN,Omen,1,0,0,0,0,0,0,0,0,37,2,0
458832,Ascent,free1ng,DRX,Tejo,4,1,0,0,0,0,0,0,0,65,0,0
458832,Ascent,MaKo,DRX,Omen,2,1,0,0,0,0,0,0,0,49,1,0
458832,Ascent,BeYN,DRX,Cypher,3,0,1,0,0,0,0,0,0,52,0,1
458832,Ascent,Estrella,DRX,Kayo,0,1,0,0,0,0,0,0,0,36,2,0
458832,Ascent,HYUNMIN,DRX,Jett,2,2,1,0,0,1,0,0,0,67,1,0
458832,Ascent,Munchkin,GEN,Sova,1,0,0,0,0,0,0,0,0,33,2,0
458832,Ascent,t3xture,GEN,Yoru,7,1,0,0,0,0,0,0,0,56,0,0
458832,Ascent,Foxy9,GEN,Cypher,2,1,0,0,0,0,0,0,0,45,0,0
458832,Ascent,Ash,GEN,Tejo,1,0,0,0,0,0,0,0,0,36,0,0
458832,Ascent,Karon,GEN,Omen,4,0,0,0,0,0,0,0,0,61,0,0
458833,Lotus,Persia,NS,Omen,1,0,0,0,0,0,0,0,0,40,0,0
458833,Lotus,Dambi,NS,Neon,6,2,0,0,0,0,0,0,0,76,1,0
458833,Lotus,Francis,NS,Fade,5,0,0,0,0,0,0,0,0,55,6,0
458833,Lotus,Ivy,NS,Deadlock,3,0,0,0,0,0,0,0,0,39,1,0
458833,Lotus,margaret,NS,Viper,2,2,0,0,0,2,0,0,0,61,1,0
458833,Lotus,CLZ,ZETA,Sova,1,0,0,0,0,0,0,0,0,46,2,1
458833,Lotus,SugarZ3ro,ZETA,Omen,2,1,0,0,0,0,0,0,0,49,0,0
458833,Lotus,SyouTa,ZETA,Vyse,0,0,0,0,0,0,0,0,0,21,0,1
458833,Lotus,Xdll,ZETA,Iso,2,1,0,0,0,0,0,0,0,70,0,0
458833,Lotus,TenTen,ZETA,Neon,3,0,0,0,0,0,0,0,0,34,0,0
458833,Pearl,Persia,NS,Astra,1,1,0,0,0,0,0,0,0,38,1,0
458833,Pearl,Dambi,NS,Neon,2,1,0,0,0,0,0,0,0,47,0,0
458833,Pearl,Francis,NS,Tejo,3,0,0,0,0,0,0,0,0,44,7,0
458833,Pearl,Ivy,NS,Vyse,6,0,0,0,0,0,0,0,0,54,0,2
458833,Pearl,margaret,NS,Killjoy,3,2,0,1,0,0,0,0,0,97,0,0
458833,Pearl,CLZ,ZETA,Tejo,2,0,1,0,0,1,0,0,0,61,2,1
458833,Pearl,SugarZ3ro,ZETA,Astra,2,2,0,0,1,0,0,0,0,56,3,3
458833,Pearl,SyouTa,ZETA,Killjoy,1,0,0,0,1,0,0,0,0,31,0,0
458833,Pearl,Xdll,ZETA,Vyse,2,1,0,0,0,0,0,0,0,41,1,0
458833,Pearl,TenTen,ZETA,Yoru,4,1,0,0,0,0,0,0,0,45,1,0
458833,Split,Persia,NS,Omen,1,1,0,0,0,0,0,0,0,32,1,0
458833,Split,Dambi,NS,Neon,3,0,1,0,0,0,1,0,0,67,0,1
458833,Split,Francis,NS,Tejo,2,0,1,0,0,0,0,0,0,52,5,0
458833,Split,Ivy,NS,Deadlock,4,1,0,0,0,0,0,0,0,59,2,0
458833,Split,margaret,NS,Viper,2,1,0,1,0,0,0,0,0,95,0,0
458833,Split,CLZ,ZETA,Tejo,1,0,0,0,0,0,0,0,0,31,0,0
458833,Split,SugarZ3ro,ZETA,Omen,2,0,0,0,0,0,0,0,0,32,0,1
458833,Split,SyouTa,ZETA,Viper,2,0,0,0,0,0,0,0,0,39,0,0
458833,Split,Xdll,ZETA,Breach,1,1,0,1,0,1,0,0,0,62,1,2
458833,Split,TenTen,ZETA,Yoru,3,1,0,0,0,0,0,0,0,41,0,0
458834,Fracture,Jinboong,DFM,Vyse,1,1,0,0,0,0,0,0,0,56,0,0
458834,Fracture,Meiy,DFM,Neon,3,2,0,0,1,0,0,0,0,55,2,1
458834,Fracture,Art,DFM,Breach,1,0,0,0,0,0,0,0,0,29,1,0
458834,Fracture,Akame,DFM,Tejo,2,1,1,0,0,0,0,0,0,62,0,1
458834,Fracture,gyen,DFM,Brimstone,1,2,0,0,0,0,0,0,0,56,2,1
458834,Fracture,Famouz,BME,Neon,2,0,0,0,1,0,0,0,0,50,0,1
458834,Fracture,BerserX,BME,Killjoy,1,2,0,0,0,1,0,0,0,39,0,1
458834,Fracture,NcSlasher,BME,Breach,2,0,0,0,0,0,0,0,0,43,5,0
458834,Fracture,Shiro,BME,Tejo,5,3,0,0,1,0,0,0,0,78,3,1
458834,Fracture,dos9,BME,Brimstone,3,1,0,0,1,0,0,0,0,60,0,0
458834,Ascent,Jinboong,DFM,Fade,1,0,0,0,1,0,0,0,0,25,1,0
458834,Ascent,Meiy,DFM,Jett,2,2,0,0,0,1,0,0,0,48,0,0
458834,Ascent,Art,DFM,Tejo,3,0,1,0,0,0,0,0,0,58,0,0
458834,Ascent,Akame,DFM,Kayo,2,1,0,0,0,0,0,0,0,45,4,0
458834,Ascent,gyen,DFM,Astra,1,0,1,0,0,0,0,0,0,49,0,0
458834,Ascent,Famouz,BME,Yoru,2,0,1,0,0,0,0,0,0,59,0,0
458834,Ascent,BerserX,BME,Vyse,3,0,0,0,0,1,0,0,0,39,0,0
458834,Ascent,NcSlasher,BME,Tejo,4,1,0,0,0,0,0,0,0,51,1,1
458834,Ascent,Shiro,BME,Sova,2,2,0,0,0,0,0,0,0,53,3,0
458834,Ascent,dos9,BME,Omen,4,1,0,0,0,1,0,0,0,59,1,0
458835,Haven,crazyguy,RRQ,Omen,5,1,0,0,0,1,0,0,0,54,0,0
458835,Haven,Kushy,RRQ,Sova,4,0,0,0,0,0,0,0,0,52,7,1
458835,Haven,xffero,RRQ,Cypher,3,1,0,0,0,1,0,0,0,46,1,1
458835,Haven,Monyet,RRQ,Yoru,6,0,0,0,0,0,0,0,0,43,3,0
458835,Haven,Jemkin,RRQ,Iso,4,0,2,0,1,0,0,0,0,50,2,0
458835,Haven,JessieVash,TS,Sova,4,1,0,0,0,0,0,0,0,48,5,0
458835,Haven,Jremy,TS,Iso,6,0,0,0,0,0,0,0,0,35,0,2
458835,Haven,invy,TS,Cypher,5,2,0,0,1,0,0,0,0,58,2,0
458835,Haven,2GE,TS,Omen,3,0,0,0,0,0,0,0,0,33,2,0
458835,Haven,Wild0reoo,TS,Yoru,6,2,0,0,0,0,0,0,0,48,2,0
458835,Ascent,crazyguy,RRQ,Tejo,2,1,0,0,0,0,0,0,0,61,2,0
458835,Ascent,Kushy,RRQ,Sova,0,1,0,0,0,0,0,0,0,40,1,0
458835,Ascent,xffero,RRQ,Vyse,2,0,0,0,0,0,0,0,0,52,0,0
458835,Ascent,Monyet,RRQ,Omen,1,0,1,0,0,0,0,0,0,50,1,0
458835,Ascent,Jemkin,RRQ,Yoru,0,1,1,0,0,1,0,0,0,45,0,1
458835,Ascent,JessieVash,TS,Tejo,1,0,0,0,0,0,0,0,0,34,5,0
458835,Ascent,Jremy,TS,Yoru,3,1,1,0,1,0,0,0,0,62,0,0
458835,Ascent,invy,TS,Vyse,4,2,0,0,0,0,0,0,0,80,0,0
458835,Ascent,2GE,TS,Omen,3,1,0,0,0,0,0,0,0,53,3,2
458835,Ascent,Wild0reoo,TS,Jett,3,0,0,0,1,0,0,0,0,48,1,0
458835,Lotus,crazyguy,RRQ,Breach,2,1,0,0,0,0,0,0,0,48,3,3
458835,Lotus,Kushy,RRQ,Tejo,3,1,0,0,0,0,0,0,0,58,3,1
458835,Lotus,xffero,RRQ,Viper,3,1,0,0,0,0,0,0,0,44,2,0
458835,Lotus,Monyet,RRQ,Omen,1,1,0,0,0,0,0,0,0,40,0,0
458835,Lotus,Jemkin,RRQ,Yoru,2,2,0,0,0,0,0,0,0,53,0,0
458835,Lotus,JessieVash,TS,Fade,3,1,1,0,1,2,0,0,0,63,8,1
458835,Lotus,Jremy,TS,Iso,1,0,0,0,0,0,0,0,0,46,0,0
458835,Lotus,invy,TS,Omen,6,0,1,0,0,1,0,0,0,73,2,1
458835,Lotus,2GE,TS,Viper,4,0,0,0,0,0,0,0,0,53,2,0
458835,Lotus,Wild0reoo,TS,Raze,6,1,0,0,0,0,0,0,0,59,0,1
473833,Haven,Crws,TLN,Deadlock,2,1,0,0,0,0,0,0,0,48,2,0
473833,Haven,Killua,TLN,Tejo,3,1,0,0,0,0,0,0,0,47,1,2
473833,Haven,JitBoyS,TLN,Cypher,3,1,0,0,0,0,0,0,0,54,0,1
473833,Haven,primmie,TLN,Yoru,2,2,0,0,1,0,0,0,0,66,4,2
473833,Haven,thyy,TLN,Omen,2,2,0,0,0,0,0,0,0,54,0,1
473833,Haven,Munchkin,GEN,Viper,0,0,0,0,0,0,0,0,0,30,1,0
473833,Haven,t3xture,GEN,Neon,3,0,0,0,0,1,0,0,0,52,1,1
473833,Haven,Foxy9,GEN,Killjoy,1,1,0,0,0,0,0,0,0,42,0,0
473833,Haven,Ash,GEN,Tejo,2,0,0,0,0,0,0,0,0,23,6,0
473833,Haven,Karon,GEN,Omen,2,0,0,0,0,0,0,0,0,35,3,0
473833,Icebox,Crws,TLN,Sova,2,1,0,0,0,0,0,0,0,62,1,2
473833,Icebox,Killua,TLN,Killjoy,2,1,0,0,0,0,0,0,0,53,1,2
473833,Icebox,JitBoyS,TLN,Harbor,3,0,0,0,0,0,0,0,0,47,1,0
473833,Icebox,primmie,TLN,Jett,0,0,0,0,0,0,0,0,0,23,0,0
473833,Icebox,thyy,TLN,Viper,0,1,0,0,0,0,0,0,0,43,1,0
473833,Icebox,Munchkin,GEN,Kayo,3,1,0,0,0,0,0,0,0,74,7,0
473833,Icebox,t3xture,GEN,Yoru,4,3,0,0,0,0,0,0,0,55,0,1
473833,Icebox,Foxy9,GEN,Killjoy,3,1,0,0,0,0,0,0,0,70,1,1
473833,Icebox,Ash,GEN,Tejo,3,1,0,0,0,0,0,0,0,86,3,0
473833,Icebox,Karon,GEN,Viper,2,0,0,0,0,0,0,0,0,48,1,0
473833,Pearl,Crws,TLN,Fade,0,0,0,0,0,0,0,0,0,17,2,0
473833,Pearl,Killua,TLN,Vyse,0,0,0,0,0,0,0,0,0,24,1,0
473833,Pearl,JitBoyS,TLN,Cypher,0,0,0,0,0,0,0,0,0,36,0,0
473833,Pearl,primmie,TLN,Yoru,3,2,0,0,0,1,0,0,0,66,0,0
473833,Pearl,thyy,TLN,Astra,0,0,1,0,0,0,0,0,0,39,1,0
473833,Pearl,Munchkin,GEN,Kayo,2,0,0,0,0,0,0,0,0,37,1,0
473833,Pearl,t3xture,GEN,Neon,3,1,1,0,0,0,0,0,0,77,0,0
473833,Pearl,Foxy9,GEN,Killjoy,2,1,0,0,0,0,0,0,0,50,0,1
473833,Pearl,Ash,GEN,Tejo,3,1,1,0,1,0,0,0,0,151,1,1
473833,Pearl,Karon,GEN,Astra,1,1,0,0,0,0,0,0,0,37,0,1
473834,Lotus,free1ng,DRX,Killjoy,4,1,0,0,0,1,0,0,0,50,1,0
473834,Lotus,MaKo,DRX,Omen,3,3,0,0,0,0,0,0,0,61,0,0
473834,Lotus,BeYN,DRX,Fade,3,0,0,0,0,0,0,0,0,42,8,0
473834,Lotus,Estrella,DRX,Viper,2,0,0,0,0,0,0,0,0,37,0,1
473834,Lotus,HYUNMIN,DRX,Raze,2,1,1,0,0,0,0,0,0,43,1,0
473834,Lotus,stax,T1,Breach,3,2,0,0,0,0,0,0,0,52,4,1
473834,Lotus,BuZz,T1,Yoru,6,1,0,0,0,0,0,0,0,45,1,1
473834,Lotus,Sylvan,T1,Omen,3,1,0,0,0,0,0,0,0,41,1,0
473834,Lotus,Meteor,T1,Tejo,4,0,0,0,0,0,0,0,0,45,2,1
473834,Lotus,iZu,T1,Viper,4,0,0,0,0,0,0,0,0,35,0,0
473834,Fracture,free1ng,DRX,Tejo,4,2,0,0,0,0,0,0,0,48,4,2
473834,Fracture,MaKo,DRX,Brimstone,3,2,0,0,1,0,0,0,0,60,0,1
473834,Fracture,BeYN,DRX,Cypher,0,1,1,0,1,0,0,0,0,48,0,1
473834,Fracture,Estrella,DRX,Breach,2,0,0,0,0,1,0,0,0,36,5,0
473834,Fracture,HYUNMIN,DRX,Neon,3,3,0,0,0,0,0,0,0,57,0,0
473834,Fracture,stax,T1,Breach,3,1,0,0,0,0,0,0,0,43,11,2
473834,Fracture,BuZz,T1,Neon,1,1,0,0,0,0,0,0,0,30,0,0
473834,Fracture,Sylvan,T1,Brimstone,4,1,0,0,0,0,0,0,0,48,0,0
473834,Fracture,Meteor,T1,Vyse,3,0,0,0,0,0,0,0,0,38,0,0
473834,Fracture,iZu,T1,Tejo,5,0,0,0,1,0,0,0,0,48,0,0
473837,Split,Famouz,BME,Yoru,0,0,0,0,0,0,0,0,0,36,0,0
473837,Split,BerserX,BME,Viper,1,1,0,0,1,1,0,0,0,54,0,0
473837,Split,NcSlasher,BME,Deadlock,1,1,0,0,0,0,0,0,0,41,2,0
473837,Split,Shiro,BME,Tejo,1,0,0,0,0,0,1,0,0,38,4,0
473837,Split,dos9,BME,Omen,4,1,0,0,1,0,0,0,0,55,1,0
473837,Split,Munchkin,GEN,Viper,5,0,0,0,0,0,0,0,0,55,0,0
473837,Split,t3xture,GEN,Neon,5,2,0,0,0,0,0,0,0,63,0,1
473837,Split,Foxy9,GEN,Deadlock,5,0,0,0,0,0,0,0,0,49,0,0
473837,Split,Ash,GEN,Tejo,0,0,0,0,0,0,0,0,0,49,7,1
473837,Split,Karon,GEN,Omen,4,1,0,0,0,0,0,0,0,83,3,0
473837,Ascent,Famouz,BME,Yoru,2,1,0,0,0,0,0,0,0,27,0,0
473837,Ascent,BerserX,BME,Vyse,3,0,0,0,0,0,0,0,0,46,0,0
473837,Ascent,NcSlasher,BME,Tejo,1,1,0,0,0,0,0,0,0,29,1,2
473837,Ascent,Shiro,BME,Sova,3,2,0,0,0,0,0,0,0,58,1,0
473837,Ascent,dos9,BME,Omen,0,0,0,0,0,0,0,0,0,39,0,0
473837,Ascent,Munchkin,GEN,Kayo,3,0,0,0,0,0,0,0,0,59,0,1
473837,Ascent,t3xture,GEN,Jett,6,1,0,0,0,0,0,0,0,82,0,1
473837,Ascent,Foxy9,GEN,Killjoy,1,0,0,0,0,0,0,0,0,46,1,0
473837,Ascent,Ash,GEN,Sova,0,0,0,1,0,0,0,0,0,71,2,0
473837,Ascent,Karon,GEN,Omen,1,1,0,0,0,0,0,0,0,69,0,0
473838,Fracture,crazyguy,RRQ,Breach,2,1,0,0,1,0,0,0,0,47,4,0
473838,Fracture,Kushy,RRQ,Tejo,2,1,0,0,1,0,1,0,0,69,3,3
473838,Fracture,xffero,RRQ,Vyse,4,0,0,0,0,0,0,0,0,62,0,0
473838,Fracture,Monyet,RRQ,Neon,2,2,0,0,0,0,0,0,0,34,2,0
473838,Fracture,Jemkin,RRQ,Brimstone,4,0,0,0,0,0,0,0,0,48,0,1
473838,Fracture,free1ng,DRX,Tejo,4,1,0,0,1,0,0,0,0,54,4,1
473838,Fracture,MaKo,DRX,Brimstone,6,2,1,0,0,0,0,0,0,84,1,0
473838,Fracture,BeYN,DRX,Cypher,4,0,0,0,1,0,0,0,0,53,1,1
473838,Fracture,Estrella,DRX,Breach,1,0,0,0,0,0,0,0,0,21,2,0
473838,Fracture,HYUNMIN,DRX,Neon,5,0,0,0,1,1,0,0,0,48,1,2
473838,Icebox,crazyguy,RRQ,Tejo,4,0,0,0,0,0,0,0,0,55,2,0
473838,Icebox,Kushy,RRQ,Kayo,3,0,0,0,0,0,0,0,0,49,2,0
473838,Icebox,xffero,RRQ,Killjoy,3,0,0,0,0,0,0,0,0,71,0,2
473838,Icebox,Monyet,RRQ,Viper,2,1,0,0,1,0,0,0,0,52,1,1
473838,Icebox,Jemkin,RRQ,Jett,4,3,0,0,0,1,0,0,0,91,0,2
473838,Icebox,free1ng,DRX,Tejo,2,0,0,0,0,0,0,0,0,36,2,0
473838,Icebox,MaKo,DRX,Viper,4,0,0,0,0,1,0,0,0,54,1,0
473838,Icebox,BeYN,DRX,Killjoy,2,0,0,0,0,0,0,0,0,25,0,0
473838,Icebox,Estrella,DRX,Kayo,2,0,0,0,0,0,0,0,0,34,6,0
473838,Icebox,HYUNMIN,DRX,Jett,3,1,0,0,0,0,0,0,0,54,0,0
473838,Lotus,crazyguy,RRQ,Breach,6,1,0,0,0,1,0,0,0,68,6,0
473838,Lotus,Kushy,RRQ,Tejo,1,0,0,0,0,0,0,0,0,33,1,1
473838,Lotus,xffero,RRQ,Viper,2,2,1,0,0,0,0,0,0,51,0,1
473838,Lotus,Monyet,RRQ,Omen,1,1,0,0,0,0,0,0,0,36,0,0
473838,Lotus,Jemkin,RRQ,Yoru,4,1,2,0,0,0,0,0,0,58,1,2
473838,Lotus,free1ng,DRX,Killjoy,2,3,0,0,1,0,0,0,0,65,0,1
473838,Lotus,MaKo,DRX,Omen,1,1,2,0,0,0,0,0,0,50,0,0
473838,Lotus,BeYN,DRX,Fade,1,0,0,0,0,0,0,0,0,18,9,0
473838,Lotus,Estrella,DRX,Viper,3,0,0,0,0,0,0,0,0,34,2,0
473838,Lotus,HYUNMIN,DRX,Raze,3,4,0,0,0,0,0,0,0,57,0,0
473835,Haven,Crws,TLN,Deadlock,4,0,0,0,2,0,0,0,0,29,6,1
473835,Haven,Killua,TLN,Tejo,1,0,0,0,0,0,0,0,0,53,1,0
473835,Haven,JitBoyS,TLN,Cypher,5,1,0,0,1,0,0,0,0,60,1,0
473835,Haven,primmie,TLN,Yoru,5,1,1,0,0,0,0,0,0,82,1,0
473835,Haven,thyy,TLN,Omen,3,0,0,0,0,0,0,0,0,45,2,0
473835,Haven,Persia,NS,Omen,1,1,0,0,0,0,0,0,0,43,1,0
473835,Haven,Dambi,NS,Neon,3,2,0,0,0,0,0,0,0,72,0,1
473835,Haven,Francis,NS,Breach,1,0,0,0,0,0,0,0,0,33,3,0
473835,Haven,Ivy,NS,Sova,2,2,0,0,0,0,0,0,0,69,1,1
473835,Haven,margaret,NS,Cypher,2,0,0,0,0,0,0,0,0,27,1,0
473835,Pearl,Crws,TLN,Tejo,0,1,0,0,0,0,0,0,0,35,3,0
473835,Pearl,Killua,TLN,Vyse,3,0,0,0,0,0,0,0,0,58,0,0
473835,Pearl,JitBoyS,TLN,Cypher,2,1,0,0,0,0,0,0,0,50,1,0
473835,Pearl,primmie,TLN,Yoru,1,1,0,0,0,1,0,0,0,42,1,1
473835,Pearl,thyy,TLN,Astra,2,0,0,0,0,0,1,0,0,28,0,1
473835,Pearl,Persia,NS,Astra,2,1,0,0,1,0,0,0,0,51,1,1
473835,Pearl,Dambi,NS,Neon,2,0,1,0,0,0,0,0,0,44,0,0
473835,Pearl,Francis,NS,Sova,3,2,0,0,0,1,0,0,0,107,7,0
473835,Pearl,Ivy,NS,Vyse,4,0,0,0,0,0,0,0,0,45,1,0
473835,Pearl,margaret,NS,Killjoy,1,3,0,0,0,0,0,0,0,68,2,0
473835,Ascent,Crws,TLN,Tejo,4,1,0,0,0,0,0,0,0,63,0,2
473835,Ascent,Killua,TLN,Vyse,3,3,0,0,0,0,0,0,0,68,2,1
473835,Ascent,JitBoyS,TLN,Deadlock,0,0,2,0,0,0,0,0,0,55,3,1
473835,Ascent,primmie,TLN,Jett,0,2,0,0,0,0,0,0,0,60,0,0
473835,Ascent,thyy,TLN,Omen,1,0,0,0,0,0,0,0,0,33,2,0
473835,Ascent,Persia,NS,Omen,3,0,0,0,0,0,0,0,0,49,1,1
473835,Ascent,Dambi,NS,Yoru,4,1,0,0,0,0,0,0,0,39,2,0
473835,Ascent,Francis,NS,Harbor,1,1,0,0,0,0,0,0,0,39,4,0
473835,Ascent,Ivy,NS,Tejo,2,0,0,0,1,0,0,0,0,49,0,1
473835,Ascent,margaret,NS,Cypher,4,1,0,0,0,0,0,0,0,46,1,0
473836,Fracture,stax,T1,Breach,1,1,0,0,0,0,0,0,0,35,4,0
473836,Fracture,BuZz,T1,Neon,3,1,0,1,0,0,0,0,0,69,0,1
473836,Fracture,Sylvan,T1,Brimstone,3,0,0,0,0,1,0,0,0,60,0,2
473836,Fracture,Meteor,T1,Vyse,2,2,0,0,1,0,0,0,0,62,0,0
473836,Fracture,iZu,T1,Tejo,2,1,1,0,0,0,0,0,0,61,0,1
473836,Fracture,Jinggg,PRX,Raze,1,1,0,0,0,0,0,0,0,57,0,1
473836,Fracture,f0rsakeN,PRX,Neon,3,0,0,0,0,0,0,0,0,68,0,0
473836,Fracture,d4v41,PRX,Killjoy,0,0,0,0,0,0,0,0,0,30,1,0
473836,Fracture,PatMen,PRX,Breach,0,0,1,0,0,0,0,0,0,47,5,0
473836,Fracture,something,PRX,Brimstone,0,0,0,0,0,0,0,0,0,19,0,0
473836,Ascent,stax,T1,Kayo,2,0,0,0,0,0,0,0,0,43,2,0
473836,Ascent,BuZz,T1,Jett,3,1,0,0,0,0,0,0,0,62,0,0
473836,Ascent,Sylvan,T1,Omen,1,0,0,0,1,2,0,0,0,40,3,0
473836,Ascent,Meteor,T1,Killjoy,1,0,0,0,0,0,0,0,0,46,0,0
473836,Ascent,iZu,T1,Sova,2,0,0,0,0,0,0,0,0,57,2,0
473836,Ascent,Jinggg,PRX,Omen,2,1,0,1,0,0,0,0,0,74,0,0
473836,Ascent,f0rsakeN,PRX,Fade,3,0,0,0,0,0,0,0,0,34,1,0
473836,Ascent,d4v41,PRX,Vyse,3,0,0,0,1,0,0,0,0,76,0,1
473836,Ascent,PatMen,PRX,Kayo,5,1,0,0,0,1,0,0,0,70,3,1
473836,Ascent,something,PRX,Jett,3,1,1,0,0,0,0,0,0,67,0,1
473836,Lotus,stax,T1,Breach,1,0,0,0,0,0,0,0,0,45,8,0
473836,Lotus,BuZz,T1,Yoru,2,0,0,0,0,0,0,0,0,29,0,0
473836,Lotus,Sylvan,T1,Omen,1,0,0,0,0,0,0,0,0,29,0,0
473836,Lotus,Meteor,T1,Tejo,2,0,0,0,0,0,0,0,0,54,1,0
473836,Lotus,iZu,T1,Viper,2,0,0,0,0,0,0,0,0,43,0,0
473836,Lotus,Jinggg,PRX,Raze,5,1,0,0,0,0,0,0,0,87,0,2
473836,Lotus,f0rsakeN,PRX,Omen,3,1,0,0,1,0,0,0,0,62,1,2
473836,Lotus,d4v41,PRX,Vyse,4,0,0,0,0,0,0,0,0,45,1,0
473836,Lotus,PatMen,PRX,Fade,2,0,0,0,1,0,0,0,0,37,1,1
473836,Lotus,something,PRX,Yoru,5,0,0,0,0,0,0,0,0,80,0,2
473839,Icebox,free1ng,DRX,Tejo,1,0,1,0,0,0,0,0,0,57,0,0
473839,Icebox,MaKo,DRX,Viper,4,1,0,0,0,1,0,0,0,76,0,1
473839,Icebox,BeYN,DRX,Killjoy,3,2,0,0,0,0,0,0,0,53,0,1
473839,Icebox,Estrella,DRX,Harbor,2,1,0,0,0,0,0,0,0,24,10,0
473839,Icebox,HYUNMIN,DRX,Jett,2,1,1,0,0,0,0,0,0,63,0,0
473839,Icebox,Crws,TLN,Sova,1,0,0,0,0,0,0,0,0,38,1,1
473839,Icebox,Killua,TLN,Tejo,1,0,0,0,0,0,0,0,0,40,1,0
473839,Icebox,JitBoyS,TLN,Killjoy,2,0,0,0,0,0,0,0,0,50,1,0
473839,Icebox,primmie,TLN,Jett,4,1,0,0,0,0,0,0,0,65,0,0
473839,Icebox,thyy,TLN,Viper,0,2,0,0,0,0,0,0,0,52,0,0
473839,Fracture,free1ng,DRX,Tejo,2,0,0,0,1,0,0,0,0,42,5,1
473839,Fracture,MaKo,DRX,Brimstone,5,0,1,0,1,0,0,0,0,65,1,0
473839,Fracture,BeYN,DRX,Cypher,2,1,0,0,1,1,0,0,0,50,1,0
473839,Fracture,Estrella,DRX,Breach,4,0,0,0,0,0,0,0,0,37,3,0
473839,Fracture,HYUNMIN,DRX,Neon,3,1,0,0,0,0,0,0,0,46,0,0
473839,Fracture,Crws,TLN,Tejo,4,1,0,0,0,1,0,0,0,70,1,0
473839,Fracture,Killua,TLN,Breach,4,0,0,0,0,0,0,0,0,40,4,0
473839,Fracture,JitBoyS,TLN,Cypher,0,3,1,0,1,0,0,0,0,39,0,2
473839,Fracture,primmie,TLN,Waylay,2,2,0,1,0,0,0,0,0,48,1,0
473839,Fracture,thyy,TLN,Brimstone,3,1,0,0,1,0,0,0,0,38,3,0
473840,Lotus,Famouz,BME,Neon,0,0,1,0,0,0,0,0,0,36,0,0
473840,Lotus,BerserX,BME,Viper,1,0,0,0,0,1,0,0,0,34,0,1
473840,Lotus,NcSlasher,BME,Breach,3,1,0,0,0,0,0,0,0,64,5,0
473840,Lotus,Shiro,BME,Tejo,2,0,0,0,1,0,0,0,0,31,0,1
473840,Lotus,dos9,BME,Omen,2,2,0,0,1,1,0,0,0,66,1,0
473840,Lotus,Jinggg,PRX,Raze,8,3,0,0,1,0,0,0,0,82,1,0
473840,Lotus,f0rsakeN,PRX,Omen,2,0,0,0,0,0,0,0,0,54,1,0
473840,Lotus,d4v41,PRX,Vyse,5,0,0,0,0,0,0,0,0,53,0,1
473840,Lotus,PatMen,PRX,Fade,3,1,0,0,0,0,0,0,0,46,4,1
473840,Lotus,something,PRX,Yoru,2,0,0,0,0,0,0,0,0,59,0,1
473840,Fracture,Famouz,BME,Neon,1,2,0,0,1,0,0,0,0,37,0,3
473840,Fracture,BerserX,BME,Killjoy,3,2,0,0,1,0,0,0,0,57,1,0
473840,Fracture,NcSlasher,BME,Breach,3,0,0,0,0,0,0,0,0,49,3,0
473840,Fracture,Shiro,BME,Tejo,3,0,0,0,0,0,0,0,0,50,3,0
473840,Fracture,dos9,BME,Brimstone,3,0,1,0,0,0,0,0,0,65,1,0
473840,Fracture,Jinggg,PRX,Raze,1,1,1,0,0,0,0,0,0,55,0,1
473840,Fracture,f0rsakeN,PRX,Neon,2,1,0,0,1,0,0,0,0,55,1,1
473840,Fracture,d4v41,PRX,Killjoy,1,1,0,0,1,0,0,0,0,46,0,1
473840,Fracture,PatMen,PRX,Breach,6,1,0,0,0,1,1,0,0,76,9,0
473840,Fracture,something,PRX,Brimstone,3,0,0,0,0,0,0,0,0,59,1,1
473841,Lotus,Munchkin,GEN,Viper,3,1,0,0,0,0,0,0,0,55,1,0
473841,Lotus,t3xture,GEN,Raze,2,4,0,0,0,0,0,0,0,67,0,0
473841,Lotus,Foxy9,GEN,Vyse,3,0,0,0,0,0,0,0,0,43,0,0
473841,Lotus,Ash,GEN,Fade,2,0,0,0,0,0,0,0,0,40,8,0
473841,Lotus,Karon,GEN,Omen,4,1,0,0,0,0,0,0,0,70,3,0
473841,Lotus,crazyguy,RRQ,Breach,1,0,0,0,0,0,0,0,0,37,1,0
473841,Lotus,Kushy,RRQ,Tejo,2,1,0,0,0,0,0,0,0,48,0,1
473841,Lotus,xffero,RRQ,Viper,0,0,0,0,0,0,0,0,0,26,0,0
473841,Lotus,Monyet,RRQ,Omen,1,0,0,0,1,0,0,0,0,48,0,2
473841,Lotus,Jemkin,RRQ,Yoru,3,1,0,0,0,0,0,0,0,63,0,1
473841,Icebox,Munchkin,GEN,Kayo,3,1,0,0,0,0,0,0,0,46,1,0
473841,Icebox,t3xture,GEN,Yoru,3,1,2,0,0,0,0,0,0,69,0,0
473841,Icebox,Foxy9,GEN,Killjoy,3,1,1,0,1,1,0,0,0,56,0,0
473841,Icebox,Ash,GEN,Tejo,2,1,0,0,0,0,0,0,0,89,7,1
473841,Icebox,Karon,GEN,Viper,1,0,0,0,0,0,0,0,0,49,0,2
473841,Icebox,crazyguy,RRQ,Tejo,3,1,0,0,0,0,0,0,0,49,4,1
473841,Icebox,Kushy,RRQ,Kayo,3,0,0,0,1,0,0,0,0,38,3,0
473841,Icebox,xffero,RRQ,Killjoy,4,0,0,0,1,0,0,0,0,51,0,1
473841,Icebox,Monyet,RRQ,Viper,1,0,0,0,0,0,0,0,0,33,1,0
473841,Icebox,Jemkin,RRQ,Jett,4,0,1,0,0,0,0,0,0,63,0,0
473842,Lotus,free1ng,DRX,Tejo,6,0,0,0,1,0,0,0,0,60,5,0
473842,Lotus,MaKo,DRX,Omen,3,2,0,0,0,0,0,0,0,67,1,0
473842,Lotus,BeYN,DRX,Deadlock,4,0,0,0,0,0,0,0,0,35,3,0
473842,Lotus,Estrella,DRX,Vyse,2,1,0,0,0,0,0,0,0,50,1,0
473842,Lotus,HYUNMIN,DRX,Yoru,4,1,0,0,0,0,0,0,0,40,0,0
473842,Lotus,Jinggg,PRX,Raze,3,1,0,0,0,0,0,0,0,54,1,1
473842,Lotus,f0rsakeN,PRX,Omen,4,2,0,0,0,0,0,0,0,61,1,0
473842,Lotus,d4v41,PRX,Vyse,4,2,0,0,2,0,0,0,0,68,1,3
473842,Lotus,PatMen,PRX,Fade,1,1,0,0,0,1,0,0,0,35,3,1
473842,Lotus,something,PRX,Yoru,2,2,0,0,0,0,0,0,0,47,0,0
473842,Icebox,free1ng,DRX,Tejo,1,0,0,0,0,0,0,0,0,33,1,0
473842,Icebox,MaKo,DRX,Viper,1,1,0,0,0,0,0,0,0,51,1,0
473842,Icebox,BeYN,DRX,Killjoy,2,2,0,0,0,0,0,0,0,53,0,0
473842,Icebox,Estrella,DRX,Harbor,3,1,0,0,0,0,0,0,0,31,7,1
473842,Icebox,HYUNMIN,DRX,Jett,4,0,0,0,0,0,0,0,0,49,0,0
473842,Icebox,Jinggg,PRX,Omen,2,0,0,0,0,0,0,0,0,36,0,1
473842,Icebox,f0rsakeN,PRX,Sova,2,1,1,0,1,0,0,0,0,60,6,1
473842,Icebox,d4v41,PRX,Killjoy,1,1,0,0,0,0,0,0,0,62,0,2
473842,Icebox,PatMen,PRX,Viper,2,1,1,0,0,0,0,0,0,64,0,0
473842,Icebox,something,PRX,Jett,3,3,0,0,0,0,0,0,0,66,1,0
473843,Fracture,crazyguy,RRQ,Breach,0,1,0,0,0,0,0,0,0,61,1,0
473843,Fracture,Kushy,RRQ,Tejo,1,0,0,0,0,0,0,0,0,26,0,0
473843,Fracture,xffero,RRQ,Vyse,1,0,0,0,0,0,0,0,0,52,0,1
473843,Fracture,Monyet,RRQ,Neon,0,0,0,0,0,0,0,0,0,31,0,0
473843,Fracture,Jemkin,RRQ,Brimstone,3,0,0,0,1,0,0,0,0,74,0,1
473843,Fracture,Jinggg,PRX,Raze,2,0,0,0,0,1,0,0,0,37,0,0
473843,Fracture,f0rsakeN,PRX,Neon,1,4,2,0,0,0,0,0,0,121,2,1
473843,Fracture,d4v41,PRX,Killjoy,1,0,0,1,0,0,0,0,0,77,1,0
473843,Fracture,PatMen,PRX,Breach,0,1,0,0,0,0,0,0,0,24,8,0
473843,Fracture,something,PRX,Brimstone,2,0,0,0,0,0,0,0,0,49,1,0
473843,Split,crazyguy,RRQ,Omen,3,0,0,0,0,0,0,0,0,32,1,2
473843,Split,Kushy,RRQ,Fade,3,0,0,0,1,0,0,0,0,36,6,0
473843,Split,xffero,RRQ,Viper,1,0,0,0,1,0,0,0,0,28,1,2
473843,Split,Monyet,RRQ,Raze,5,1,0,0,1,0,0,0,0,47,3,0
473843,Split,Jemkin,RRQ,Yoru,4,2,1,1,1,1,0,0,0,69,1,0
473843,Split,Jinggg,PRX,Raze,5,0,0,0,0,0,0,0,0,55,0,1
473843,Split,f0rsakeN,PRX,Omen,4,1,1,0,0,1,0,0,0,54,3,0
473843,Split,d4v41,PRX,Viper,3,0,1,0,0,0,0,0,0,53,0,0
473843,Split,PatMen,PRX,Skye,1,0,0,0,0,0,0,0,0,36,9,0
473843,Split,something,PRX,Jett,7,1,0,0,0,1,0,0,0,55,0,2
473843,Pearl,crazyguy,RRQ,Tejo,2,0,0,0,0,0,0,0,0,33,3,3
473843,Pearl,Kushy,RRQ,Killjoy,4,3,1,0,0,1,0,0,0,72,0,1
473843,Pearl,xffero,RRQ,Astra,2,0,0,0,1,1,0,0,0,41,2,2
473843,Pearl,Monyet,RRQ,Neon,3,1,0,0,0,0,0,0,0,42,1,0
473843,Pearl,Jemkin,RRQ,Yoru,5,0,2,0,0,0,0,0,0,57,3,0
473843,Pearl,Jinggg,PRX,Phoenix,4,1,0,0,1,0,0,0,0,48,2,0
473843,Pearl,f0rsakeN,PRX,Killjoy,2,1,0,0,0,0,0,0,0,43,1,0
473843,Pearl,d4v41,PRX,Astra,2,1,0,0,1,0,0,0,0,45,4,1
473843,Pearl,PatMen,PRX,Fade,4,1,0,0,1,0,0,0,0,39,4,0
473843,Pearl,something,PRX,Jett,3,0,0,0,1,0,0,0,0,40,1,1
473843,Icebox,crazyguy,RRQ,Tejo,1,1,0,0,0,0,0,0,0,48,4,0
473843,Icebox,Kushy,RRQ,Kayo,1,0,0,0,0,0,0,0,0,16,2,0
473843,Icebox,xffero,RRQ,Killjoy,1,0,0,0,0,0,0,0,0,43,1,0
473843,Icebox,Monyet,RRQ,Viper,2,2,0,0,0,0,1,0,0,68,1,0
473843,Icebox,Jemkin,RRQ,Jett,1,0,0,0,0,0,0,0,0,29,0,0
473843,Icebox,Jinggg,PRX,Omen,3,0,0,0,0,0,0,0,0,48,1,1
473843,Icebox,f0rsakeN,PRX,Sova,2,1,0,0,0,0,0,0,0,58,2,0
473843,Icebox,d4v41,PRX,Killjoy,2,1,0,0,0,0,0,0,0,64,0,2
473843,Icebox,PatMen,PRX,Viper,1,2,1,0,0,0,0,0,0,68,0,0
473843,Icebox,something,PRX,Jett,6,0,0,0,0,0,0,0,0,87,1,2
473843,Ascent,crazyguy,RRQ,Tejo,2,1,1,0,0,0,0,0,0,57,2,1
473843,Ascent,Kushy,RRQ,Sova,3,0,0,0,1,0,0,0,0,42,5,1
473843,Ascent,xffero,RRQ,Cypher,2,1,0,0,0,1,0,0,0,64,1,1
473843,Ascent,Monyet,RRQ,Omen,1,0,0,0,0,0,0,0,0,33,0,0
473843,Ascent,Jemkin,RRQ,Yoru,3,1,0,0,0,0,0,0,0,56,1,0
473843,Ascent,Jinggg,PRX,Omen,1,0,0,0,0,0,0,0,0,34,1,0
473843,Ascent,f0rsakeN,PRX,Fade,3,1,0,0,1,0,0,0,0,55,2,0
473843,Ascent,d4v41,PRX,Vyse,4,0,0,0,0,0,0,0,0,56,0,0
473843,Ascent,PatMen,PRX,Kayo,2,1,0,0,0,0,0,0,0,45,3,1
473843,Ascent,something,PRX,Jett,2,0,0,0,0,0,0,0,0,45,0,0
473844,Haven,Munchkin,GEN,Viper,5,0,0,0,0,0,0,0,0,57,1,0
473844,Haven,t3xture,GEN,Neon,0,1,0,0,0,0,0,0,0,40,0,1
473844,Haven,Foxy9,GEN,Killjoy,7,0,0,0,0,0,0,0,0,57,0,0
473844,Haven,Ash,GEN,Tejo,2,0,0,0,0,0,0,0,0,39,6,1
473844,Haven,Karon,GEN,Omen,3,1,1,0,2,1,0,0,0,70,1,1
473844,Haven,crazyguy,RRQ,Omen,2,0,0,0,0,0,0,0,0,44,3,0
473844,Haven,Kushy,RRQ,Sova,4,0,0,0,0,0,0,0,0,81,0,0
473844,Haven,xffero,RRQ,Cypher,0,1,0,0,0,0,0,0,0,39,0,0
473844,Haven,Monyet,RRQ,Yoru,3,0,0,0,0,1,0,0,0,36,1,3
473844,Haven,Jemkin,RRQ,Iso,4,1,1,0,0,0,0,0,0,58,3,0
473844,Ascent,Munchkin,GEN,Kayo,4,0,0,0,0,1,0,0,0,44,5,0
473844,Ascent,t3xture,GEN,Jett,3,1,1,0,0,1,0,0,0,54,1,0
473844,Ascent,Foxy9,GEN,Killjoy,1,1,1,0,2,0,0,0,0,54,0,1
473844,Ascent,Ash,GEN,Sova,3,0,0,0,0,0,0,0,0,36,3,0
473844,Ascent,Karon,GEN,Omen,3,0,0,0,0,0,0,0,0,42,1,0
473844,Ascent,crazyguy,RRQ,Tejo,4,1,0,0,0,1,0,0,0,39,4,0
473844,Ascent,Kushy,RRQ,Sova,3,1,0,0,0,0,0,0,0,50,2,0
473844,Ascent,xffero,RRQ,Cypher,3,1,0,0,1,0,0,0,0,57,1,0
473844,Ascent,Monyet,RRQ,Omen,3,1,0,0,0,0,1,0,0,58,0,0
473844,Ascent,Jemkin,RRQ,Yoru,6,1,1,0,0,0,0,0,0,60,3,1
473844,Lotus,Munchkin,GEN,Viper,2,0,0,0,1,0,0,0,0,49,2,1
473844,Lotus,t3xture,GEN,Raze,1,0,0,0,0,0,0,0,0,51,1,1
473844,Lotus,Foxy9,GEN,Vyse,6,0,0,0,1,1,0,0,0,44,0,1
473844,Lotus,Ash,GEN,Fade,1,1,0,0,0,1,0,0,0,45,4,1
473844,Lotus,Karon,GEN,Omen,3,0,1,0,0,0,0,0,0,46,0,0
473844,Lotus,crazyguy,RRQ,Breach,3,0,0,0,0,0,0,0,0,44,4,2
473844,Lotus,Kushy,RRQ,Tejo,5,2,0,0,0,0,0,0,0,54,1,1
473844,Lotus,xffero,RRQ,Viper,3,2,1,0,2,0,0,0,0,70,2,0
473844,Lotus,Monyet,RRQ,Omen,4,1,0,0,1,0,0,0,0,57,2,0
473844,Lotus,Jemkin,RRQ,Yoru,0,0,2,0,0,0,0,0,0,56,0,2
473844,Icebox,Munchkin,GEN,Kayo,2,2,0,0,0,0,0,0,0,44,2,1
473844,Icebox,t3xture,GEN,Yoru,2,2,0,0,0,0,0,0,0,46,0,0
473844,Icebox,Foxy9,GEN,Killjoy,0,0,1,0,0,0,0,0,0,54,1,1
473844,Icebox,Ash,GEN,Tejo,2,0,0,0,0,0,0,0,0,44,3,0
473844,Icebox,Karon,GEN,Viper,3,1,0,0,0,0,0,0,0,53,2,0
473844,Icebox,crazyguy,RRQ,Tejo,3,0,1,0,1,1,0,0,0,50,4,0
473844,Icebox,Kushy,RRQ,Kayo,1,0,0,1,0,0,0,0,0,45,1,1
473844,Icebox,xffero,RRQ,Killjoy,1,1,0,0,0,0,0,0,0,33,2,0
473844,Icebox,Monyet,RRQ,Viper,5,2,0,0,0,0,0,0,0,70,1,1
473844,Icebox,Jemkin,RRQ,Jett,3,2,1,0,0,0,0,0,0,71,0,1
