scraped_at,player,player_name,team,player_url,player_id,agents_played,agents_count,agents_display,rounds,rating,acs,kd_ratio,kast,adr,kpr,apr,fkpr,fdpr,hs_percent,cl_percent,clutches,k_max,kills,deaths,assists,first_kills,first_deaths
2025-08-27T20:17:09.058999,invy,invy,TS,https://www.vlr.gg/player/8504/invy,8504,"['Vyse', 'Cypher', 'Breach']",5,"Vyse, Cypher, Breach, (+2)",271,1.26,237.2,1.27,73%,158.4,0.87,0.35,0.08,0.07,29%,10%,3/31,27,236,186,95,23,18
2025-08-27T20:17:09.059993,Jemkin,Jemkin,RRQ,https://www.vlr.gg/player/24895/jemkin,24895,"['Yoru', 'Iso', 'Jett']",4,"Yoru, Iso, Jett, (+1)",573,1.22,253.9,1.30,73%,161.3,0.91,0.15,0.24,0.15,38%,18%,9/50,32,524,404,87,137,84
2025-08-27T20:17:09.062011,dos9,dos9,BME,https://www.vlr.gg/player/16215/dos9,16215,"['Omen', 'Brimstone', 'Astra']",5,"Omen, Brimstone, Astra, (+2)",344,1.19,212.2,1.18,75%,136.3,0.76,0.47,0.09,0.07,26%,29%,14/48,35,261,222,160,30,24
2025-08-27T20:17:09.062997,Jinggg,Jinggg,PRX,https://www.vlr.gg/player/7378/jinggg,7378,"['Omen', 'Tejo', 'Brimstone']",5,"Omen, Tejo, Brimstone, (+2)",536,1.14,220.9,1.18,76%,145.4,0.79,0.32,0.10,0.08,26%,11%,7/62,31,422,359,171,53,43
2025-08-27T20:17:09.064022,Foxy9,Foxy9,GEN,https://www.vlr.gg/player/11600/foxy9,11600,"['Vyse', 'Cypher', 'Killjoy']",5,"Vyse, Cypher, Killjoy, (+2)",360,1.12,207.8,1.25,78%,137.3,0.77,0.18,0.10,0.08,34%,29%,9/31,23,277,222,65,35,30
2025-08-27T20:17:09.065024,MaKo,MaKo,DRX,https://www.vlr.gg/player/4462/mako,4462,"['Omen', 'Viper', 'Brimstone']",3,"Omen, Viper, Brimstone",484,1.12,209.2,1.14,75%,135.8,0.73,0.37,0.10,0.09,26%,12%,7/59,29,352,308,178,47,42
2025-08-27T20:17:09.066004,HYUNMIN,HYUNMIN,DRX,https://www.vlr.gg/player/28400/hyunmin,28400,"['Jett', 'Raze', 'Yoru']",4,"Jett, Raze, Yoru, (+1)",484,1.12,238.3,1.20,73%,152.0,0.86,0.14,0.18,0.12,30%,11%,4/36,32,418,348,67,85,58
2025-08-27T20:17:09.067001,Akame,Akame,DFM,https://www.vlr.gg/player/13002/akame,13002,"['Fade', 'Chamber', 'Kayo']",5,"Fade, Chamber, Kayo, (+2)",225,1.11,212.9,1.01,71%,142.8,0.76,0.30,0.14,0.11,32%,6%,2/34,32,172,171,68,31,25
2025-08-27T20:17:09.068996,primmie,primmie,TLN,https://www.vlr.gg/player/25255/primmie,25255,"['Yoru', 'Waylay', 'Iso']",5,"Yoru, Waylay, Iso, (+2)",392,1.11,229.8,1.20,72%,148.8,0.83,0.14,0.15,0.13,34%,13%,6/46,26,327,273,53,60,51
2025-08-27T20:17:09.070002,f0rsakeN,f0rsakeN,PRX,https://www.vlr.gg/player/9801/f0rsaken,9801,"['Yoru', 'Waylay', 'Neon']",8,"Yoru, Waylay, Neon, (+5)",536,1.11,226.1,1.18,73%,142.9,0.80,0.31,0.15,0.15,29%,28%,10/36,26,430,364,168,78,82
2025-08-27T20:17:09.071113,t3xture,t3xture,GEN,https://www.vlr.gg/player/9196/t3xture,9196,"['Jett', 'Neon', 'Raze']",4,"Jett, Neon, Raze, (+1)",472,1.11,244.0,1.21,70%,154.8,0.86,0.18,0.17,0.18,28%,21%,6/28,29,407,336,86,79,84
2025-08-27T20:17:09.072114,Flashback,Flashback,DRX,https://www.vlr.gg/player/35013/flashback,35013,"['Neon', 'Killjoy', 'Yoru']",4,"Neon, Killjoy, Yoru, (+1)",141,1.11,215.6,1.29,76%,139.4,0.79,0.17,0.18,0.07,24%,42%,5/12,25,111,86,24,25,10
2025-08-27T20:17:09.073114,Karon,Karon,GEN,https://www.vlr.gg/player/34974/karon,34974,"['Omen', 'Brimstone', 'Astra']",4,"Omen, Brimstone, Astra, (+1)",472,1.08,207.7,1.10,75%,134.3,0.73,0.39,0.07,0.06,31%,19%,10/53,24,345,313,184,33,27
2025-08-27T20:17:09.074120,Munchkin,Munchkin,GEN,https://www.vlr.gg/player/2489/munchkin,2489,"['Kayo', 'Viper', 'Breach']",5,"Kayo, Viper, Breach, (+2)",472,1.07,198.8,1.05,74%,130.3,0.69,0.39,0.12,0.10,24%,9%,6/65,29,324,308,183,56,49
2025-08-27T20:17:09.076116,margaret,margaret,NS,https://www.vlr.gg/player/33576/margaret,33576,"['Cypher', 'Viper', 'Killjoy']",3,"Cypher, Viper, Killjoy",333,1.07,205.8,1.13,68%,135.5,0.74,0.17,0.11,0.09,29%,21%,8/38,27,248,220,57,35,30
2025-08-27T20:17:09.077117,Kr1stal,Kr1stal,GE,https://www.vlr.gg/player/5796/kr1stal,5796,"['Tejo', 'Sova', 'Fade']",3,"Tejo, Sova, Fade",199,1.07,188.5,1.01,71%,127.1,0.69,0.23,0.05,0.10,24%,13%,5/40,19,138,137,45,10,19
2025-08-27T20:17:09.078113,NcSlasher,NcSlasher,BME,https://www.vlr.gg/player/7043/ncslasher,7043,"['Tejo', 'Breach', 'Kayo']",5,"Tejo, Breach, Kayo, (+2)",344,1.05,197.4,1.03,77%,126.8,0.70,0.37,0.06,0.07,28%,8%,3/37,22,240,232,127,19,25
2025-08-27T20:17:09.079113,Francis,Francis,NS,https://www.vlr.gg/player/31828/francis,31828,"['Kayo', 'Tejo', 'Fade']",6,"Kayo, Tejo, Fade, (+3)",333,1.05,198.8,1.03,72%,130.8,0.69,0.28,0.10,0.09,21%,8%,3/37,25,231,225,92,33,29
2025-08-27T20:17:09.080116,UdoTan,UdoTan,GE,https://www.vlr.gg/player/4428/udotan,4428,"['Cypher', 'Killjoy', 'Iso']",3,"Cypher, Killjoy, Iso",199,1.04,215.3,1.01,70%,148.4,0.75,0.22,0.10,0.13,30%,13%,4/32,28,150,149,43,20,25
2025-08-27T20:17:09.083115,SugarZ3ro,SugarZ3ro,ZETA,https://www.vlr.gg/player/6668/sugarz3ro,6668,"['Brimstone', 'Omen', 'Viper']",4,"Brimstone, Omen, Viper, (+1)",255,1.04,181.8,1.05,73%,116.4,0.70,0.31,0.06,0.05,29%,13%,4/30,27,178,170,78,15,13
2025-08-27T20:17:09.084119,iZu,iZu,T1,https://www.vlr.gg/player/29833/izu,29833,"['Tejo', 'Yoru', 'Cypher']",5,"Tejo, Yoru, Cypher, (+2)",378,1.03,195.8,1.05,73%,126.2,0.71,0.24,0.07,0.09,30%,18%,10/57,23,268,256,90,26,35
2025-08-27T20:17:09.085735,something,something,PRX,https://www.vlr.gg/player/17086/something,17086,"['Breach', 'Sova', 'Jett']",6,"Breach, Sova, Jett, (+3)",536,1.03,197.8,1.03,71%,127.4,0.70,0.26,0.15,0.13,26%,16%,9/58,23,373,361,137,78,69
2025-08-27T20:17:09.086837,BerserX,BerserX,BME,https://www.vlr.gg/player/4874/berserx,4874,"['Killjoy', 'Cypher', 'Viper']",4,"Killjoy, Cypher, Viper, (+1)",344,1.01,196.0,1.05,73%,127.7,0.69,0.21,0.10,0.08,25%,25%,13/51,22,236,224,72,33,26
2025-08-27T20:17:09.087855,Ivy,Ivy,NS,https://www.vlr.gg/player/31829/ivy,31829,"['Tejo', 'Deadlock', 'Vyse']",5,"Tejo, Deadlock, Vyse, (+2)",333,1.01,172.2,1.01,70%,112.7,0.65,0.22,0.07,0.07,30%,14%,6/42,18,215,212,74,22,22
2025-08-27T20:17:09.089463,Kushy,Kushy,RRQ,https://www.vlr.gg/player/4866/kushy,4866,"['Sova', 'Tejo', 'Kayo']",6,"Sova, Tejo, Kayo, (+3)",573,1.01,193.0,0.99,73%,131.2,0.69,0.29,0.06,0.06,32%,15%,8/53,31,393,396,166,35,36
2025-08-27T20:17:09.090581,PatMen,PatMen,PRX,https://www.vlr.gg/player/13744/patmen,13744,"['Kayo', 'Breach', 'Fade']",5,"Kayo, Breach, Fade, (+2)",412,1.00,193.0,0.96,75%,124.8,0.65,0.44,0.05,0.05,30%,24%,9/37,19,266,276,183,19,21
2025-08-27T20:17:09.091579,Ash,Ash,GEN,https://www.vlr.gg/player/25017/ash,25017,"['Tejo', 'Fade', 'Yoru']",4,"Tejo, Fade, Yoru, (+1)",472,1.00,173.7,1.04,72%,116.8,0.61,0.25,0.06,0.06,31%,15%,7/48,19,290,280,117,26,27
2025-08-27T20:17:09.092575,BeYN,BeYN,DRX,https://www.vlr.gg/player/4678/beyn,4678,"['Sova', 'Omen', 'Fade']",7,"Sova, Omen, Fade, (+4)",445,0.99,178.2,0.96,71%,117.6,0.62,0.28,0.08,0.06,25%,19%,9/47,19,277,290,126,35,28
2025-08-27T20:17:09.094183,Killua,Killua,TLN,https://www.vlr.gg/player/13784/killua,13784,"['Fade', 'Breach', 'Yoru']",6,"Fade, Breach, Yoru, (+3)",392,0.99,187.5,0.98,70%,126.7,0.67,0.26,0.09,0.07,34%,14%,6/44,18,263,268,101,36,29
2025-08-27T20:17:09.095767,JessieVash,JessieVash,TS,https://www.vlr.gg/player/2334/jessievash,2334,"['Sova', 'Tejo', 'Cypher']",5,"Sova, Tejo, Cypher, (+2)",271,0.99,182.5,0.94,69%,128.3,0.65,0.23,0.05,0.07,30%,16%,8/50,20,176,187,62,14,19
2025-08-27T20:17:09.097886,Persia,Persia,NS,https://www.vlr.gg/player/4122/persia,4122,"['Omen', 'Astra', 'Viper']",4,"Omen, Astra, Viper, (+1)",333,0.99,173.8,0.92,71%,113.1,0.60,0.37,0.09,0.06,26%,18%,7/39,22,200,218,123,29,19
2025-08-27T20:17:09.098940,Famouz,Famouz,BME,https://www.vlr.gg/player/2348/famouz,2348,"['Phoenix', 'Neon', 'Jett']",4,"Phoenix, Neon, Jett, (+1)",344,0.99,228.3,1.08,71%,146.7,0.82,0.21,0.19,0.19,21%,12%,3/25,29,281,261,71,66,67
2025-08-27T20:17:09.099914,d4v41,d4v41,PRX,https://www.vlr.gg/player/9803/d4v41,9803,"['Tejo', 'Kayo', 'Cypher']",7,"Tejo, Kayo, Cypher, (+4)",536,0.98,190.7,1.06,77%,127.1,0.69,0.28,0.08,0.06,24%,14%,10/71,24,371,350,151,43,34
2025-08-27T20:17:09.100888,Meteor,Meteor,T1,https://www.vlr.gg/player/13039/meteor,13039,"['Vyse', 'Viper', 'Iso']",6,"Vyse, Viper, Iso, (+3)",378,0.98,215.3,1.01,68%,144.2,0.75,0.20,0.13,0.15,30%,9%,4/43,24,283,279,76,51,58
2025-08-27T20:17:09.101888,BuZz,BuZz,T1,https://www.vlr.gg/player/804/buzz,804,"['Neon', 'Raze', 'Yoru']",5,"Neon, Raze, Yoru, (+2)",378,0.98,225.0,1.06,65%,145.0,0.78,0.15,0.14,0.17,27%,9%,3/35,30,294,278,57,52,64
2025-08-27T20:17:09.102883,xffero,xffero,RRQ,https://www.vlr.gg/player/4871/xffero,4871,"['Cypher', 'Viper', 'Vyse']",5,"Cypher, Viper, Vyse, (+2)",573,0.97,183.8,1.03,73%,126.3,0.67,0.25,0.07,0.09,26%,19%,14/75,23,385,374,142,38,49
2025-08-27T20:17:09.104876,free1ng,free1ng,DRX,https://www.vlr.gg/player/1916/free1ng,1916,"['Cypher', 'Tejo', 'Vyse']",5,"Cypher, Tejo, Vyse, (+2)",484,0.97,189.6,1.01,69%,123.7,0.67,0.19,0.12,0.10,27%,14%,8/57,26,323,321,93,56,46
2025-08-27T20:17:09.105884,CLZ,CLZ,ZETA,https://www.vlr.gg/player/2615/clz,2615,"['Tejo', 'Sova']",2,"Tejo, Sova",255,0.96,178.1,0.88,68%,126.2,0.61,0.22,0.07,0.04,26%,16%,7/44,23,155,176,57,19,11
2025-08-27T20:17:09.106880,Dambi,Dambi,NS,https://www.vlr.gg/player/31827/dambi,31827,"['Waylay', 'Neon', 'Jett']",4,"Waylay, Neon, Jett, (+1)",333,0.95,210.8,0.99,67%,133.6,0.72,0.24,0.15,0.18,24%,16%,3/19,23,240,242,81,49,61
2025-08-27T20:17:09.108888,gyen,gyen,DFM,https://www.vlr.gg/player/48577/gyen,48577,"['Viper', 'Astra', 'Brimstone']",4,"Viper, Astra, Brimstone, (+1)",225,0.95,189.8,0.79,66%,125.8,0.62,0.34,0.08,0.10,37%,5%,2/38,21,139,177,76,17,22
2025-08-27T20:17:09.109892,stax,stax,T1,https://www.vlr.gg/player/485/stax,485,"['Breach', 'Fade', 'Sova']",4,"Breach, Fade, Sova, (+1)",378,0.95,175.2,0.94,70%,119.2,0.64,0.33,0.03,0.06,31%,12%,5/43,25,241,256,126,11,22
2025-08-27T20:17:09.110891,crazyguy,crazyguy,RRQ,https://www.vlr.gg/player/1430/crazyguy,1430,"['Tejo', 'Breach', 'Omen']",3,"Tejo, Breach, Omen",573,0.94,181.8,0.92,72%,121.2,0.61,0.33,0.06,0.06,24%,14%,10/72,23,352,384,187,37,33
2025-08-27T20:17:09.111884,Monyet,Monyet,RRQ,https://www.vlr.gg/player/8497/monyet,8497,"['Omen', 'Astra', 'Yoru']",6,"Omen, Astra, Yoru, (+3)",573,0.94,181.1,0.93,71%,119.7,0.65,0.34,0.10,0.12,28%,22%,13/59,25,375,402,196,55,66
2025-08-27T20:17:09.112913,TenTen,TenTen,ZETA,https://www.vlr.gg/player/29839/tenten,29839,"['Neon', 'Yoru']",2,"Neon, Yoru",103,0.94,216.4,0.96,69%,135.5,0.73,0.19,0.22,0.22,16%,25%,1/4,20,75,78,20,23,23
2025-08-27T20:17:09.113880,Dep,Dep,ZETA,https://www.vlr.gg/player/424/dep,424,"['Raze', 'Yoru', 'Reyna']",4,"Raze, Yoru, Reyna, (+1)",152,0.94,211.1,0.98,61%,142.3,0.75,0.16,0.16,0.18,28%,14%,2/14,28,114,116,25,24,28
2025-08-27T20:17:09.114888,Shiro,Shiro,BME,https://www.vlr.gg/player/10739/shiro,10739,"['Sova', 'Tejo', 'Kayo']",3,"Sova, Tejo, Kayo",344,0.93,187.6,0.90,69%,128.1,0.64,0.27,0.09,0.07,27%,19%,6/32,23,220,244,94,32,24
2025-08-27T20:17:09.115888,thyy,thyy,TLN,https://www.vlr.gg/player/42901/thyy,42901,"['Astra', 'Brimstone', 'Omen']",4,"Astra, Brimstone, Omen, (+1)",392,0.93,177.2,0.88,73%,113.7,0.62,0.39,0.06,0.05,33%,9%,5/53,24,242,274,153,23,20
2025-08-27T20:17:09.116886,Sylvan,Sylvan,T1,https://www.vlr.gg/player/4056/sylvan,4056,"['Brimstone', 'Omen', 'Viper']",4,"Brimstone, Omen, Viper, (+1)",378,0.92,179.2,0.86,71%,120.5,0.60,0.44,0.06,0.10,25%,12%,5/42,18,228,266,167,21,38
2025-08-27T20:17:09.117881,JitBoyS,JitBoyS,TLN,https://www.vlr.gg/player/13788/jitboys,13788,"['Vyse', 'Cypher', 'Deadlock']",5,"Vyse, Cypher, Deadlock, (+2)",392,0.91,186.9,0.91,69%,125.6,0.66,0.19,0.12,0.15,36%,11%,4/37,20,258,282,74,47,57
2025-08-27T20:17:09.118885,Meiy,Meiy,DFM,https://www.vlr.gg/player/6672/meiy,6672,"['Raze', 'Yoru', 'Jett']",4,"Raze, Yoru, Jett, (+1)",225,0.90,190.3,0.89,64%,123.9,0.70,0.12,0.09,0.13,28%,18%,5/28,19,158,178,27,20,30
2025-08-27T20:17:09.119898,Jremy,Jremy,TS,https://www.vlr.gg/player/7405/jremy,7405,"['Yoru', 'Neon', 'Waylay']",6,"Yoru, Neon, Waylay, (+3)",271,0.90,201.0,0.91,70%,131.7,0.71,0.21,0.14,0.18,26%,19%,4/21,27,192,211,58,37,49
2025-08-27T20:17:09.121020,Crws,Crws,TLN,https://www.vlr.gg/player/3977/crws,3977,"['Tejo', 'Sova', 'Deadlock']",4,"Tejo, Sova, Deadlock, (+1)",392,0.90,174.2,0.87,65%,119.8,0.60,0.23,0.07,0.10,25%,15%,6/41,20,236,272,91,28,40
2025-08-27T20:17:09.122006,Xdll,Xdll,ZETA,https://www.vlr.gg/player/25221/xdll,25221,"['Breach', 'Iso', 'Vyse']",3,"Breach, Iso, Vyse",255,0.88,200.5,0.88,68%,129.1,0.70,0.23,0.12,0.09,35%,15%,4/27,21,178,203,59,31,24
2025-08-27T20:17:09.123011,kellyS,kellyS,GE,https://www.vlr.gg/player/7437/kellys,7437,"['Breach', 'Vyse', 'Cypher']",4,"Breach, Vyse, Cypher, (+1)",199,0.87,182.4,0.81,65%,119.7,0.62,0.33,0.06,0.09,21%,12%,2/17,19,124,153,66,11,18
2025-08-27T20:17:09.125011,mindfreak,mindfreak,PRX,https://www.vlr.gg/player/9800/mindfreak,9800,"['Cypher', 'Viper', 'Vyse']",4,"Cypher, Viper, Vyse, (+1)",124,0.86,165.2,0.83,63%,114.1,0.57,0.21,0.06,0.07,30%,18%,3/17,17,71,86,26,7,9
2025-08-27T20:17:09.126007,Wild0reoo,Wild0reoo,TS,https://www.vlr.gg/player/9740/wild0reoo,9740,"['Chamber', 'Breach', 'Tejo']",8,"Chamber, Breach, Tejo, (+5)",271,0.85,185.5,0.84,66%,123.4,0.66,0.17,0.12,0.14,26%,18%,4/22,25,179,212,45,32,37
2025-08-27T20:17:09.127008,Estrella,Estrella,DRX,https://www.vlr.gg/player/25025/estrella,25025,"['Vyse', 'Omen', 'Killjoy']",8,"Vyse, Omen, Killjoy, (+5)",382,0.83,161.7,0.84,72%,103.9,0.56,0.32,0.06,0.08,25%,11%,4/38,22,214,255,121,22,29
2025-08-27T20:17:09.128050,2GE,2GE,TS,https://www.vlr.gg/player/9735/2ge,9735,"['Astra', 'Brimstone', 'Omen']",4,"Astra, Brimstone, Omen, (+1)",271,0.81,165.3,0.74,66%,108.7,0.55,0.36,0.05,0.10,23%,5%,2/39,19,150,202,97,14,28
2025-08-27T20:17:09.130018,Deryeon,Deryeon,GE,https://www.vlr.gg/player/9152/deryeon,9152,"['Jett', 'Raze', 'Yoru']",3,"Jett, Raze, Yoru",78,0.81,207.5,0.74,69%,132.3,0.64,0.24,0.19,0.14,25%,0%,0/9,16,50,68,19,15,11
2025-08-27T20:17:09.131021,Papi,Papi,GE,https://www.vlr.gg/player/13219/papi,13219,"['Omen', 'Astra']",2,"Omen, Astra",199,0.80,152.4,0.75,74%,98.8,0.55,0.32,0.05,0.09,26%,19%,4/21,15,110,147,63,10,18
2025-08-27T20:17:09.132013,Jinboong,Jinboong,DFM,https://www.vlr.gg/player/4052/jinboong,4052,"['Vyse', 'Fade', 'Viper']",3,"Vyse, Fade, Viper",225,0.80,157.4,0.72,62%,111.1,0.54,0.21,0.06,0.13,33%,12%,4/33,16,121,169,48,14,29
2025-08-27T20:17:09.134007,SyouTa,SyouTa,ZETA,https://www.vlr.gg/player/12990/syouta,12990,"['Vyse', 'Viper', 'Cypher']",4,"Vyse, Viper, Cypher, (+1)",255,0.79,162.8,0.77,61%,108.1,0.58,0.19,0.10,0.07,35%,9%,3/32,18,147,190,48,26,18
2025-08-27T20:17:09.135012,Suggest,Suggest,GEN,https://www.vlr.gg/player/4559/suggest,4559,"['Cypher', 'Killjoy', 'Vyse']",3,"Cypher, Killjoy, Vyse",112,0.66,152.2,0.77,65%,110.8,0.57,0.12,0.09,0.12,30%,0%,0/8,21,64,83,13,10,13
2025-08-27T20:17:09.135638,Art,Art,DFM,https://www.vlr.gg/player/10627/art,10627,"['Omen', 'Sova', 'Tejo']",4,"Omen, Sova, Tejo, (+1)",225,0.61,135.7,0.52,61%,92.8,0.42,0.31,0.04,0.12,21%,0%,0/18,16,94,182,69,9,28
2025-08-27T20:17:09.136754,yokam,yokam,GE,https://www.vlr.gg/player/44259/yokam,44259,"['Yoru', 'Jett', 'Raze']",3,"Yoru, Jett, Raze",121,0.55,152.7,0.56,60%,104.2,0.48,0.17,0.16,0.19,23%,13%,1/8,15,58,104,21,19,23
