match_id,match_title,event,date,format,teams,score,maps_played,patch,pick_ban_info,match_url
450047,Xi Lai Gaming vs Bilibili Gaming,VCT 2025: China Stage 1,2025-03-13 07:00:00,Bo3,Xi Lai Gaming vs Bilibili Gaming,1 - 2,3,N/A,BLG ban Lotus; XLG ban Ascent; BLG pick Pearl; XLG pick Icebox; BLG ban Split; XLG ban Haven; Fracture remains,https://www.vlr.gg/450047/xi-lai-gaming-vs-bilibili-gaming-champions-tour-2025-china-stage-1-w1
450048,Trace Esports vs All Gamers,VCT 2025: China Stage 1,2025-03-14 07:00:00,Bo3,Trace Esports vs All Gamers,2 - 1,3,N/A,TE ban Icebox; AG ban Fracture; TE pick Pearl; AG pick Lotus; TE ban Haven; AG ban Ascent; Split remains,https://www.vlr.gg/450048/trace-esports-vs-all-gamers-champions-tour-2025-china-stage-1-w1
450049,Dragon Ranger Gaming vs Nova Esports,VCT 2025: China Stage 1,2025-03-15 05:00:00,Bo3,Dragon Ranger Gaming vs Nova Esports,2 - 0,2,N/A,NOVA ban Ascent; DRG ban Split; NOVA pick Fracture; DRG pick Lotus; NOVA ban Icebox; DRG ban Pearl; Haven remains,https://www.vlr.gg/450049/dragon-ranger-gaming-vs-nova-esports-champions-tour-2025-china-stage-1-w1
450050,TYLOO vs EDward Gaming,VCT 2025: China Stage 1,2025-03-15 07:05:00,Bo3,TYLOO vs EDward Gaming,0 - 2,2,N/A,TYL ban Ascent; EDG ban Lotus; TYL pick Fracture; EDG pick Haven; TYL ban Icebox; EDG ban Pearl; Split remains,https://www.vlr.gg/450050/tyloo-vs-edward-gaming-champions-tour-2025-china-stage-1-w1
450051,JD Mall JDG Esports(JDG Esports) vs Wolves Esports,VCT 2025: China Stage 1,2025-03-16 05:00:00,Bo3,JD Mall JDG Esports(JDG Esports) vs Wolves Esports,0 - 2,2,N/A,WOL ban Icebox; JDG ban Ascent; WOL pick Pearl; JDG pick Haven; WOL ban Lotus; JDG ban Fracture; Split remains,https://www.vlr.gg/450051/jdg-esports-vs-wolves-esports-champions-tour-2025-china-stage-1-w1
450052,FunPlus Phoenix vs Titan Esports Club,VCT 2025: China Stage 1,2025-03-16 07:25:00,Bo3,FunPlus Phoenix vs Titan Esports Club,2 - 0,2,N/A,TEC ban Pearl; FPX ban Fracture; TEC pick Icebox; FPX pick Haven; TEC ban Split; FPX ban Lotus; Ascent remains,https://www.vlr.gg/450052/funplus-phoenix-vs-titan-esports-club-champions-tour-2025-china-stage-1-w1
450053,Nova Esports vs EDward Gaming,VCT 2025: China Stage 1,2025-03-20 07:00:00,Bo3,Nova Esports vs EDward Gaming,2 - 0,2,N/A,NOVA ban Haven; EDG ban Lotus; NOVA pick Ascent; EDG pick Fracture; NOVA ban Icebox; EDG ban Split; Pearl remains,https://www.vlr.gg/450053/nova-esports-vs-edward-gaming-champions-tour-2025-china-stage-1-w2
450054,TYLOO vs FunPlus Phoenix,VCT 2025: China Stage 1,2025-03-21 07:00:00,Bo3,TYLOO vs FunPlus Phoenix,1 - 2,3,N/A,TYL ban Ascent; FPX ban Fracture; TYL pick Pearl; FPX pick Icebox; TYL ban Lotus; FPX ban Split; Haven remains,https://www.vlr.gg/450054/tyloo-vs-funplus-phoenix-champions-tour-2025-china-stage-1-w2
450055,Xi Lai Gaming vs All Gamers,VCT 2025: China Stage 1,2025-03-22 05:00:00,Bo3,Xi Lai Gaming vs All Gamers,2 - 0,2,N/A,XLG ban Haven; AG ban Icebox; XLG pick Fracture; AG pick Lotus; XLG ban Ascent; AG ban Split; Pearl remains,https://www.vlr.gg/450055/xi-lai-gaming-vs-all-gamers-champions-tour-2025-china-stage-1-w2
450056,Wolves Esports vs Trace Esports,VCT 2025: China Stage 1,2025-03-22 07:20:00,Bo3,Wolves Esports vs Trace Esports,2 - 0,2,N/A,TE ban Icebox; WOL ban Lotus; TE pick Fracture; WOL pick Pearl; TE ban Haven; WOL ban Split; Ascent remains,https://www.vlr.gg/450056/wolves-esports-vs-trace-esports-champions-tour-2025-china-stage-1-w2
450057,Titan Esports Club vs Dragon Ranger Gaming,VCT 2025: China Stage 1,2025-03-23 05:00:00,Bo3,Titan Esports Club vs Dragon Ranger Gaming,2 - 1,3,N/A,DRG ban Haven; TEC ban Pearl; DRG pick Lotus; TEC pick Fracture; DRG ban Ascent; TEC ban Split; Icebox remains,https://www.vlr.gg/450057/titan-esports-club-vs-dragon-ranger-gaming-champions-tour-2025-china-stage-1-w2
450058,Bilibili Gaming vs JD Mall JDG Esports(JDG Esports),VCT 2025: China Stage 1,2025-03-23 08:15:00,Bo3,Bilibili Gaming vs JD Mall JDG Esports(JDG Esports),2 - 1,3,N/A,JDG ban Ascent; BLG ban Split; JDG pick Pearl; BLG pick Icebox; JDG ban Lotus; BLG ban Haven; Fracture remains,https://www.vlr.gg/450058/bilibili-gaming-vs-jdg-esports-champions-tour-2025-china-stage-1-w2
450059,JD Mall JDG Esports(JDG Esports) vs Trace Esports,VCT 2025: China Stage 1,2025-03-27 07:00:00,Bo3,JD Mall JDG Esports(JDG Esports) vs Trace Esports,0 - 2,2,N/A,TE ban Icebox; JDG ban Ascent; TE pick Lotus; JDG pick Haven; TE ban Pearl; JDG ban Split; Fracture remains,https://www.vlr.gg/450059/jdg-esports-vs-trace-esports-champions-tour-2025-china-stage-1-w3
450060,Wolves Esports vs Xi Lai Gaming,VCT 2025: China Stage 1,2025-03-28 07:00:00,Bo3,Wolves Esports vs Xi Lai Gaming,0 - 2,2,N/A,XLG ban Ascent; WOL ban Lotus; XLG pick Fracture; WOL pick Icebox; XLG ban Pearl; WOL ban Split; Haven remains,https://www.vlr.gg/450060/wolves-esports-vs-xi-lai-gaming-champions-tour-2025-china-stage-1-w3
450061,TYLOO vs Titan Esports Club,VCT 2025: China Stage 1,2025-03-29 05:00:00,Bo3,TYLOO vs Titan Esports Club,1 - 2,3,N/A,TEC ban Pearl; TYL ban Ascent; TEC pick Fracture; TYL pick Icebox; TEC ban Haven; TYL ban Lotus; Split remains,https://www.vlr.gg/450061/tyloo-vs-titan-esports-club-champions-tour-2025-china-stage-1-w3
450062,Dragon Ranger Gaming vs EDward Gaming,VCT 2025: China Stage 1,2025-03-29 08:15:00,Bo3,Dragon Ranger Gaming vs EDward Gaming,1 - 2,3,N/A,EDG ban Lotus; DRG ban Haven; EDG pick Icebox; DRG pick Ascent; EDG ban Fracture; DRG ban Split; Pearl remains,https://www.vlr.gg/450062/dragon-ranger-gaming-vs-edward-gaming-champions-tour-2025-china-stage-1-w3
450063,Nova Esports vs FunPlus Phoenix,VCT 2025: China Stage 1,2025-03-30 05:00:00,Bo3,Nova Esports vs FunPlus Phoenix,2 - 0,2,N/A,FPX ban Fracture; NOVA ban Haven; FPX pick Icebox; NOVA pick Split; FPX ban Lotus; NOVA ban Pearl; Ascent remains,https://www.vlr.gg/450063/nova-esports-vs-funplus-phoenix-champions-tour-2025-china-stage-1-w3
450064,All Gamers vs Bilibili Gaming,VCT 2025: China Stage 1,2025-03-30 07:30:00,Bo3,All Gamers vs Bilibili Gaming,0 - 2,2,N/A,BLG ban Lotus; AG ban Haven; BLG pick Pearl; AG pick Fracture; BLG ban Icebox; AG ban Split; Ascent remains,https://www.vlr.gg/450064/all-gamers-vs-bilibili-gaming-champions-tour-2025-china-stage-1-w3
450065,FunPlus Phoenix vs Dragon Ranger Gaming,VCT 2025: China Stage 1,2025-04-03 07:00:00,Bo3,FunPlus Phoenix vs Dragon Ranger Gaming,0 - 2,2,N/A,DRG ban Icebox; FPX ban Lotus; DRG pick Ascent; FPX pick Haven; DRG ban Split; FPX ban Fracture; Pearl remains,https://www.vlr.gg/450065/funplus-phoenix-vs-dragon-ranger-gaming-champions-tour-2025-china-stage-1-w4
450066,Bilibili Gaming vs Wolves Esports,VCT 2025: China Stage 1,2025-04-04 07:00:00,Bo3,Bilibili Gaming vs Wolves Esports,2 - 1,3,N/A,WOL ban Pearl; BLG ban Icebox; WOL pick Lotus; BLG pick Haven; WOL ban Fracture; BLG ban Split; Ascent remains,https://www.vlr.gg/450066/bilibili-gaming-vs-wolves-esports-champions-tour-2025-china-stage-1-w4
450067,All Gamers vs JD Mall JDG Esports(JDG Esports),VCT 2025: China Stage 1,2025-04-05 05:00:00,Bo3,All Gamers vs JD Mall JDG Esports(JDG Esports),0 - 2,2,N/A,AG ban Haven; JDG ban Ascent; AG pick Split; JDG pick Pearl; AG ban Icebox; JDG ban Lotus; Fracture remains,https://www.vlr.gg/450067/all-gamers-vs-jdg-esports-champions-tour-2025-china-stage-1-w4
450068,EDward Gaming vs Titan Esports Club,VCT 2025: China Stage 1,2025-04-05 07:30:00,Bo3,EDward Gaming vs Titan Esports Club,2 - 1,3,N/A,EDG ban Fracture; TEC ban Pearl; EDG pick Lotus; TEC pick Icebox; EDG ban Split; TEC ban Ascent; Haven remains,https://www.vlr.gg/450068/edward-gaming-vs-titan-esports-club-champions-tour-2025-china-stage-1-w4
450069,Nova Esports vs TYLOO,VCT 2025: China Stage 1,2025-04-06 05:00:00,Bo3,Nova Esports vs TYLOO,2 - 1,3,N/A,NOVA ban Haven; TYL ban Ascent; NOVA pick Split; TYL pick Icebox; NOVA ban Fracture; TYL ban Lotus; Pearl remains,https://www.vlr.gg/450069/nova-esports-vs-tyloo-champions-tour-2025-china-stage-1-w4
450070,Trace Esports vs Xi Lai Gaming,VCT 2025: China Stage 1,2025-04-06 08:00:00,Bo3,Trace Esports vs Xi Lai Gaming,1 - 2,3,N/A,TE ban Icebox; XLG ban Ascent; TE pick Split; XLG pick Lotus; TE ban Haven; XLG ban Fracture; Pearl remains,https://www.vlr.gg/450070/trace-esports-vs-xi-lai-gaming-champions-tour-2025-china-stage-1-w4
450071,JD Mall JDG Esports(JDG Esports) vs Xi Lai Gaming,VCT 2025: China Stage 1,2025-04-10 07:00:00,Bo3,JD Mall JDG Esports(JDG Esports) vs Xi Lai Gaming,1 - 2,3,N/A,XLG ban Haven; JDG ban Ascent; XLG pick Lotus; JDG pick Icebox; XLG ban Split; JDG ban Pearl; Fracture remains,https://www.vlr.gg/450071/jdg-esports-vs-xi-lai-gaming-champions-tour-2025-china-stage-1-w5
450072,Dragon Ranger Gaming vs TYLOO,VCT 2025: China Stage 1,2025-04-11 07:00:00,Bo3,Dragon Ranger Gaming vs TYLOO,1 - 2,3,N/A,DRG ban Icebox; TYL ban Ascent; DRG pick Haven; TYL pick Split; DRG ban Pearl; TYL ban Lotus; Fracture remains,https://www.vlr.gg/450072/dragon-ranger-gaming-vs-tyloo-champions-tour-2025-china-stage-1-w5
450073,Wolves Esports vs All Gamers,VCT 2025: China Stage 1,2025-04-12 05:00:00,Bo3,Wolves Esports vs All Gamers,2 - 1,3,N/A,WOL ban Split; AG ban Haven; WOL pick Pearl; AG pick Fracture; WOL ban Ascent; AG ban Icebox; Lotus remains,https://www.vlr.gg/450073/wolves-esports-vs-all-gamers-champions-tour-2025-china-stage-1-w5
450074,Bilibili Gaming vs Trace Esports,VCT 2025: China Stage 1,2025-04-12 08:05:00,Bo3,Bilibili Gaming vs Trace Esports,1 - 2,3,N/A,BLG ban Lotus; TE ban Icebox; BLG pick Haven; TE pick Ascent; BLG ban Fracture; TE ban Pearl; Split remains,https://www.vlr.gg/450074/bilibili-gaming-vs-trace-esports-champions-tour-2025-china-stage-1-w5
450075,Titan Esports Club vs Nova Esports,VCT 2025: China Stage 1,2025-04-13 05:00:00,Bo3,Titan Esports Club vs Nova Esports,2 - 0,2,N/A,TEC ban Pearl; NOVA ban Haven; TEC pick Fracture; NOVA pick Split; TEC ban Ascent; NOVA ban Icebox; Lotus remains,https://www.vlr.gg/450075/titan-esports-club-vs-nova-esports-champions-tour-2025-china-stage-1-w5
450076,EDward Gaming vs FunPlus Phoenix,VCT 2025: China Stage 1,2025-04-13 07:10:00,Bo3,EDward Gaming vs FunPlus Phoenix,2 - 0,2,N/A,EDG ban Lotus; FPX ban Haven; EDG pick Split; FPX pick Fracture; EDG ban Icebox; FPX ban Ascent; Pearl remains,https://www.vlr.gg/450076/edward-gaming-vs-funplus-phoenix-champions-tour-2025-china-stage-1-w5
473233,Titan Esports Club vs Wolves Esports,VCT 2025: China Stage 1,2025-04-17 05:00:00,Bo3,Titan Esports Club vs Wolves Esports,0 - 2,2,N/A,WOL ban Fracture; TEC ban Pearl; TEC pick Haven; WOL pick Icebox; TEC ban Lotus; WOL ban Ascent; Split remains,https://www.vlr.gg/473233/titan-esports-club-vs-wolves-esports-champions-tour-2025-china-stage-1-ur1
473234,Xi Lai Gaming vs Nova Esports,VCT 2025: China Stage 1,2025-04-17 07:30:00,Bo3,Xi Lai Gaming vs Nova Esports,2 - 0,2,N/A,XLG ban Split; NOVA ban Haven; XLG pick Lotus; NOVA pick Ascent; XLG ban Pearl; NOVA ban Fracture; Icebox remains,https://www.vlr.gg/473234/xi-lai-gaming-vs-nova-esports-champions-tour-2025-china-stage-1-ur1
473235,Titan Esports Club vs Dragon Ranger Gaming,VCT 2025: China Stage 1,2025-04-18 05:00:00,Bo3,Titan Esports Club vs Dragon Ranger Gaming,1 - 2,3,N/A,DRG ban Icebox; TEC ban Pearl; DRG pick Ascent; TEC pick Fracture; DRG ban Split; TEC ban Haven; Lotus remains; Lotus remains,https://www.vlr.gg/473235/titan-esports-club-vs-dragon-ranger-gaming-champions-tour-2025-china-stage-1-lr1
473236,Nova Esports vs Trace Esports,VCT 2025: China Stage 1,2025-04-18 08:50:00,Bo3,Nova Esports vs Trace Esports,0 - 2,2,N/A,NOVA ban Haven; TE ban Icebox; NOVA pick Split; TE pick Lotus; NOVA ban Fracture; TE ban Ascent; Pearl remains,https://www.vlr.gg/473236/nova-esports-vs-trace-esports-champions-tour-2025-china-stage-1-lr1
473237,Bilibili Gaming vs Wolves Esports,VCT 2025: China Stage 1,2025-04-19 05:00:00,Bo3,Bilibili Gaming vs Wolves Esports,0 - 2,2,N/A,WOL ban Ascent; BLG ban Lotus; WOL pick Split; BLG pick Haven; WOL ban Fracture; BLG ban Pearl; Icebox remains,https://www.vlr.gg/473237/bilibili-gaming-vs-wolves-esports-champions-tour-2025-china-stage-1-ubsf
473238,EDward Gaming vs Xi Lai Gaming,VCT 2025: China Stage 1,2025-04-19 07:15:00,Bo3,EDward Gaming vs Xi Lai Gaming,0 - 2,2,N/A,XLG ban Split; EDG ban Icebox; XLG pick Lotus; EDG pick Haven; XLG ban Pearl; EDG ban Ascent; Fracture remains,https://www.vlr.gg/473238/edward-gaming-vs-xi-lai-gaming-champions-tour-2025-china-stage-1-ubsf
473240,Bilibili Gaming vs Trace Esports,VCT 2025: China Stage 1,2025-04-20 05:00:00,Bo3,Bilibili Gaming vs Trace Esports,2 - 0,2,N/A,BLG ban Split; TE ban Icebox; BLG pick Fracture; TE pick Lotus; BLG ban Pearl; TE ban Ascent; Haven remains,https://www.vlr.gg/473240/bilibili-gaming-vs-trace-esports-champions-tour-2025-china-stage-1-lr2
473239,EDward Gaming vs Dragon Ranger Gaming,VCT 2025: China Stage 1,2025-04-20 07:10:00,Bo3,EDward Gaming vs Dragon Ranger Gaming,2 - 1,3,N/A,DRG ban Icebox; EDG ban Fracture; DRG pick Lotus; EDG pick Split; DRG ban Haven; EDG ban Pearl; Ascent remains,https://www.vlr.gg/473239/edward-gaming-vs-dragon-ranger-gaming-champions-tour-2025-china-stage-1-lr2
473241,Wolves Esports vs Xi Lai Gaming,VCT 2025: China Stage 1,2025-05-02 05:00:00,Bo3,Wolves Esports vs Xi Lai Gaming,0 - 2,2,N/A,WOL ban Fracture; XLG ban Split; WOL pick Pearl; XLG pick Lotus; WOL ban Haven; XLG ban Icebox; Ascent remains,https://www.vlr.gg/473241/wolves-esports-vs-xi-lai-gaming-champions-tour-2025-china-stage-1-ubf
473242,EDward Gaming vs Bilibili Gaming,VCT 2025: China Stage 1,2025-05-02 07:35:00,Bo3,EDward Gaming vs Bilibili Gaming,1 - 2,3,N/A,BLG ban Split; EDG ban Ascent; BLG pick Fracture; EDG pick Icebox; BLG ban Haven; EDG ban Lotus; Pearl remains,https://www.vlr.gg/473242/edward-gaming-vs-bilibili-gaming-champions-tour-2025-china-stage-1-lr3
473243,Wolves Esports vs Bilibili Gaming,VCT 2025: China Stage 1,2025-05-03 05:00:00,Bo5,Wolves Esports vs Bilibili Gaming,0 - 3,3,N/A,BLG ban Split; WOL ban Fracture; BLG pick Pearl; WOL pick Lotus; BLG pick Icebox; WOL pick Haven; Ascent remains,https://www.vlr.gg/473243/wolves-esports-vs-bilibili-gaming-champions-tour-2025-china-stage-1-lbf
473244,Xi Lai Gaming vs Bilibili Gaming,VCT 2025: China Stage 1,2025-05-04 05:00:00,Bo5,Xi Lai Gaming vs Bilibili Gaming,3 - 1,4,N/A,XLG ban Split; XLG ban Icebox; BLG pick Fracture; XLG pick Lotus; BLG pick Pearl; XLG pick Haven; Ascent remains,https://www.vlr.gg/473244/xi-lai-gaming-vs-bilibili-gaming-champions-tour-2025-china-stage-1-gf
