scraped_at,date,match_url,match_id,time,team1,score1,team2,score2,score,winner,status,week,stage
2025-08-27T23:14:19.427290,"Thu, March 13, 2025",https://www.vlr.gg/450047/xi-lai-gaming-vs-bilibili-gaming-champions-tour-2025-china-stage-1-w1,450047,4:30 PM,Xi Lai Gaming,1,Bilibili Gaming,2,1-2,Bilibili Gaming,Completed,Week 1,Group Stage
2025-08-27T23:14:19.528314,"Fri, March 14, 2025",https://www.vlr.gg/450048/trace-esports-vs-all-gamers-champions-tour-2025-china-stage-1-w1,450048,4:30 PM,Trace Esports,2,All Gamers,1,2-1,Trace Esports,Completed,Week 1,Group Stage
2025-08-27T23:14:19.629462,"Sat, March 15, 2025",https://www.vlr.gg/450049/dragon-ranger-gaming-vs-nova-esports-champions-tour-2025-china-stage-1-w1,450049,2:30 PM,Dragon Ranger Gaming,2,Nova Esports,0,2-0,Dragon Ranger Gaming,Completed,Week 1,Group Stage
2025-08-27T23:14:19.730700,"Sat, March 15, 2025",https://www.vlr.gg/450050/tyloo-vs-edward-gaming-champions-tour-2025-china-stage-1-w1,450050,4:35 PM,TYLOO,0,EDward Gaming,2,0-2,EDward Gaming,Completed,Week 1,Group Stage
2025-08-27T23:14:19.831846,"Sun, March 16, 2025",https://www.vlr.gg/450051/jdg-esports-vs-wolves-esports-champions-tour-2025-china-stage-1-w1,450051,2:30 PM,JDG Esports,0,Wolves Esports,2,0-2,Wolves Esports,Completed,Week 1,Group Stage
2025-08-27T23:14:19.932912,"Sun, March 16, 2025",https://www.vlr.gg/450052/funplus-phoenix-vs-titan-esports-club-champions-tour-2025-china-stage-1-w1,450052,4:55 PM,FunPlus Phoenix,2,Titan Esports Club,0,2-0,FunPlus Phoenix,Completed,Week 1,Group Stage
2025-08-27T23:14:20.033999,"Thu, March 20, 2025",https://www.vlr.gg/450053/nova-esports-vs-edward-gaming-champions-tour-2025-china-stage-1-w2,450053,4:30 PM,Nova Esports,2,EDward Gaming,0,2-0,Nova Esports,Completed,Week 2,Group Stage
2025-08-27T23:14:20.134943,"Fri, March 21, 2025",https://www.vlr.gg/450054/tyloo-vs-funplus-phoenix-champions-tour-2025-china-stage-1-w2,450054,4:30 PM,TYLOO,1,FunPlus Phoenix,2,1-2,FunPlus Phoenix,Completed,Week 2,Group Stage
2025-08-27T23:14:20.235906,"Sat, March 22, 2025",https://www.vlr.gg/450055/xi-lai-gaming-vs-all-gamers-champions-tour-2025-china-stage-1-w2,450055,2:30 PM,Xi Lai Gaming,2,All Gamers,0,2-0,Xi Lai Gaming,Completed,Week 2,Group Stage
2025-08-27T23:14:20.337427,"Sat, March 22, 2025",https://www.vlr.gg/450056/wolves-esports-vs-trace-esports-champions-tour-2025-china-stage-1-w2,450056,4:50 PM,Wolves Esports,2,Trace Esports,0,2-0,Wolves Esports,Completed,Week 2,Group Stage
2025-08-27T23:14:20.439186,"Sun, March 23, 2025",https://www.vlr.gg/450057/titan-esports-club-vs-dragon-ranger-gaming-champions-tour-2025-china-stage-1-w2,450057,2:30 PM,Titan Esports Club,2,Dragon Ranger Gaming,1,2-1,Titan Esports Club,Completed,Week 2,Group Stage
2025-08-27T23:14:20.540334,"Sun, March 23, 2025",https://www.vlr.gg/450058/bilibili-gaming-vs-jdg-esports-champions-tour-2025-china-stage-1-w2,450058,5:45 PM,Bilibili Gaming,2,JDG Esports,1,2-1,Bilibili Gaming,Completed,Week 2,Group Stage
2025-08-27T23:14:20.641046,"Thu, March 27, 2025",https://www.vlr.gg/450059/jdg-esports-vs-trace-esports-champions-tour-2025-china-stage-1-w3,450059,4:30 PM,JDG Esports,0,Trace Esports,2,0-2,Trace Esports,Completed,Week 3,Group Stage
2025-08-27T23:14:20.742504,"Fri, March 28, 2025",https://www.vlr.gg/450060/wolves-esports-vs-xi-lai-gaming-champions-tour-2025-china-stage-1-w3,450060,4:30 PM,Wolves Esports,0,Xi Lai Gaming,2,0-2,Xi Lai Gaming,Completed,Week 3,Group Stage
2025-08-27T23:14:20.843657,"Sat, March 29, 2025",https://www.vlr.gg/450061/tyloo-vs-titan-esports-club-champions-tour-2025-china-stage-1-w3,450061,2:30 PM,TYLOO,1,Titan Esports Club,2,1-2,Titan Esports Club,Completed,Week 3,Group Stage
2025-08-27T23:14:20.944660,"Sat, March 29, 2025",https://www.vlr.gg/450062/dragon-ranger-gaming-vs-edward-gaming-champions-tour-2025-china-stage-1-w3,450062,5:45 PM,Dragon Ranger Gaming,1,EDward Gaming,2,1-2,EDward Gaming,Completed,Week 3,Group Stage
2025-08-27T23:14:21.045899,"Sun, March 30, 2025",https://www.vlr.gg/450063/nova-esports-vs-funplus-phoenix-champions-tour-2025-china-stage-1-w3,450063,2:30 PM,Nova Esports,2,FunPlus Phoenix,0,2-0,Nova Esports,Completed,Week 3,Group Stage
2025-08-27T23:14:21.147119,"Sun, March 30, 2025",https://www.vlr.gg/450064/all-gamers-vs-bilibili-gaming-champions-tour-2025-china-stage-1-w3,450064,5:00 PM,All Gamers,0,Bilibili Gaming,2,0-2,Bilibili Gaming,Completed,Week 3,Group Stage
2025-08-27T23:14:21.248285,"Thu, April 3, 2025",https://www.vlr.gg/450065/funplus-phoenix-vs-dragon-ranger-gaming-champions-tour-2025-china-stage-1-w4,450065,4:30 PM,FunPlus Phoenix,0,Dragon Ranger Gaming,2,0-2,Dragon Ranger Gaming,Completed,Week 4,Group Stage
2025-08-27T23:14:21.349000,"Fri, April 4, 2025",https://www.vlr.gg/450066/bilibili-gaming-vs-wolves-esports-champions-tour-2025-china-stage-1-w4,450066,4:30 PM,Bilibili Gaming,2,Wolves Esports,1,2-1,Bilibili Gaming,Completed,Week 4,Group Stage
2025-08-27T23:14:21.449997,"Sat, April 5, 2025",https://www.vlr.gg/450067/all-gamers-vs-jdg-esports-champions-tour-2025-china-stage-1-w4,450067,2:30 PM,All Gamers,0,JDG Esports,2,0-2,JDG Esports,Completed,Week 4,Group Stage
2025-08-27T23:14:21.551629,"Sat, April 5, 2025",https://www.vlr.gg/450068/edward-gaming-vs-titan-esports-club-champions-tour-2025-china-stage-1-w4,450068,5:00 PM,EDward Gaming,2,Titan Esports Club,1,2-1,EDward Gaming,Completed,Week 4,Group Stage
2025-08-27T23:14:21.652749,"Sun, April 6, 2025",https://www.vlr.gg/450069/nova-esports-vs-tyloo-champions-tour-2025-china-stage-1-w4,450069,2:30 PM,Nova Esports,2,TYLOO,1,2-1,Nova Esports,Completed,Week 4,Group Stage
2025-08-27T23:14:21.753934,"Sun, April 6, 2025",https://www.vlr.gg/450070/trace-esports-vs-xi-lai-gaming-champions-tour-2025-china-stage-1-w4,450070,5:30 PM,Trace Esports,1,Xi Lai Gaming,2,1-2,Xi Lai Gaming,Completed,Week 4,Group Stage
2025-08-27T23:14:21.854910,"Thu, April 10, 2025",https://www.vlr.gg/450071/jdg-esports-vs-xi-lai-gaming-champions-tour-2025-china-stage-1-w5,450071,4:30 PM,JDG Esports,1,Xi Lai Gaming,2,1-2,Xi Lai Gaming,Completed,Week 5,Group Stage
2025-08-27T23:14:21.956033,"Fri, April 11, 2025",https://www.vlr.gg/450072/dragon-ranger-gaming-vs-tyloo-champions-tour-2025-china-stage-1-w5,450072,4:30 PM,Dragon Ranger Gaming,1,TYLOO,2,1-2,TYLOO,Completed,Week 5,Group Stage
2025-08-27T23:14:22.057555,"Sat, April 12, 2025",https://www.vlr.gg/450073/wolves-esports-vs-all-gamers-champions-tour-2025-china-stage-1-w5,450073,2:30 PM,Wolves Esports,2,All Gamers,1,2-1,Wolves Esports,Completed,Week 5,Group Stage
2025-08-27T23:14:22.158678,"Sat, April 12, 2025",https://www.vlr.gg/450074/bilibili-gaming-vs-trace-esports-champions-tour-2025-china-stage-1-w5,450074,5:35 PM,Bilibili Gaming,1,Trace Esports,2,1-2,Trace Esports,Completed,Week 5,Group Stage
2025-08-27T23:14:22.259828,"Sun, April 13, 2025",https://www.vlr.gg/450075/titan-esports-club-vs-nova-esports-champions-tour-2025-china-stage-1-w5,450075,2:30 PM,Titan Esports Club,2,Nova Esports,0,2-0,Titan Esports Club,Completed,Week 5,Group Stage
2025-08-27T23:14:22.361371,"Sun, April 13, 2025",https://www.vlr.gg/450076/edward-gaming-vs-funplus-phoenix-champions-tour-2025-china-stage-1-w5,450076,4:40 PM,EDward Gaming,2,FunPlus Phoenix,0,2-0,EDward Gaming,Completed,Week 5,Group Stage
2025-08-27T23:14:22.462800,"Thu, April 17, 2025",https://www.vlr.gg/473233/titan-esports-club-vs-wolves-esports-champions-tour-2025-china-stage-1-ur1,473233,2:30 PM,Titan Esports Club,0,Wolves Esports,2,0-2,Wolves Esports,Completed,Upper Round 1,Playoffs
2025-08-27T23:14:22.564746,"Thu, April 17, 2025",https://www.vlr.gg/473234/xi-lai-gaming-vs-nova-esports-champions-tour-2025-china-stage-1-ur1,473234,5:00 PM,Xi Lai Gaming,2,Nova Esports,0,2-0,Xi Lai Gaming,Completed,Upper Round 1,Playoffs
2025-08-27T23:14:22.665937,"Fri, April 18, 2025",https://www.vlr.gg/473235/titan-esports-club-vs-dragon-ranger-gaming-champions-tour-2025-china-stage-1-lr1,473235,2:30 PM,Titan Esports Club,1,Dragon Ranger Gaming,2,1-2,Dragon Ranger Gaming,Completed,Lower Round 1,Playoffs
2025-08-27T23:14:22.766738,"Fri, April 18, 2025",https://www.vlr.gg/473236/nova-esports-vs-trace-esports-champions-tour-2025-china-stage-1-lr1,473236,6:20 PM,Nova Esports,0,Trace Esports,2,0-2,Trace Esports,Completed,Lower Round 1,Playoffs
2025-08-27T23:14:22.867847,"Sat, April 19, 2025",https://www.vlr.gg/473237/bilibili-gaming-vs-wolves-esports-champions-tour-2025-china-stage-1-ubsf,473237,2:30 PM,Bilibili Gaming,0,Wolves Esports,2,0-2,Wolves Esports,Completed,Upper Semifinals,Playoffs
2025-08-27T23:14:22.968710,"Sat, April 19, 2025",https://www.vlr.gg/473238/edward-gaming-vs-xi-lai-gaming-champions-tour-2025-china-stage-1-ubsf,473238,4:45 PM,EDward Gaming,0,Xi Lai Gaming,2,0-2,Xi Lai Gaming,Completed,Upper Semifinals,Playoffs
2025-08-27T23:14:23.070805,"Sun, April 20, 2025",https://www.vlr.gg/473240/bilibili-gaming-vs-trace-esports-champions-tour-2025-china-stage-1-lr2,473240,2:30 PM,Bilibili Gaming,2,Trace Esports,0,2-0,Bilibili Gaming,Completed,Lower Round 2,Playoffs
2025-08-27T23:14:23.171661,"Sun, April 20, 2025",https://www.vlr.gg/473239/edward-gaming-vs-dragon-ranger-gaming-champions-tour-2025-china-stage-1-lr2,473239,4:40 PM,EDward Gaming,2,Dragon Ranger Gaming,1,2-1,EDward Gaming,Completed,Lower Round 2,Playoffs
2025-08-27T23:14:23.272724,"Fri, May 2, 2025",https://www.vlr.gg/473241/wolves-esports-vs-xi-lai-gaming-champions-tour-2025-china-stage-1-ubf,473241,2:30 PM,Wolves Esports,0,Xi Lai Gaming,2,0-2,Xi Lai Gaming,Completed,Upper Final,Playoffs
2025-08-27T23:14:23.373805,"Fri, May 2, 2025",https://www.vlr.gg/473242/edward-gaming-vs-bilibili-gaming-champions-tour-2025-china-stage-1-lr3,473242,5:05 PM,EDward Gaming,1,Bilibili Gaming,2,1-2,Bilibili Gaming,Completed,Lower Round 3,Playoffs
2025-08-27T23:14:23.475530,"Sat, May 3, 2025",https://www.vlr.gg/473243/wolves-esports-vs-bilibili-gaming-champions-tour-2025-china-stage-1-lbf,473243,2:30 PM,Wolves Esports,0,Bilibili Gaming,3,0-3,Bilibili Gaming,Completed,Lower Final,Playoffs
2025-08-27T23:14:23.576695,"Sun, May 4, 2025",https://www.vlr.gg/473244/xi-lai-gaming-vs-bilibili-gaming-champions-tour-2025-china-stage-1-gf,473244,2:30 PM,Xi Lai Gaming,3,Bilibili Gaming,1,3-1,Xi Lai Gaming,Completed,Grand Final,Playoffs
