scraped_at,player,player_name,team,player_url,player_id,agents_played,agents_count,agents_display,rounds,rating,acs,kd_ratio,kast,adr,kpr,apr,fkpr,fdpr,hs_percent,cl_percent,clutches,k_max,kills,deaths,assists,first_kills,first_deaths
2025-08-27T23:14:25.048662,slowly,slowly,TYL,https://www.vlr.gg/player/41739/slowly,41739,"['Breach', 'Tejo', 'Kayo']",5,"Breach, Tejo, Kayo, (+2)",281,1.37,250.4,1.32,79%,164.8,0.89,0.35,0.08,0.05,30%,0%,,28,249,188,99,14,10
2025-08-27T23:14:25.049663,Rarga,Rarga,XLG,https://www.vlr.gg/player/22047/rarga,22047,"['Yoru', 'Waylay', 'Neon']",5,"Yoru, Waylay, Neon, (+2)",509,1.25,260.0,1.29,73%,168.8,0.91,0.17,0.21,0.18,33%,0%,,35,465,360,89,76,65
2025-08-27T23:14:25.049663,whzy,whzy,BLG,https://www.vlr.gg/player/4885/whzy,4885,"['Neon', 'Jett', 'Yoru']",3,"Neon, Jett, Yoru",577,1.21,264.4,1.28,73%,166.9,0.93,0.23,0.20,0.14,26%,0%,,29,538,421,130,97,66
2025-08-27T23:14:25.049663,Smoggy,Smoggy,EDG,https://www.vlr.gg/player/4742/smoggy,4742,"['Brimstone', 'Omen', 'Viper']",4,"Brimstone, Omen, Viper, (+1)",424,1.19,203.1,1.15,74%,132.1,0.72,0.41,0.06,0.04,33%,0%,,27,307,267,175,20,14
2025-08-27T23:14:25.051167,vo0kashu,vo0kashu,DRG,https://www.vlr.gg/player/3741/vo0kashu,3741,"['Cypher', 'Viper', 'Vyse']",4,"Cypher, Viper, Vyse, (+1)",409,1.17,236.6,1.29,72%,151.1,0.87,0.23,0.08,0.08,31%,0%,,30,356,277,94,30,30
2025-08-27T23:14:25.051167,Kai,Kai,TE,https://www.vlr.gg/player/37494/kai,37494,"['Neon', 'Yoru', 'Jett']",3,"Neon, Yoru, Jett",349,1.17,244.6,1.24,73%,154.7,0.88,0.19,0.25,0.12,27%,0%,,34,308,249,68,52,24
2025-08-27T23:14:25.052176,rushia,rushia,BLG,https://www.vlr.gg/player/48878/rushia,48878,"['Astra', 'Harbor', 'Brimstone']",4,"Astra, Harbor, Brimstone, (+1)",577,1.13,200.0,1.07,78%,129.1,0.71,0.48,0.11,0.09,24%,0%,,28,410,383,275,55,45
2025-08-27T23:14:25.052176,Scales,Scales,TYL,https://www.vlr.gg/player/39485/scales,39485,"['Breach', 'Viper']",2,"Breach, Viper",63,1.12,210.3,1.18,76%,142.9,0.75,0.46,0.14,0.17,42%,0%,,22,47,40,29,9,11
2025-08-27T23:14:25.052176,CHICHOO,CHICHOO,EDG,https://www.vlr.gg/player/15559/chichoo,15559,"['Cypher', 'Vyse', 'Killjoy']",4,"Cypher, Vyse, Killjoy, (+1)",424,1.11,207.8,1.11,74%,141.8,0.74,0.22,0.07,0.05,29%,0%,,28,313,283,94,23,16
2025-08-27T23:14:25.054157,Knight,Knight,BLG,https://www.vlr.gg/player/4774/knight,4774,"['Tejo', 'Sova', 'Fade']",3,"Tejo, Sova, Fade",577,1.09,196.1,1.06,75%,136.1,0.68,0.30,0.07,0.09,22%,0%,,26,395,373,175,35,42
2025-08-27T23:14:25.054895,Rb,Rb,TEC,https://www.vlr.gg/player/488/rb,488,"['Tejo', 'Neon', 'Fade']",6,"Tejo, Neon, Fade, (+3)",382,1.08,197.9,1.03,71%,131.8,0.73,0.28,0.07,0.06,29%,0%,,29,277,269,108,23,18
2025-08-27T23:14:25.055400,stew,stew,JDG,https://www.vlr.gg/player/16924/stew,16924,"['Yoru', 'Iso', 'Waylay']",6,"Yoru, Iso, Waylay, (+3)",257,1.08,217.9,1.05,72%,140.4,0.77,0.23,0.18,0.18,28%,0%,,24,198,188,59,31,31
2025-08-27T23:14:25.056021,Viva,Viva,XLG,https://www.vlr.gg/player/36415/viva,36415,"['Tejo', 'Sova']",2,"Tejo, Sova",509,1.08,182.6,1.09,73%,124.4,0.64,0.24,0.05,0.06,25%,0%,,20,328,301,120,17,22
2025-08-27T23:14:25.056021,nephh,nephh,BLG,https://www.vlr.gg/player/10698/nephh,10698,"['Kayo', 'Viper', 'Breach']",4,"Kayo, Viper, Breach, (+1)",577,1.07,195.6,1.05,78%,124.0,0.68,0.43,0.07,0.08,27%,0%,,21,394,377,249,33,37
2025-08-27T23:14:25.057027,Yuicaw,Yuicaw,WOL,https://www.vlr.gg/player/11218/yuicaw,11218,"['Chamber', 'Breach', 'Kayo']",5,"Chamber, Breach, Kayo, (+2)",464,1.07,201.3,1.07,74%,131.2,0.72,0.36,0.09,0.09,34%,0%,,27,336,313,166,28,30
2025-08-27T23:14:25.057027,yosemite,yosemite,FPX,https://www.vlr.gg/player/6022/yosemite,6022,"['Viper', 'Vyse']",2,"Viper, Vyse",224,1.06,233.1,1.28,67%,136.1,0.83,0.27,0.10,0.08,36%,0%,,22,185,145,61,11,9
2025-08-27T23:14:25.058026,ZmjjKK,ZmjjKK,EDG,https://www.vlr.gg/player/3520/zmjjkk,3520,"['Waylay', 'Jett', 'Yoru']",6,"Waylay, Jett, Yoru, (+3)",424,1.06,258.4,1.16,72%,159.8,0.91,0.24,0.19,0.18,25%,0%,,29,386,332,102,62,59
2025-08-27T23:14:25.058026,Ezeir,Ezeir,NOVA,https://www.vlr.gg/player/46460/ezeir,46460,"['Tejo', 'Astra', 'Omen']",4,"Tejo, Astra, Omen, (+1)",302,1.06,213.1,1.03,72%,132.0,0.75,0.37,0.07,0.11,23%,0%,,25,228,221,112,12,20
2025-08-27T23:14:25.059026,Flex1n,Flex1n,DRG,https://www.vlr.gg/player/4705/flex1n,4705,"['Brimstone', 'Omen', 'Astra']",3,"Brimstone, Omen, Astra",409,1.06,214.9,1.04,73%,132.2,0.74,0.47,0.08,0.09,27%,0%,,27,303,291,191,29,32
2025-08-27T23:14:25.060026,coconut,coconut,XLG,https://www.vlr.gg/player/12365/coconut,12365,"['Vyse', 'Gekko', 'Breach']",5,"Vyse, Gekko, Breach, (+2)",509,1.05,176.2,0.98,78%,118.6,0.63,0.38,0.04,0.07,31%,0%,,26,322,327,191,13,26
2025-08-27T23:14:25.060026,YOU,YOU,XLG,https://www.vlr.gg/player/4710/you,4710,"['Fade', 'Killjoy', 'Brimstone']",6,"Fade, Killjoy, Brimstone, (+3)",509,1.05,186.3,1.01,76%,120.0,0.65,0.40,0.07,0.06,28%,0%,,23,331,327,202,26,22
2025-08-27T23:14:25.061027,Lysoar,Lysoar,WOL,https://www.vlr.gg/player/37489/lysoar,37489,"['Deadlock', 'Cypher', 'Killjoy']",5,"Deadlock, Cypher, Killjoy, (+2)",464,1.05,194.2,0.97,74%,140.9,0.70,0.27,0.10,0.07,31%,0%,,23,323,333,123,33,23
2025-08-27T23:14:25.061027,Ninebody,Ninebody,TYL,https://www.vlr.gg/player/3547/ninebody,3547,"['Waylay', 'Cypher', 'Yoru']",5,"Waylay, Cypher, Yoru, (+2)",281,1.04,206.3,0.99,71%,139.2,0.72,0.20,0.14,0.18,24%,0%,,30,203,205,57,26,33
2025-08-27T23:14:25.062027,happywei,happywei,XLG,https://www.vlr.gg/player/37927/happywei,37927,"['Astra', 'Viper', 'Vyse']",6,"Astra, Viper, Vyse, (+3)",509,1.02,223.4,1.08,72%,139.8,0.76,0.31,0.14,0.12,32%,0%,,25,386,358,157,49,43
2025-08-27T23:14:25.062027,K1ra,K1ra,AG,https://www.vlr.gg/player/46748/k1ra,46748,"['Astra', 'Omen', 'Brimstone']",3,"Astra, Omen, Brimstone",242,1.01,214.8,0.98,75%,129.0,0.75,0.36,0.07,0.07,25%,0%,,24,182,186,88,7,7
2025-08-27T23:14:25.063524,Coco,Coco,TEC,https://www.vlr.gg/player/47629/coco,47629,"['Gekko', 'Sova', 'Breach']",4,"Gekko, Sova, Breach, (+1)",382,1.01,208.3,1.03,74%,134.8,0.71,0.33,0.04,0.05,32%,0%,,24,272,263,125,12,14
2025-08-27T23:14:25.063524,Autumn,Autumn,FPX,https://www.vlr.gg/player/872/autumn,872,"['Vyse', 'Viper', 'Cypher']",4,"Vyse, Viper, Cypher, (+1)",224,1.00,196.4,0.98,68%,138.9,0.69,0.22,0.14,0.08,34%,0%,,32,155,158,50,15,9
2025-08-27T23:14:25.064530,heybay,heybay,TE,https://www.vlr.gg/player/4712/heybay,4712,"['Killjoy', 'Viper', 'Vyse']",6,"Killjoy, Viper, Vyse, (+3)",349,1.00,211.8,1.15,73%,128.6,0.74,0.28,0.07,0.08,23%,0%,,28,260,227,97,15,16
2025-08-27T23:14:25.064530,Abo,Abo,TEC,https://www.vlr.gg/player/5011/abo,5011,"['Deadlock', 'Vyse', 'Cypher']",3,"Deadlock, Vyse, Cypher",382,0.99,191.3,0.98,68%,126.3,0.69,0.28,0.11,0.11,37%,0%,,24,262,267,106,33,34
2025-08-27T23:14:25.064530,Z1yan,Z1yan,JDG,https://www.vlr.gg/player/41029/z1yan,41029,"['Vyse', 'Cypher', 'Viper']",3,"Vyse, Cypher, Viper",257,0.98,190.2,0.96,68%,136.9,0.67,0.16,0.07,0.10,37%,0%,,22,173,180,41,12,16
2025-08-27T23:14:25.065529,Levius,Levius,BLG,https://www.vlr.gg/player/40845/levius,40845,"['Vyse', 'Killjoy', 'Cypher']",4,"Vyse, Killjoy, Cypher, (+1)",577,0.98,179.4,1.02,69%,114.2,0.64,0.24,0.08,0.07,24%,0%,,22,368,361,140,37,34
2025-08-27T23:14:25.065529,Juicy,Juicy,WOL,https://www.vlr.gg/player/7426/juicy,7426,"['Yoru', 'Raze', 'Reyna']",6,"Yoru, Raze, Reyna, (+3)",464,0.98,223.6,1.01,67%,142.4,0.77,0.26,0.17,0.19,29%,0%,,26,359,355,119,55,62
2025-08-27T23:14:25.066550,GuanG,GuanG,NOVA,https://www.vlr.gg/player/41054/guang,41054,"['Cypher', 'Raze', 'Killjoy']",5,"Cypher, Raze, Killjoy, (+2)",302,0.97,195.3,0.91,71%,131.4,0.71,0.20,0.08,0.12,29%,0%,,22,214,234,60,15,22
2025-08-27T23:14:25.067549,TvirusLuke,TvirusLuke,TEC,https://www.vlr.gg/player/7841/tvirusluke,7841,"['Waylay', 'Raze', 'Jett']",4,"Waylay, Raze, Jett, (+1)",382,0.97,227.2,1.02,68%,145.6,0.77,0.14,0.26,0.19,26%,0%,,25,296,289,53,81,60
2025-08-27T23:14:25.067549,Babyblue,Babyblue,JDG,https://www.vlr.gg/player/15302/babyblue,15302,"['Tejo', 'Yoru', 'Fade']",3,"Tejo, Yoru, Fade",257,0.97,207.7,1.00,69%,133.6,0.72,0.25,0.12,0.12,34%,0%,,21,185,185,63,20,20
2025-08-27T23:14:25.068555,Spring,Spring,WOL,https://www.vlr.gg/player/14125/spring,14125,"['Astra', 'Omen', 'Brimstone']",5,"Astra, Omen, Brimstone, (+2)",464,0.96,213.1,1.05,69%,134.7,0.74,0.39,0.10,0.10,28%,0%,,27,345,330,180,32,32
2025-08-27T23:14:25.068555,LuoK1ng,LuoK1ng,TE,https://www.vlr.gg/player/3045/luok1ng,3045,"['Astra', 'Omen', 'Brimstone']",3,"Astra, Omen, Brimstone",349,0.95,202.9,1.13,72%,122.7,0.74,0.41,0.08,0.08,30%,0%,,23,260,231,142,16,16
2025-08-27T23:14:25.069555,AAAAY,AAAAY,FPX,https://www.vlr.gg/player/19530/aaaay,19530,"['Gekko', 'Omen', 'Astra']",4,"Gekko, Omen, Astra, (+1)",224,0.94,197.0,1.08,68%,126.1,0.72,0.32,0.06,0.05,34%,0%,,20,162,150,72,7,5
2025-08-27T23:14:25.070554,jkuro,jkuro,JDG,https://www.vlr.gg/player/3519/jkuro,3519,"['Astra', 'Omen', 'Viper']",4,"Astra, Omen, Viper, (+1)",257,0.94,185.2,0.91,73%,117.9,0.64,0.38,0.08,0.08,29%,0%,,19,165,182,98,14,13
2025-08-27T23:14:25.071555,Nicc,Nicc,DRG,https://www.vlr.gg/player/11524/nicc,11524,"['Breach', 'Kayo', 'Fade']",4,"Breach, Kayo, Fade, (+1)",409,0.93,181.0,0.81,76%,118.7,0.59,0.55,0.05,0.06,27%,0%,,21,240,295,223,17,23
2025-08-27T23:14:25.072554,CB,CB,NOVA,https://www.vlr.gg/player/39697/cb,39697,"['Neon', 'Deadlock', 'Tejo']",4,"Neon, Deadlock, Tejo, (+1)",302,0.93,205.3,0.94,67%,135.8,0.72,0.19,0.13,0.16,22%,0%,,25,218,232,56,23,29
2025-08-27T23:14:25.073556,MrCANI,MrCANI,JDG,https://www.vlr.gg/player/37674/mrcani,37674,"['Fade', 'Sova', 'Gekko']",5,"Fade, Sova, Gekko, (+2)",257,0.92,159.3,0.82,71%,104.3,0.57,0.30,0.04,0.03,43%,0%,,21,147,180,76,6,5
2025-08-27T23:14:25.073556,Haodong,Haodong,TEC,https://www.vlr.gg/player/4720/haodong,4720,"['Viper', 'Omen', 'Brimstone']",3,"Viper, Omen, Brimstone",382,0.92,190.8,0.92,72%,119.5,0.63,0.41,0.05,0.06,27%,0%,,20,240,260,155,14,19
2025-08-27T23:14:25.074554,zjc,zjc,TYL,https://www.vlr.gg/player/7135/zjc,7135,"['Tejo', 'Sova', 'Fade']",8,"Tejo, Sova, Fade, (+5)",281,0.92,172.6,0.86,68%,124.3,0.62,0.23,0.11,0.09,28%,0%,,20,174,203,64,20,17
2025-08-27T23:14:25.076061,SpiritZ1,SpiritZ1,DRG,https://www.vlr.gg/player/31753/spiritz1,31753,"['Yoru', 'Jett', 'Raze']",3,"Yoru, Jett, Raze",409,0.91,212.5,0.98,71%,139.4,0.76,0.17,0.19,0.20,35%,0%,,34,312,318,71,69,74
2025-08-27T23:14:25.076061,FengF,FengF,TE,https://www.vlr.gg/player/4770/fengf,4770,"['Yoru', 'Tejo', 'Vyse']",3,"Yoru, Tejo, Vyse",224,0.90,178.3,0.88,74%,115.0,0.62,0.25,0.09,0.08,26%,0%,,19,139,158,57,10,9
2025-08-27T23:14:25.077071,Bai,Bai,AG,https://www.vlr.gg/player/52101/bai,52101,"['Yoru', 'Neon']",2,"Yoru, Neon",102,0.90,196.8,0.80,65%,137.9,0.66,0.14,0.13,0.27,30%,0%,,20,67,84,14,8,17
2025-08-27T23:14:25.077071,Biank,Biank,TE,https://www.vlr.gg/player/3021/biank,3021,"['Tejo', 'Breach', 'Cypher']",4,"Tejo, Breach, Cypher, (+1)",349,0.89,169.1,0.83,67%,109.1,0.58,0.37,0.06,0.11,26%,0%,,19,203,246,129,13,22
2025-08-27T23:14:25.078088,waituu,waituu,TYL,https://www.vlr.gg/player/47102/waituu,47102,"['Brimstone', 'Omen', 'Astra']",5,"Brimstone, Omen, Astra, (+2)",281,0.89,166.2,0.80,75%,102.9,0.58,0.34,0.06,0.03,24%,0%,,17,164,204,96,11,6
2025-08-27T23:14:25.078088,Midi,Midi,TE,https://www.vlr.gg/player/37017/midi,37017,['Tejo'],1,Tejo,125,0.88,163.7,0.86,68%,119.4,0.58,0.24,0.05,0.06,32%,0%,,15,73,85,30,5,6
2025-08-27T23:14:25.079087,nobody,nobody,EDG,https://www.vlr.gg/player/3017/nobody,3017,"['Tejo', 'Sova', 'Fade']",3,"Tejo, Sova, Fade",424,0.88,177.5,0.90,71%,116.5,0.62,0.25,0.10,0.09,26%,0%,,21,263,293,105,32,28
2025-08-27T23:14:25.079087,OBONE,OBONE,NOVA,https://www.vlr.gg/player/36670/obone,36670,"['Brimstone', 'Vyse', 'Yoru']",5,"Brimstone, Vyse, Yoru, (+2)",302,0.88,166.2,0.84,66%,115.0,0.60,0.25,0.07,0.13,23%,0%,,23,182,217,75,12,23
2025-08-27T23:14:25.080067,SiuFatBB,SiuFatBB,WOL,https://www.vlr.gg/player/7849/siufatbb,7849,"['Fade', 'Tejo', 'Sova']",3,"Fade, Tejo, Sova",464,0.85,159.7,0.86,68%,106.8,0.56,0.25,0.03,0.08,25%,0%,,22,259,300,115,11,25
2025-08-27T23:14:25.081068,Jieni7,Jieni7,EDG,https://www.vlr.gg/player/51244/jieni7,51244,"['Kayo', 'Deadlock', 'Yoru']",5,"Kayo, Deadlock, Yoru, (+2)",340,0.83,177.1,0.82,72%,114.2,0.63,0.36,0.10,0.11,27%,0%,,21,213,259,124,32,35
2025-08-27T23:14:25.081068,XII,XII,FPX,https://www.vlr.gg/player/13781/xii,13781,"['Kayo', 'Tejo']",2,"Kayo, Tejo",42,0.83,195.5,0.94,67%,131.0,0.69,0.21,0.05,0.05,29%,0%,,16,29,31,9,2,2
2025-08-27T23:14:25.082068,5CM,5CM,TYL,https://www.vlr.gg/player/47101/5cm,47101,"['Vyse', 'Neon', 'Killjoy']",5,"Vyse, Neon, Killjoy, (+2)",218,0.83,164.7,0.73,69%,121.7,0.55,0.23,0.11,0.11,20%,0%,,21,119,164,50,14,14
2025-08-27T23:14:25.082068,Cangshu,Cangshu,DRG,https://www.vlr.gg/player/46527/cangshu,46527,"['Fade', 'Tejo', 'Killjoy']",5,"Fade, Tejo, Killjoy, (+2)",409,0.82,158.0,0.79,69%,111.4,0.55,0.30,0.07,0.10,27%,0%,,23,226,286,124,25,38
2025-08-27T23:14:25.083066,Shr1mp,Shr1mp,FPX,https://www.vlr.gg/player/25494/shr1mp,25494,"['Tejo', 'Fade', 'Breach']",3,"Tejo, Fade, Breach",182,0.81,167.7,0.87,68%,98.6,0.60,0.24,0.09,0.01,31%,0%,,19,109,126,43,6,1
2025-08-27T23:14:25.083066,o0o0o,o0o0o,NOVA,https://www.vlr.gg/player/4402/o0o0o,4402,"['Breach', 'Kayo', 'Skye']",3,"Breach, Kayo, Skye",302,0.73,144.0,0.62,66%,90.5,0.48,0.40,0.06,0.07,28%,0%,,17,145,235,120,10,12
2025-08-27T23:14:25.084083,Lsn,Lsn,AG,https://www.vlr.gg/player/50080/lsn,50080,"['Sova', 'Tejo', 'Breach']",3,"Sova, Tejo, Breach",242,0.73,165.8,0.73,66%,111.9,0.57,0.29,0.07,0.14,28%,0%,,20,137,187,70,7,14
2025-08-27T23:14:25.085591,player,player,AG,https://www.vlr.gg/player/46749/player,46749,"['Yoru', 'Breach']",2,"Yoru, Breach",140,0.70,170.0,0.74,66%,107.6,0.60,0.32,0.06,0.06,28%,0%,,18,84,113,45,2,2
2025-08-27T23:14:25.086162,HanChe,HanChe,AG,https://www.vlr.gg/player/42537/hanche,42537,"['Neon', 'Waylay', 'Killjoy']",6,"Neon, Waylay, Killjoy, (+3)",242,0.69,155.9,0.72,60%,100.8,0.56,0.20,0.05,0.05,40%,0%,,19,135,188,49,5,5
2025-08-27T23:14:25.086162,Life,Life,FPX,https://www.vlr.gg/player/3028/life,3028,"['Jett', 'Neon', 'Yoru']",3,"Jett, Neon, Yoru",224,0.68,197.8,0.93,59%,101.5,0.70,0.21,0.15,0.24,31%,0%,,25,156,168,48,17,27
2025-08-27T23:14:25.087175,deLb,deLb,AG,https://www.vlr.gg/player/10821/delb,10821,"['Killjoy', 'Viper', 'Cypher']",8,"Killjoy, Viper, Cypher, (+5)",242,0.66,181.9,0.89,60%,97.5,0.69,0.17,0.08,0.16,31%,0%,,22,166,186,40,8,16
2025-08-27T23:14:25.087175,S1Mon,S1Mon,EDG,https://www.vlr.gg/player/13768/s1mon,13768,"['Breach', 'Kayo']",2,"Breach, Kayo",84,,183.5,1.00,,,0.68,0.57,,,,0%,,25,57,57,48,0,0
