match_id,match_title,event,date,format,teams,score,maps_played,patch,pick_ban_info,match_url
430838,TYLOO vs Titan Esports Club,VCT 2025: China Kickoff,2025-01-11 04:00:00,Bo3,TYLOO vs Titan Esports Club,0 - 2,2,N/A,TEC ban Split; TYL ban Lotus; TEC pick Fracture; TYL pick Abyss; TEC ban Bind; TYL ban Haven; Pearl remains,https://www.vlr.gg/430838/tyloo-vs-titan-esports-club-champions-tour-2025-china-kickoff-ur1
430837,Xi Lai Gaming vs Wolves Esports,VCT 2025: China Kickoff,2025-01-11 06:35:00,Bo3,Xi Lai Gaming vs Wolves Esports,2 - 0,2,N/A,XLG ban Fracture; WOL ban Bind; XLG pick Lotus; WOL pick Split; XLG ban Pearl; WOL ban Haven; Abyss remains,https://www.vlr.gg/430837/xi-lai-gaming-vs-wolves-esports-champions-tour-2025-china-kickoff-ur1
430839,JD Mall JDG Esports(JDG Esports) vs Dragon Ranger Gaming,VCT 2025: China Kickoff,2025-01-12 04:00:00,Bo3,JD Mall JDG Esports(JDG Esports) vs Dragon Ranger Gaming,1 - 2,3,N/A,JDG ban Lotus; DRG ban Fracture; JDG pick Abyss; DRG pick Haven; JDG ban Split; DRG ban Pearl; Bind remains,https://www.vlr.gg/430839/jdg-esports-vs-dragon-ranger-gaming-champions-tour-2025-china-kickoff-ur1
430840,All Gamers vs Nova Esports,VCT 2025: China Kickoff,2025-01-12 07:25:00,Bo3,All Gamers vs Nova Esports,0 - 2,2,N/A,NOVA ban Haven; AG ban Fracture; NOVA pick Abyss; AG pick Bind; NOVA ban Lotus; AG ban Pearl; Split remains,https://www.vlr.gg/430840/all-gamers-vs-nova-esports-champions-tour-2025-china-kickoff-ur1
430842,FunPlus Phoenix vs Titan Esports Club,VCT 2025: China Kickoff,2025-01-16 04:00:00,Bo3,FunPlus Phoenix vs Titan Esports Club,2 - 1,3,N/A,TEC ban Lotus; FPX ban Split; TEC pick Abyss; FPX pick Fracture; TEC ban Haven; FPX ban Bind; Pearl remains,https://www.vlr.gg/430842/funplus-phoenix-vs-titan-esports-club-champions-tour-2025-china-kickoff-ubqf
430841,Bilibili Gaming vs Xi Lai Gaming,VCT 2025: China Kickoff,2025-01-16 07:20:00,Bo3,Bilibili Gaming vs Xi Lai Gaming,2 - 1,3,N/A,XLG ban Fracture; BLG ban Bind; XLG pick Haven; BLG pick Lotus; XLG ban Pearl; BLG ban Split; Abyss remains,https://www.vlr.gg/430841/bilibili-gaming-vs-xi-lai-gaming-champions-tour-2025-china-kickoff-ubqf
430843,Trace Esports vs Dragon Ranger Gaming,VCT 2025: China Kickoff,2025-01-17 04:00:00,Bo3,Trace Esports vs Dragon Ranger Gaming,2 - 0,2,N/A,TE ban Haven; DRG ban Fracture; TE pick Pearl; DRG pick Abyss; TE ban Split; DRG ban Lotus; Bind remains,https://www.vlr.gg/430843/trace-esports-vs-dragon-ranger-gaming-champions-tour-2025-china-kickoff-ubqf
430844,EDward Gaming vs Nova Esports,VCT 2025: China Kickoff,2025-01-17 06:10:00,Bo3,EDward Gaming vs Nova Esports,2 - 0,2,N/A,NOVA ban Haven; EDG ban Abyss; NOVA pick Split; EDG pick Fracture; NOVA ban Pearl; EDG ban Lotus; Bind remains,https://www.vlr.gg/430844/edward-gaming-vs-nova-esports-champions-tour-2025-china-kickoff-ubqf
430851,Titan Esports Club vs JD Mall JDG Esports(JDG Esports),VCT 2025: China Kickoff,2025-01-18 04:00:00,Bo3,Titan Esports Club vs JD Mall JDG Esports(JDG Esports),0 - 2,2,N/A,JDG ban Lotus; TEC ban Split; JDG pick Fracture; TEC pick Abyss; JDG ban Bind; TEC ban Haven; Pearl remains,https://www.vlr.gg/430851/titan-esports-club-vs-jdg-esports-champions-tour-2025-china-kickoff-lr1
430853,Xi Lai Gaming vs All Gamers,VCT 2025: China Kickoff,2025-01-18 06:20:00,Bo3,Xi Lai Gaming vs All Gamers,2 - 1,3,N/A,AG ban Haven; XLG ban Fracture; AG pick Abyss; XLG pick Bind; AG ban Pearl; XLG ban Split; Lotus remains,https://www.vlr.gg/430853/xi-lai-gaming-vs-all-gamers-champions-tour-2025-china-kickoff-lr1
430850,Dragon Ranger Gaming vs TYLOO,VCT 2025: China Kickoff,2025-01-19 04:00:00,Bo3,Dragon Ranger Gaming vs TYLOO,2 - 0,2,N/A,TYL ban Lotus; DRG ban Fracture; TYL pick Pearl; DRG pick Haven; TYL ban Split; DRG ban Bind; Abyss remains,https://www.vlr.gg/430850/dragon-ranger-gaming-vs-tyloo-champions-tour-2025-china-kickoff-lr1
430849,Nova Esports vs Wolves Esports,VCT 2025: China Kickoff,2025-01-19 06:15:00,Bo3,Nova Esports vs Wolves Esports,2 - 1,3,N/A,WOL ban Bind; NOVA ban Haven; WOL pick Fracture; NOVA pick Abyss; WOL ban Lotus; NOVA ban Pearl; Split remains,https://www.vlr.gg/430849/nova-esports-vs-wolves-esports-champions-tour-2025-china-kickoff-lr1
430845,Bilibili Gaming vs FunPlus Phoenix,VCT 2025: China Kickoff,2025-01-20 04:00:00,Bo3,Bilibili Gaming vs FunPlus Phoenix,2 - 0,2,N/A,BLG ban Fracture; FPX ban Split; BLG pick Bind; FPX pick Lotus; BLG ban Pearl; FPX ban Haven; Abyss remains,https://www.vlr.gg/430845/bilibili-gaming-vs-funplus-phoenix-champions-tour-2025-china-kickoff-ubsf
430846,Trace Esports vs EDward Gaming,VCT 2025: China Kickoff,2025-01-20 06:25:00,Bo3,Trace Esports vs EDward Gaming,2 - 0,2,N/A,TE ban Haven; EDG ban Abyss; TE pick Lotus; EDG pick Bind; TE ban Split; EDG ban Pearl; Fracture remains,https://www.vlr.gg/430846/trace-esports-vs-edward-gaming-champions-tour-2025-china-kickoff-ubsf
430854,Nova Esports vs Dragon Ranger Gaming,VCT 2025: China Kickoff,2025-01-21 04:00:00,Bo3,Nova Esports vs Dragon Ranger Gaming,0 - 2,2,N/A,DRG ban Fracture; NOVA ban Haven; DRG pick Pearl; NOVA pick Bind; DRG ban Split; NOVA ban Lotus; Abyss remains,https://www.vlr.gg/430854/nova-esports-vs-dragon-ranger-gaming-champions-tour-2025-china-kickoff-lr2
430855,JD Mall JDG Esports(JDG Esports) vs Xi Lai Gaming,VCT 2025: China Kickoff,2025-01-21 06:15:00,Bo3,JD Mall JDG Esports(JDG Esports) vs Xi Lai Gaming,1 - 2,3,N/A,JDG ban Lotus; XLG ban Fracture; JDG pick Pearl; XLG pick Bind; JDG ban Split; XLG ban Abyss; Haven remains,https://www.vlr.gg/430855/jdg-esports-vs-xi-lai-gaming-champions-tour-2025-china-kickoff-lr2
430856,FunPlus Phoenix vs Dragon Ranger Gaming,VCT 2025: China Kickoff,2025-01-22 04:00:00,Bo3,FunPlus Phoenix vs Dragon Ranger Gaming,1 - 2,3,N/A,DRG ban Fracture; FPX ban Split; DRG pick Abyss; FPX pick Pearl; DRG ban Lotus; FPX ban Bind; Haven remains,https://www.vlr.gg/430856/funplus-phoenix-vs-dragon-ranger-gaming-champions-tour-2025-china-kickoff-lr3
430857,EDward Gaming vs Xi Lai Gaming,VCT 2025: China Kickoff,2025-01-22 07:05:00,Bo3,EDward Gaming vs Xi Lai Gaming,2 - 1,3,N/A,EDG ban Abyss; XLG ban Fracture; EDG pick Lotus; XLG pick Bind; EDG ban Split; XLG ban Pearl; Haven remains,https://www.vlr.gg/430857/edward-gaming-vs-xi-lai-gaming-champions-tour-2025-china-kickoff-lr3
430847,Bilibili Gaming vs Trace Esports,VCT 2025: China Kickoff,2025-01-23 04:00:00,Bo3,Bilibili Gaming vs Trace Esports,1 - 2,3,N/A,TE ban Abyss; BLG ban Fracture; TE pick Bind; BLG pick Haven; TE ban Pearl; BLG ban Split; Lotus remains,https://www.vlr.gg/430847/bilibili-gaming-vs-trace-esports-champions-tour-2025-china-kickoff-ubf
430858,Dragon Ranger Gaming vs EDward Gaming,VCT 2025: China Kickoff,2025-01-23 07:15:00,Bo3,Dragon Ranger Gaming vs EDward Gaming,0 - 2,2,N/A,DRG ban Fracture; EDG ban Abyss; DRG pick Haven; EDG pick Pearl; DRG ban Bind; EDG ban Split; Lotus remains,https://www.vlr.gg/430858/dragon-ranger-gaming-vs-edward-gaming-champions-tour-2025-china-kickoff-lr4
430860,Bilibili Gaming vs EDward Gaming,VCT 2025: China Kickoff,2025-01-24 04:00:00,Bo5,Bilibili Gaming vs EDward Gaming,0 - 3,3,N/A,BLG ban Fracture; EDG ban Abyss; BLG pick Pearl; EDG pick Haven; BLG pick Lotus; EDG pick Bind; Split remains,https://www.vlr.gg/430860/bilibili-gaming-vs-edward-gaming-champions-tour-2025-china-kickoff-lbf
430848,Trace Esports vs EDward Gaming,VCT 2025: China Kickoff,2025-01-25 04:00:00,Bo5,Trace Esports vs EDward Gaming,1 - 3,4,N/A,TE ban Haven; TE ban Split; TE pick Lotus; EDG pick Bind; TE pick Abyss; EDG pick Fracture; Pearl remains,https://www.vlr.gg/430848/trace-esports-vs-edward-gaming-champions-tour-2025-china-kickoff-gf
