scraped_at,date,match_url,match_id,time,team1,score1,team2,score2,score,winner,status,week,stage
2025-08-23T00:17:20.909571,"Sat, January 11, 2025",https://www.vlr.gg/430838/tyloo-vs-titan-esports-club-champions-tour-2025-china-kickoff-ur1,430838,2:30 PM,TYLOO,0,Titan Esports Club,2,0-2,Titan Esports Club,Completed,Upper Round 1,Main Event
2025-08-23T00:17:21.013737,"Sat, January 11, 2025",https://www.vlr.gg/430837/xi-lai-gaming-vs-wolves-esports-champions-tour-2025-china-kickoff-ur1,430837,5:05 PM,Xi Lai Gaming,2,Wolves Esports,0,2-0,Xi Lai Gaming,Completed,Upper Round 1,Main Event
2025-08-23T00:17:21.115149,"Sun, January 12, 2025",https://www.vlr.gg/430839/jdg-esports-vs-dragon-ranger-gaming-champions-tour-2025-china-kickoff-ur1,430839,2:30 PM,JDG Esports,1,Dragon Ranger Gaming,2,1-2,Dragon Ranger Gaming,Completed,Upper Round 1,Main Event
2025-08-23T00:17:21.216884,"Sun, January 12, 2025",https://www.vlr.gg/430840/all-gamers-vs-nova-esports-champions-tour-2025-china-kickoff-ur1,430840,5:55 PM,All Gamers,0,Nova Esports,2,0-2,Nova Esports,Completed,Upper Round 1,Main Event
2025-08-23T00:17:21.317830,"Thu, January 16, 2025",https://www.vlr.gg/430842/funplus-phoenix-vs-titan-esports-club-champions-tour-2025-china-kickoff-ubqf,430842,2:30 PM,FunPlus Phoenix,2,Titan Esports Club,1,2-1,FunPlus Phoenix,Completed,Upper Quarterfinals,Main Event
2025-08-23T00:17:21.418968,"Thu, January 16, 2025",https://www.vlr.gg/430841/bilibili-gaming-vs-xi-lai-gaming-champions-tour-2025-china-kickoff-ubqf,430841,5:50 PM,Bilibili Gaming,2,Xi Lai Gaming,1,2-1,Bilibili Gaming,Completed,Upper Quarterfinals,Main Event
2025-08-23T00:17:21.520202,"Fri, January 17, 2025",https://www.vlr.gg/430843/trace-esports-vs-dragon-ranger-gaming-champions-tour-2025-china-kickoff-ubqf,430843,2:30 PM,Trace Esports,2,Dragon Ranger Gaming,0,2-0,Trace Esports,Completed,Upper Quarterfinals,Main Event
2025-08-23T00:17:21.621443,"Fri, January 17, 2025",https://www.vlr.gg/430844/edward-gaming-vs-nova-esports-champions-tour-2025-china-kickoff-ubqf,430844,4:40 PM,EDward Gaming,2,Nova Esports,0,2-0,EDward Gaming,Completed,Upper Quarterfinals,Main Event
2025-08-23T00:17:21.722415,"Sat, January 18, 2025",https://www.vlr.gg/430851/titan-esports-club-vs-jdg-esports-champions-tour-2025-china-kickoff-lr1,430851,2:30 PM,Titan Esports Club,0,JDG Esports,2,0-2,JDG Esports,Completed,Lower Round 1,Main Event
2025-08-23T00:17:21.824549,"Sat, January 18, 2025",https://www.vlr.gg/430853/xi-lai-gaming-vs-all-gamers-champions-tour-2025-china-kickoff-lr1,430853,4:50 PM,Xi Lai Gaming,2,All Gamers,1,2-1,Xi Lai Gaming,Completed,Lower Round 1,Main Event
2025-08-23T00:17:21.927315,"Sun, January 19, 2025",https://www.vlr.gg/430850/dragon-ranger-gaming-vs-tyloo-champions-tour-2025-china-kickoff-lr1,430850,2:30 PM,Dragon Ranger Gaming,2,TYLOO,0,2-0,Dragon Ranger Gaming,Completed,Lower Round 1,Main Event
2025-08-23T00:17:22.029492,"Sun, January 19, 2025",https://www.vlr.gg/430849/nova-esports-vs-wolves-esports-champions-tour-2025-china-kickoff-lr1,430849,4:45 PM,Nova Esports,2,Wolves Esports,1,2-1,Nova Esports,Completed,Lower Round 1,Main Event
2025-08-23T00:17:22.130827,"Mon, January 20, 2025",https://www.vlr.gg/430845/bilibili-gaming-vs-funplus-phoenix-champions-tour-2025-china-kickoff-ubsf,430845,2:30 PM,Bilibili Gaming,2,FunPlus Phoenix,0,2-0,Bilibili Gaming,Completed,Upper Semifinals,Main Event
2025-08-23T00:17:22.232303,"Mon, January 20, 2025",https://www.vlr.gg/430846/trace-esports-vs-edward-gaming-champions-tour-2025-china-kickoff-ubsf,430846,4:55 PM,Trace Esports,2,EDward Gaming,0,2-0,Trace Esports,Completed,Upper Semifinals,Main Event
2025-08-23T00:17:22.334019,"Tue, January 21, 2025",https://www.vlr.gg/430854/nova-esports-vs-dragon-ranger-gaming-champions-tour-2025-china-kickoff-lr2,430854,2:30 PM,Nova Esports,0,Dragon Ranger Gaming,2,0-2,Dragon Ranger Gaming,Completed,Lower Round 2,Main Event
2025-08-23T00:17:22.438572,"Tue, January 21, 2025",https://www.vlr.gg/430855/jdg-esports-vs-xi-lai-gaming-champions-tour-2025-china-kickoff-lr2,430855,4:45 PM,JDG Esports,1,Xi Lai Gaming,2,1-2,Xi Lai Gaming,Completed,Lower Round 2,Main Event
2025-08-23T00:17:22.539735,"Wed, January 22, 2025",https://www.vlr.gg/430856/funplus-phoenix-vs-dragon-ranger-gaming-champions-tour-2025-china-kickoff-lr3,430856,2:30 PM,FunPlus Phoenix,1,Dragon Ranger Gaming,2,1-2,Dragon Ranger Gaming,Completed,Lower Round 3,Main Event
2025-08-23T00:17:22.640956,"Wed, January 22, 2025",https://www.vlr.gg/430857/edward-gaming-vs-xi-lai-gaming-champions-tour-2025-china-kickoff-lr3,430857,5:35 PM,EDward Gaming,2,Xi Lai Gaming,1,2-1,EDward Gaming,Completed,Lower Round 3,Main Event
2025-08-23T00:17:22.742399,"Thu, January 23, 2025",https://www.vlr.gg/430847/bilibili-gaming-vs-trace-esports-champions-tour-2025-china-kickoff-ubf,430847,2:30 PM,Bilibili Gaming,1,Trace Esports,2,1-2,Trace Esports,Completed,Upper Final,Main Event
2025-08-23T00:17:22.844381,"Thu, January 23, 2025",https://www.vlr.gg/430858/dragon-ranger-gaming-vs-edward-gaming-champions-tour-2025-china-kickoff-lr4,430858,5:45 PM,Dragon Ranger Gaming,0,EDward Gaming,2,0-2,EDward Gaming,Completed,Lower Round 4,Main Event
2025-08-23T00:17:22.946152,"Fri, January 24, 2025",https://www.vlr.gg/430860/bilibili-gaming-vs-edward-gaming-champions-tour-2025-china-kickoff-lbf,430860,2:30 PM,Bilibili Gaming,0,EDward Gaming,3,0-3,EDward Gaming,Completed,Lower Final,Main Event
2025-08-23T00:17:23.048404,"Sat, January 25, 2025",https://www.vlr.gg/430848/trace-esports-vs-edward-gaming-champions-tour-2025-china-kickoff-gf,430848,2:30 PM,Trace Esports,1,EDward Gaming,3,1-3,EDward Gaming,Completed,Grand Final,Main Event
