scraped_at,player,player_name,team,player_url,player_id,agents_played,agents_count,agents_display,rounds,rating,acs,kd_ratio,kast,adr,kpr,apr,fkpr,fdpr,hs_percent,cl_percent,clutches,k_max,kills,deaths,assists,first_kills,first_deaths
2025-08-23T00:17:24.530128,Rarga,Rarga,XLG,https://www.vlr.gg/player/22047/rarga,22047,"['Neon', 'Raze', 'Jett']",3,"Neon, Raze, Jett",290,,242.2,1.14,,,0.85,0.13,,,,0%,,27,247,216,37,0,0
2025-08-23T00:17:24.532706,Autumn,Autumn,FPX,https://www.vlr.gg/player/872/autumn,872,"['Omen', 'Vyse', 'Cypher']",4,"Omen, Vyse, Cypher, (+1)",167,,204.9,1.02,,,0.69,0.24,,,,0%,,20,116,114,40,0,0
2025-08-23T00:17:24.535511,K1ra,K1ra,AG,https://www.vlr.gg/player/46748/k1ra,46748,"['Jett', 'Raze', 'Omen']",4,"Jett, Raze, Omen, (+1)",89,,181.8,0.77,,,0.63,0.25,,,,0%,,17,56,73,22,0,0
2025-08-23T00:17:24.536931,Lsn,Lsn,AG,https://www.vlr.gg/player/50080/lsn,50080,"['Astra', 'Kayo', 'Sova']",4,"Astra, Kayo, Sova, (+1)",89,,164.8,0.81,,,0.63,0.36,,,,0%,,20,56,69,32,0,0
2025-08-23T00:17:24.539376,SWERL,SWERL,NOVA,https://www.vlr.gg/player/1209/swerl,1209,"['Jett', 'Raze']",2,"Jett, Raze",186,,219.8,1.08,,,0.76,0.18,,,,0%,,28,142,132,33,0,0
2025-08-23T00:17:24.541141,o0o0o,o0o0o,NOVA,https://www.vlr.gg/player/4402/o0o0o,4402,"['Kayo', 'Skye', 'Breach']",3,"Kayo, Skye, Breach",186,,143.9,0.69,,,0.49,0.44,,,,0%,,15,92,134,81,0,0
2025-08-23T00:17:24.543681,CB,CB,NOVA,https://www.vlr.gg/player/39697/cb,39697,"['Sova', 'Deadlock', 'Neon']",4,"Sova, Deadlock, Neon, (+1)",186,,214.9,1.05,,,0.75,0.32,,,,0%,,24,139,133,59,0,0
2025-08-23T00:17:24.545032,GuanG,GuanG,NOVA,https://www.vlr.gg/player/41054/guang,41054,"['Cypher', 'Vyse']",2,"Cypher, Vyse",186,,225.3,1.30,,,0.84,0.15,,,,0%,,25,156,120,28,0,0
2025-08-23T00:17:24.546036,Ezeir,Ezeir,NOVA,https://www.vlr.gg/player/46460/ezeir,46460,"['Astra', 'Brimstone']",2,"Astra, Brimstone",186,,223.4,1.07,,,0.74,0.49,,,,0%,,21,137,128,91,0,0
2025-08-23T00:17:24.548038,Knight,Knight,BLG,https://www.vlr.gg/player/4774/knight,4774,"['Sova', 'Fade', 'Cypher']",3,"Sova, Fade, Cypher",244,,192.2,1.00,,,0.67,0.30,,,,0%,,20,164,164,74,0,0
2025-08-23T00:17:24.549547,whzy,whzy,BLG,https://www.vlr.gg/player/4885/whzy,4885,"['Neon', 'Raze', 'Yoru']",3,"Neon, Raze, Yoru",244,,206.7,0.98,,,0.73,0.19,,,,0%,,30,179,183,46,0,0
2025-08-23T00:17:24.550210,nephh,nephh,BLG,https://www.vlr.gg/player/10698/nephh,10698,"['Viper', 'Omen', 'Skye']",4,"Viper, Omen, Skye, (+1)",244,,228.5,1.06,,,0.77,0.40,,,,0%,,24,187,176,98,0,0
2025-08-23T00:17:24.552264,Levius,Levius,BLG,https://www.vlr.gg/player/40845/levius,40845,"['Killjoy', 'Vyse', 'Viper']",3,"Killjoy, Vyse, Viper",244,,167.2,0.85,,,0.61,0.14,,,,0%,,19,150,177,33,0,0
2025-08-23T00:17:24.553281,rushia,rushia,BLG,https://www.vlr.gg/player/48878/rushia,48878,"['Omen', 'Harbor', 'Brimstone']",4,"Omen, Harbor, Brimstone, (+1)",244,,163.2,0.86,,,0.59,0.35,,,,0%,,21,145,169,85,0,0
2025-08-23T00:17:24.554281,Life,Life,FPX,https://www.vlr.gg/player/3028/life,3028,"['Yoru', 'Phoenix', 'Raze']",4,"Yoru, Phoenix, Raze, (+1)",167,,242.9,1.11,,,0.81,0.22,,,,0%,,23,136,122,36,0,0
2025-08-23T00:17:24.555281,deLb,deLb,AG,https://www.vlr.gg/player/10821/delb,10821,"['Yoru', 'Vyse', 'Cypher']",3,"Yoru, Vyse, Cypher",89,,210.4,1.01,,,0.79,0.10,,,,0%,,23,70,69,9,0,0
2025-08-23T00:17:24.556265,yosemite,yosemite,FPX,https://www.vlr.gg/player/6022/yosemite,6022,"['Viper', 'Clove']",2,"Viper, Clove",167,,216.4,1.13,,,0.77,0.24,,,,0%,,24,129,114,40,0,0
2025-08-23T00:17:24.559179,BerLIN,BerLIN,FPX,https://www.vlr.gg/player/7857/berlin,7857,"['Astra', 'Kayo']",2,"Astra, Kayo",167,,155.1,0.75,,,0.51,0.41,,,,0%,,17,85,113,69,0,0
2025-08-23T00:17:24.560202,AAAAY,AAAAY,FPX,https://www.vlr.gg/player/19530/aaaay,19530,"['Gekko', 'Fade', 'Sova']",4,"Gekko, Fade, Sova, (+1)",167,,192.3,1.04,,,0.70,0.17,,,,0%,,20,117,112,29,0,0
2025-08-23T00:17:24.564442,Biank,Biank,TE,https://www.vlr.gg/player/3021/biank,3021,"['Sova', 'Fade']",2,"Sova, Fade",233,,211.1,0.97,,,0.72,0.38,,,,0%,,28,167,173,89,0,0
2025-08-23T00:17:24.565253,LuoK1ng,LuoK1ng,TE,https://www.vlr.gg/player/3045/luok1ng,3045,"['Astra', 'Omen', 'Brimstone']",3,"Astra, Omen, Brimstone",233,,201.4,1.13,,,0.73,0.53,,,,0%,,31,171,151,123,0,0
2025-08-23T00:17:24.566189,heybay,heybay,TE,https://www.vlr.gg/player/4712/heybay,4712,"['Killjoy', 'Kayo', 'Viper']",5,"Killjoy, Kayo, Viper, (+2)",233,,197.4,1.02,,,0.69,0.35,,,,0%,,25,160,157,81,0,0
2025-08-23T00:17:24.568122,FengF,FengF,TE,https://www.vlr.gg/player/4770/fengf,4770,"['Yoru', 'Cypher', 'Raze']",5,"Yoru, Cypher, Raze, (+2)",233,,225.7,1.13,,,0.81,0.14,,,,0%,,27,188,167,33,0,0
2025-08-23T00:17:24.569220,Kai,Kai,TE,https://www.vlr.gg/player/37494/kai,37494,"['Neon', 'Jett', 'Vyse']",3,"Neon, Jett, Vyse",233,,207.8,1.04,,,0.75,0.23,,,,0%,,27,174,167,53,0,0
2025-08-23T00:17:24.570239,nobody,nobody,EDG,https://www.vlr.gg/player/3017/nobody,3017,"['Skye', 'Fade', 'Sova']",4,"Skye, Fade, Sova, (+1)",333,,205.9,1.20,,,0.76,0.22,,,,0%,,37,252,210,74,0,0
2025-08-23T00:17:24.571832,ZmjjKK,ZmjjKK,EDG,https://www.vlr.gg/player/3520/zmjjkk,3520,"['Raze', 'Neon', 'Jett']",3,"Raze, Neon, Jett",333,,270.4,1.27,,,0.94,0.22,,,,0%,,29,313,247,73,0,0
2025-08-23T00:17:24.572804,Smoggy,Smoggy,EDG,https://www.vlr.gg/player/4742/smoggy,4742,"['Omen', 'Brimstone', 'Clove']",4,"Omen, Brimstone, Clove, (+1)",333,,212.2,1.21,,,0.78,0.40,,,,0%,,28,261,215,132,0,0
2025-08-23T00:17:24.575908,S1Mon,S1Mon,EDG,https://www.vlr.gg/player/13768/s1mon,13768,"['Tejo', 'Breach', 'Kayo']",3,"Tejo, Breach, Kayo",333,,151.4,0.84,,,0.53,0.55,,,,0%,,18,176,209,184,0,0
2025-08-23T00:17:24.575908,CHICHOO,CHICHOO,EDG,https://www.vlr.gg/player/15559/chichoo,15559,"['Viper', 'Killjoy', 'Omen']",6,"Viper, Killjoy, Omen, (+3)",333,,209.3,1.18,,,0.76,0.27,,,,0%,,28,252,213,91,0,0
2025-08-23T00:17:24.577932,monk,monk,AG,https://www.vlr.gg/player/14431/monk,14431,"['Sova', 'Gekko', 'Harbor']",4,"Sova, Gekko, Harbor, (+1)",89,,167.0,0.63,,,0.52,0.40,,,,0%,,12,46,73,36,0,0
2025-08-23T00:17:24.579743,nizhaoTZH,nizhaoTZH,AG,https://www.vlr.gg/player/4880/nizhaotzh,4880,"['Omen', 'Brimstone']",2,"Omen, Brimstone",37,,131.0,0.42,,,0.35,0.38,,,,0%,,7,13,31,14,0,0
2025-08-23T00:17:24.579743,happywei,happywei,XLG,https://www.vlr.gg/player/37927/happywei,37927,"['Omen', 'Cypher', 'Viper']",4,"Omen, Cypher, Viper, (+1)",290,,239.4,1.32,,,0.85,0.35,,,,0%,,25,246,186,101,0,0
2025-08-23T00:17:24.579743,5CM,5CM,TYL,https://www.vlr.gg/player/47101/5cm,47101,"['Brimstone', 'Omen', 'Astra']",3,"Brimstone, Omen, Astra",89,,160.8,0.71,,,0.53,0.38,,,,0%,,15,47,66,34,0,0
2025-08-23T00:17:24.579743,YOU,YOU,XLG,https://www.vlr.gg/player/4710/you,4710,"['Breach', 'Skye', 'Kayo']",3,"Breach, Skye, Kayo",290,,166.9,0.90,,,0.58,0.48,,,,0%,,23,168,187,139,0,0
2025-08-23T00:17:24.584825,coconut,coconut,XLG,https://www.vlr.gg/player/12365/coconut,12365,"['Sova', 'Omen', 'Brimstone']",3,"Sova, Omen, Brimstone",290,,192.8,1.01,,,0.65,0.32,,,,0%,,19,189,187,92,0,0
2025-08-23T00:17:24.585974,Viva,Viva,XLG,https://www.vlr.gg/player/36415/viva,36415,"['Cypher', 'Viper', 'Omen']",5,"Cypher, Viper, Omen, (+2)",290,,163.1,0.92,,,0.58,0.30,,,,0%,,20,168,183,87,0,0
2025-08-23T00:17:24.586571,Spring,Spring,WOL,https://www.vlr.gg/player/14125/spring,14125,"['Raze', 'Neon', 'Jett']",3,"Raze, Neon, Jett",110,,225.8,1.02,,,0.76,0.15,,,,0%,,29,84,82,17,0,0
2025-08-23T00:17:24.587724,Yuicaw,Yuicaw,WOL,https://www.vlr.gg/player/11218/yuicaw,11218,"['Breach', 'Cypher', 'Kayo']",3,"Breach, Cypher, Kayo",110,,180.4,0.80,,,0.60,0.35,,,,0%,,22,66,82,38,0,0
2025-08-23T00:17:24.588926,SiuFatBB,SiuFatBB,WOL,https://www.vlr.gg/player/7849/siufatbb,7849,"['Fade', 'Skye', 'Tejo']",4,"Fade, Skye, Tejo, (+1)",110,,152.8,0.80,,,0.55,0.25,,,,0%,,19,60,75,27,0,0
2025-08-23T00:17:24.590623,Lysoar,Lysoar,WOL,https://www.vlr.gg/player/37489/lysoar,37489,"['Vyse', 'Killjoy', 'Cypher']",3,"Vyse, Killjoy, Cypher",110,,198.6,0.80,,,0.65,0.20,,,,0%,,20,71,89,22,0,0
2025-08-23T00:17:24.591783,Juicy,Juicy,WOL,https://www.vlr.gg/player/7426/juicy,7426,"['Omen', 'Brimstone', 'Astra']",3,"Omen, Brimstone, Astra",110,,186.6,0.94,,,0.66,0.41,,,,0%,,19,73,78,45,0,0
2025-08-23T00:17:24.593027,Ninebody,Ninebody,TYL,https://www.vlr.gg/player/3547/ninebody,3547,"['Killjoy', 'Jett', 'Cypher']",3,"Killjoy, Jett, Cypher",89,,193.3,0.92,,,0.66,0.20,,,,0%,,20,59,64,18,0,0
2025-08-23T00:17:24.594204,zjc,zjc,TYL,https://www.vlr.gg/player/7135/zjc,7135,"['Breach', 'Sova']",2,"Breach, Sova",89,,203.3,0.85,,,0.64,0.33,,,,0%,,17,57,67,29,0,0
2025-08-23T00:17:24.595409,Eren,Eren,TYL,https://www.vlr.gg/player/14444/eren,14444,"['Raze', 'Yoru', 'Neon']",3,"Raze, Yoru, Neon",89,,165.5,0.81,,,0.62,0.24,,,,0%,,17,55,68,21,0,0
2025-08-23T00:17:24.596001,slowly,slowly,TYL,https://www.vlr.gg/player/41739/slowly,41739,"['Sova', 'Astra', 'Killjoy']",4,"Sova, Astra, Killjoy, (+1)",89,,225.8,1.19,,,0.83,0.26,,,,0%,,23,74,62,23,0,0
2025-08-23T00:17:24.597148,B1ack,B1ack,TEC,https://www.vlr.gg/player/30526/b1ack,30526,"['Breach', 'Kayo']",2,"Breach, Kayo",148,,189.6,0.93,,,0.64,0.54,,,,0%,,24,94,101,80,0,0
2025-08-23T00:17:24.598251,SpiritZ1,SpiritZ1,DRG,https://www.vlr.gg/player/31753/spiritz1,31753,"['Sova', 'Deadlock', 'Fade']",3,"Sova, Deadlock, Fade",283,,179.1,0.89,,,0.65,0.24,,,,0%,,23,185,208,69,0,0
2025-08-23T00:17:24.599084,Abo,Abo,TEC,https://www.vlr.gg/player/5011/abo,5011,"['Killjoy', 'Cypher']",2,"Killjoy, Cypher",148,,188.7,0.90,,,0.69,0.11,,,,0%,,23,102,113,16,0,0
2025-08-23T00:17:24.600203,Rb,Rb,TEC,https://www.vlr.gg/player/488/rb,488,"['Fade', 'Sova', 'Tejo']",3,"Fade, Sova, Tejo",148,,194.0,0.94,,,0.67,0.26,,,,0%,,25,99,105,39,0,0
2025-08-23T00:17:24.601745,Haodong,Haodong,TEC,https://www.vlr.gg/player/4720/haodong,4720,"['Brimstone', 'Omen', 'Astra']",3,"Brimstone, Omen, Astra",148,,198.3,1.03,,,0.69,0.51,,,,0%,,20,102,99,75,0,0
2025-08-23T00:17:24.602714,Dynamite,Dynamite,TEC,https://www.vlr.gg/player/42235/dynamite,42235,"['Raze', 'Jett', 'Neon']",3,"Raze, Jett, Neon",148,,179.3,0.82,,,0.64,0.16,,,,0%,,22,94,114,24,0,0
2025-08-23T00:17:24.603839,stew,stew,JDG,https://www.vlr.gg/player/16924/stew,16924,"['Jett', 'Neon', 'Raze']",3,"Jett, Neon, Raze",162,,250.5,1.40,,,0.91,0.16,,,,0%,,28,148,106,26,0,0
2025-08-23T00:17:24.604788,jkuro,jkuro,JDG,https://www.vlr.gg/player/3519/jkuro,3519,"['Yoru', 'Omen', 'Brimstone']",4,"Yoru, Omen, Brimstone, (+1)",162,,201.6,0.89,,,0.67,0.40,,,,0%,,19,108,122,65,0,0
2025-08-23T00:17:24.606310,Z1yan,Z1yan,JDG,https://www.vlr.gg/player/41029/z1yan,41029,"['Astra', 'Cypher', 'Vyse']",4,"Astra, Cypher, Vyse, (+1)",162,,225.1,1.23,,,0.81,0.23,,,,0%,,30,132,107,37,0,0
2025-08-23T00:17:24.607295,MrCANI,MrCANI,JDG,https://www.vlr.gg/player/37674/mrcani,37674,"['Omen', 'Breach', 'Skye']",4,"Omen, Breach, Skye, (+1)",162,,131.3,0.61,,,0.46,0.29,,,,0%,,15,75,123,47,0,0
2025-08-23T00:17:24.608648,Babyblue,Babyblue,JDG,https://www.vlr.gg/player/15302/babyblue,15302,"['Sova', 'Deadlock', 'Tejo']",4,"Sova, Deadlock, Tejo, (+1)",162,,185.3,0.91,,,0.66,0.21,,,,0%,,19,107,118,34,0,0
2025-08-23T00:17:24.609185,vo0kashu,vo0kashu,DRG,https://www.vlr.gg/player/3741/vo0kashu,3741,"['Omen', 'Cypher', 'Vyse']",4,"Omen, Cypher, Vyse, (+1)",283,,210.3,1.10,,,0.75,0.24,,,,0%,,26,212,193,68,0,0
2025-08-23T00:17:24.610734,Flex1n,Flex1n,DRG,https://www.vlr.gg/player/4705/flex1n,4705,"['Astra', 'Omen', 'Brimstone']",3,"Astra, Omen, Brimstone",283,,195.9,1.03,,,0.70,0.39,,,,0%,,20,199,193,111,0,0
2025-08-23T00:17:24.611698,TvirusLuke,TvirusLuke,DRG,https://www.vlr.gg/player/7841/tvirusluke,7841,"['Jett', 'Raze']",2,"Jett, Raze",283,,192.5,0.88,,,0.70,0.16,,,,0%,,23,198,224,46,0,0
2025-08-23T00:17:24.613963,Nicc,Nicc,DRG,https://www.vlr.gg/player/11524/nicc,11524,"['Kayo', 'Breach']",2,"Kayo, Breach",283,,193.8,0.98,,,0.67,0.58,,,,0%,,20,191,195,165,0,0
2025-08-23T00:17:24.615269,bunt,bunt,AG,https://www.vlr.gg/player/25949/bunt,25949,"['Vyse', 'Raze', 'Neon']",3,"Vyse, Raze, Neon",52,,121.7,0.49,,,0.38,0.29,,,,0%,,9,20,41,15,0,0
