scraped_at,date,match_url,match_id,time,team1,score1,team2,score2,score,winner,status,week,stage
2025-08-23T21:48:27.173092,"Fri, January 17, 2025",https://www.vlr.gg/427991/evil-geniuses-vs-loud-champions-tour-2025-americas-kickoff-ur1,427991,3:30 AM,Evil Geniuses,0,LOUD,2,0-2,LOUD,Completed,Upper Round 1,Main Event
2025-08-23T21:48:27.275428,"Fri, January 17, 2025",https://www.vlr.gg/427992/mibr-vs-100-thieves-champions-tour-2025-americas-kickoff-ur1,427992,6:15 AM,MIBR,0,100 Thieves,2,0-2,100 Thieves,Completed,Upper Round 1,Main Event
2025-08-23T21:48:27.376574,"Sat, January 18, 2025",https://www.vlr.gg/427994/2game-esports-vs-furia-champions-tour-2025-americas-kickoff-ur1,427994,3:30 AM,2Game Esports,0,FURIA,2,0-2,FURIA,Completed,Upper Round 1,Main Event
2025-08-23T21:48:27.477711,"Sat, January 18, 2025",https://www.vlr.gg/427993/nrg-esports-vs-cloud9-champions-tour-2025-americas-kickoff-ur1,427993,5:35 AM,NRG,0,Cloud9,2,0-2,Cloud9,Completed,Upper Round 1,Main Event
2025-08-23T21:48:27.579321,"Sun, January 19, 2025",https://www.vlr.gg/427995/kr-esports-vs-loud-champions-tour-2025-americas-kickoff-ubqf,427995,3:30 AM,KRÜ Esports,0,LOUD,2,0-2,LOUD,Completed,Upper Quarterfinals,Main Event
2025-08-23T21:48:27.680701,"Sun, January 19, 2025",https://www.vlr.gg/427996/sentinels-vs-100-thieves-champions-tour-2025-americas-kickoff-ubqf,427996,5:55 AM,Sentinels,2,100 Thieves,1,2-1,Sentinels,Completed,Upper Quarterfinals,Main Event
2025-08-23T21:48:27.781787,"Mon, January 20, 2025",https://www.vlr.gg/427998/leviat-n-vs-furia-champions-tour-2025-americas-kickoff-ubqf,427998,3:30 AM,LEVIATÁN,2,FURIA,0,2-0,LEVIATÁN,Completed,Upper Quarterfinals,Main Event
2025-08-23T21:48:27.883413,"Mon, January 20, 2025",https://www.vlr.gg/427997/g2-esports-vs-cloud9-champions-tour-2025-americas-kickoff-ubqf,427997,5:50 AM,G2 Esports,2,Cloud9,0,2-0,G2 Esports,Completed,Upper Quarterfinals,Main Event
2025-08-23T21:48:27.988639,"Fri, January 24, 2025",https://www.vlr.gg/428003/furia-vs-evil-geniuses-champions-tour-2025-americas-kickoff-lr1,428003,3:30 AM,FURIA,0,Evil Geniuses,2,0-2,Evil Geniuses,Completed,Lower Round 1,Main Event
2025-08-23T21:48:28.090780,"Fri, January 24, 2025",https://www.vlr.gg/428004/cloud9-vs-mibr-champions-tour-2025-americas-kickoff-lr1,428004,5:50 AM,Cloud9,1,MIBR,2,1-2,MIBR,Completed,Lower Round 1,Main Event
2025-08-23T21:48:28.191780,"Sat, January 25, 2025",https://www.vlr.gg/428006/kr-esports-vs-2game-esports-champions-tour-2025-americas-kickoff-lr1,428006,3:30 AM,KRÜ Esports,2,2Game Esports,0,2-0,KRÜ Esports,Completed,Lower Round 1,Main Event
2025-08-23T21:48:28.293457,"Sat, January 25, 2025",https://www.vlr.gg/428005/100-thieves-vs-nrg-esports-champions-tour-2025-americas-kickoff-lr1,428005,5:30 AM,100 Thieves,1,NRG,2,1-2,NRG,Completed,Lower Round 1,Main Event
2025-08-23T21:48:28.394144,"Sat, February 1, 2025",https://www.vlr.gg/427999/loud-vs-sentinels-champions-tour-2025-americas-kickoff-ubsf,427999,3:30 AM,LOUD,1,Sentinels,2,1-2,Sentinels,Completed,Upper Semifinals,Main Event
2025-08-23T21:48:28.495937,"Sat, February 1, 2025",https://www.vlr.gg/428000/g2-esports-vs-leviat-n-champions-tour-2025-americas-kickoff-ubsf,428000,7:30 AM,G2 Esports,2,LEVIATÁN,0,2-0,G2 Esports,Completed,Upper Semifinals,Main Event
2025-08-23T21:48:28.596712,"Sun, February 2, 2025",https://www.vlr.gg/428007/evil-geniuses-vs-mibr-champions-tour-2025-americas-kickoff-lr2,428007,3:30 AM,Evil Geniuses,0,MIBR,2,0-2,MIBR,Completed,Lower Round 2,Main Event
2025-08-23T21:48:28.697771,"Sun, February 2, 2025",https://www.vlr.gg/428008/nrg-esports-vs-kr-esports-champions-tour-2025-americas-kickoff-lr2,428008,6:00 AM,NRG,1,KRÜ Esports,2,1-2,KRÜ Esports,Completed,Lower Round 2,Main Event
2025-08-23T21:48:28.798739,"Mon, February 3, 2025",https://www.vlr.gg/428009/leviat-n-vs-mibr-champions-tour-2025-americas-kickoff-lr3,428009,3:30 AM,LEVIATÁN,1,MIBR,2,1-2,MIBR,Completed,Lower Round 3,Main Event
2025-08-23T21:48:28.900105,"Mon, February 3, 2025",https://www.vlr.gg/428010/loud-vs-kr-esports-champions-tour-2025-americas-kickoff-lr3,428010,7:00 AM,LOUD,0,KRÜ Esports,2,0-2,KRÜ Esports,Completed,Lower Round 3,Main Event
2025-08-23T21:48:29.001424,"Fri, February 7, 2025",https://www.vlr.gg/428001/sentinels-vs-g2-esports-champions-tour-2025-americas-kickoff-ubf,428001,3:30 AM,Sentinels,0,G2 Esports,2,0-2,G2 Esports,Completed,Upper Final,Main Event
2025-08-23T21:48:29.102749,"Fri, February 7, 2025",https://www.vlr.gg/428011/mibr-vs-kr-esports-champions-tour-2025-americas-kickoff-lr4,428011,5:50 AM,MIBR,2,KRÜ Esports,1,2-1,MIBR,Completed,Lower Round 4,Main Event
2025-08-23T21:48:29.204945,"Sat, February 8, 2025",https://www.vlr.gg/428012/sentinels-vs-mibr-champions-tour-2025-americas-kickoff-lbf,428012,3:30 AM,Sentinels,3,MIBR,1,3-1,Sentinels,Completed,Lower Final,Main Event
2025-08-23T21:48:29.306271,"Sun, February 9, 2025",https://www.vlr.gg/428002/g2-esports-vs-sentinels-champions-tour-2025-americas-kickoff-gf,428002,3:30 AM,G2 Esports,3,Sentinels,2,3-2,G2 Esports,Completed,Grand Final,Main Event
