Match ID,Map,Player,Team,Agent,2K,3K,4K,5K,1v1,1v2,1v3,1v4,1v5,ECON,PL,DE
427991,Split,supamen,EG,Omen,2,1,0,0,0,0,0,0,0,34,1,0
427991,Split,yay,EG,Chamber,3,2,0,0,0,0,1,0,0,45,1,0
427991,Split,Derrek,EG,Skye,1,0,0,0,0,0,0,0,0,32,3,0
427991,Split,NaturE,EG,Viper,4,1,0,0,0,0,0,0,0,51,1,0
427991,Split,icy,EG,Raze,6,0,0,0,0,0,0,0,0,55,1,0
427991,Split,pANcada,LOUD,Astra,1,1,0,0,0,0,0,0,0,34,0,0
427991,Split,v1nny,LOUD,Breach,3,0,0,0,0,0,0,0,0,35,4,1
427991,Split,tuyz,LOUD,Cypher,3,1,0,0,0,0,0,0,0,38,0,0
427991,Split,cauanzin,LOUD,Tejo,4,1,1,0,0,0,0,0,0,62,0,0
427991,Split,dgzin,LOUD,Raze,5,2,1,0,1,0,0,0,0,68,0,2
427991,Pearl,supamen,EG,Astra,3,1,0,0,0,1,0,0,0,36,0,0
427991,Pearl,yay,EG,Phoenix,1,3,0,0,0,0,0,0,0,62,2,0
427991,Pearl,Derrek,EG,Sova,3,0,0,0,0,0,0,0,0,57,5,0
427991,Pearl,NaturE,EG,Vyse,3,1,0,0,0,0,0,0,0,53,1,1
427991,Pearl,icy,EG,Jett,4,0,0,0,0,0,0,0,0,51,0,1
427991,Pearl,pANcada,LOUD,Astra,1,2,0,0,0,0,0,0,0,44,1,1
427991,Pearl,v1nny,LOUD,Kayo,3,2,0,0,1,0,0,0,0,75,3,1
427991,Pearl,tuyz,LOUD,Cypher,2,0,0,0,1,0,0,0,0,28,0,1
427991,Pearl,cauanzin,LOUD,Sova,2,2,1,0,0,0,1,0,0,62,3,0
427991,Pearl,dgzin,LOUD,Jett,3,0,0,0,0,0,0,0,0,51,1,2
427992,Lotus,nzr,MIBR,Breach,2,2,0,0,0,0,0,0,0,56,1,1
427992,Lotus,cortezia,MIBR,Killjoy,1,0,0,0,0,0,0,0,0,22,0,0
427992,Lotus,artzin,MIBR,Tejo,1,0,0,0,0,0,0,0,0,35,0,0
427992,Lotus,aspas,MIBR,Raze,1,0,0,0,0,0,0,0,0,46,1,0
427992,Lotus,xenom,MIBR,Omen,1,1,1,0,0,0,0,0,0,53,1,0
427992,Lotus,Asuna,100T,Neon,6,0,1,0,1,0,0,0,0,79,1,0
427992,Lotus,Boostio,100T,Breach,2,0,0,0,0,0,0,0,0,42,9,0
427992,Lotus,eeiu,100T,Fade,1,0,0,0,0,0,0,0,0,57,1,0
427992,Lotus,Cryocells,100T,Clove,4,1,0,0,0,0,0,0,0,71,0,0
427992,Lotus,zander,100T,Omen,3,0,0,0,1,0,0,0,0,35,0,1
427992,Bind,nzr,MIBR,Skye,2,0,0,0,1,0,0,0,0,43,4,0
427992,Bind,cortezia,MIBR,Cypher,3,0,1,0,0,0,0,0,0,39,0,0
427992,Bind,artzin,MIBR,Deadlock,3,0,0,0,0,0,0,0,0,39,4,0
427992,Bind,aspas,MIBR,Raze,2,1,1,0,0,0,0,0,0,77,0,1
427992,Bind,xenom,MIBR,Brimstone,4,0,0,0,0,0,0,0,0,39,2,0
427992,Bind,Asuna,100T,Raze,5,0,0,0,0,0,0,0,0,59,1,0
427992,Bind,Boostio,100T,Gekko,2,0,0,0,0,0,0,0,0,40,8,2
427992,Bind,eeiu,100T,Fade,4,1,0,0,0,1,0,0,0,51,0,0
427992,Bind,Cryocells,100T,Brimstone,5,0,1,0,0,0,0,0,0,80,0,0
427992,Bind,zander,100T,Viper,3,0,0,0,0,0,0,0,0,44,0,0
427994,Haven,pryze,2G,Breach,1,0,0,0,0,0,0,0,0,34,1,0
427994,Haven,Zap,2G,Tejo,2,0,0,0,0,0,0,0,0,37,1,0
427994,Haven,lz,2G,Omen,3,0,0,0,1,0,0,0,0,52,0,0
427994,Haven,silentzz,2G,Yoru,4,1,0,0,0,0,0,0,0,46,0,1
427994,Haven,gobera,2G,Vyse,5,2,0,0,0,0,0,0,0,85,1,0
427994,Haven,stellar,FUR,Tejo,2,1,0,0,0,2,0,0,0,57,5,1
427994,Haven,bdog,FUR,Breach,3,3,0,0,0,0,0,0,0,63,3,0
427994,Haven,Add3r,FUR,Cypher,6,0,0,0,0,0,0,0,0,55,0,0
427994,Haven,penny,FUR,Jett,3,1,0,0,1,0,0,0,0,46,0,1
427994,Haven,jakee,FUR,Clove,2,0,0,0,0,0,0,0,0,43,0,1
427994,Lotus,pryze,2G,Breach,1,0,0,0,0,0,0,0,0,23,5,0
427994,Lotus,Zap,2G,Tejo,3,0,0,0,0,0,0,0,0,54,0,0
427994,Lotus,lz,2G,Omen,3,1,0,0,0,0,0,0,0,63,1,1
427994,Lotus,silentzz,2G,Raze,1,0,0,0,0,0,0,0,0,56,0,0
427994,Lotus,gobera,2G,Vyse,2,1,0,0,1,0,0,0,0,54,0,0
427994,Lotus,stellar,FUR,Tejo,0,2,0,0,0,0,0,0,0,50,5,0
427994,Lotus,bdog,FUR,Breach,1,1,0,0,0,0,0,0,0,48,1,1
427994,Lotus,Add3r,FUR,Vyse,0,2,0,0,0,0,0,0,0,33,0,0
427994,Lotus,penny,FUR,Raze,4,2,1,0,0,0,0,0,0,97,0,0
427994,Lotus,jakee,FUR,Omen,3,1,1,0,0,0,0,0,0,79,0,1
427993,Fracture,FiNESSE,NRG,Killjoy,2,1,0,0,0,0,0,0,0,41,0,0
427993,Fracture,s0m,NRG,Brimstone,2,4,1,0,1,0,0,0,0,90,3,0
427993,Fracture,mada,NRG,Raze,4,3,0,0,0,0,0,0,0,60,1,0
427993,Fracture,Ethan,NRG,Breach,2,0,0,0,1,0,0,0,0,39,8,1
427993,Fracture,Verno,NRG,Sova,3,0,0,0,0,0,0,0,0,41,0,0
427993,Fracture,mitch,C9,Tejo,3,0,0,0,0,0,0,0,0,38,4,0
427993,Fracture,neT,C9,Killjoy,2,1,0,0,0,0,0,0,0,42,1,1
427993,Fracture,Xeppaa,C9,Clove,5,1,2,0,0,0,0,0,0,67,1,1
427993,Fracture,v1c,C9,Brimstone,2,0,0,0,0,0,0,0,0,44,6,0
427993,Fracture,OXY,C9,Raze,0,2,0,0,0,0,0,0,0,47,0,0
427993,Lotus,FiNESSE,NRG,Vyse,3,1,0,0,0,0,0,0,0,50,1,0
427993,Lotus,s0m,NRG,Viper,2,2,0,0,0,0,0,0,0,46,2,0
427993,Lotus,mada,NRG,Raze,2,0,1,0,0,0,0,0,0,41,0,1
427993,Lotus,Ethan,NRG,Omen,3,1,1,0,0,0,1,0,0,70,7,1
427993,Lotus,Verno,NRG,Fade,3,1,0,0,1,0,0,0,0,59,0,1
427993,Lotus,mitch,C9,Breach,2,2,0,0,0,1,0,0,0,59,4,3
427993,Lotus,neT,C9,Deadlock,5,0,0,0,1,0,0,0,0,54,3,2
427993,Lotus,Xeppaa,C9,Tejo,3,1,1,1,1,1,0,0,0,61,2,0
427993,Lotus,v1c,C9,Omen,2,0,0,0,0,0,0,0,0,38,1,0
427993,Lotus,OXY,C9,Raze,2,1,0,0,0,0,0,0,0,40,0,0
427995,Haven,Melser,KRÜ,Omen,1,1,0,0,0,0,0,0,0,42,0,0
427995,Haven,keznit,KRÜ,Jett,1,1,0,0,0,0,0,0,0,36,0,0
427995,Haven,adverso,KRÜ,Sova,0,0,0,0,1,0,0,0,0,34,1,0
427995,Haven,Mazino,KRÜ,Breach,2,0,0,0,0,0,0,0,0,30,1,0
427995,Haven,Shyy,KRÜ,Cypher,2,1,0,0,0,0,0,0,0,43,0,0
427995,Haven,pANcada,LOUD,Omen,4,1,0,0,0,0,0,0,0,71,0,0
427995,Haven,v1nny,LOUD,Breach,0,1,0,0,0,0,0,0,0,58,3,0
427995,Haven,tuyz,LOUD,Cypher,3,0,1,0,0,0,0,0,0,59,0,0
427995,Haven,cauanzin,LOUD,Sova,2,1,1,0,0,0,0,0,0,66,0,0
427995,Haven,dgzin,LOUD,Jett,2,0,0,1,0,1,0,0,0,76,0,0
427995,Split,Melser,KRÜ,Omen,3,0,0,0,0,0,0,0,0,38,3,0
427995,Split,keznit,KRÜ,Raze,5,1,0,0,0,0,0,0,0,65,3,0
427995,Split,adverso,KRÜ,Viper,0,0,0,0,0,0,0,0,0,44,1,0
427995,Split,Mazino,KRÜ,Skye,2,1,1,0,0,0,0,0,0,61,3,0
427995,Split,Shyy,KRÜ,Cypher,3,1,0,0,1,0,0,0,0,64,0,0
427995,Split,pANcada,LOUD,Astra,3,1,0,0,1,0,0,0,0,44,1,0
427995,Split,v1nny,LOUD,Breach,4,0,0,0,2,0,0,0,0,53,4,1
427995,Split,tuyz,LOUD,Cypher,2,1,0,0,1,0,1,0,0,47,0,1
427995,Split,cauanzin,LOUD,Tejo,2,1,0,0,0,0,0,0,0,39,1,1
427995,Split,dgzin,LOUD,Raze,2,2,0,0,0,0,0,0,0,62,0,1
427996,Split,Zellsis,SEN,Viper,4,0,0,0,0,0,0,0,0,50,2,0
427996,Split,johnqt,SEN,Tejo,4,1,0,0,1,0,0,0,0,58,3,0
427996,Split,bang,SEN,Omen,2,0,0,0,0,0,0,0,0,49,0,0
427996,Split,zekken,SEN,Yoru,2,0,0,0,0,0,0,0,0,50,1,0
427996,Split,N4RRATE,SEN,Breach,2,0,0,0,0,0,0,0,0,47,0,0
427996,Split,Asuna,100T,Raze,1,2,0,0,0,0,1,0,0,71,0,1
427996,Split,Boostio,100T,Breach,1,1,0,0,0,0,0,0,0,43,4,0
427996,Split,eeiu,100T,Tejo,5,0,0,0,0,0,0,0,0,82,0,0
427996,Split,Cryocells,100T,Sage,5,0,2,0,2,0,0,0,0,106,0,0
427996,Split,zander,100T,Astra,1,0,0,0,0,0,0,0,0,37,0,1
427996,Bind,Zellsis,SEN,Brimstone,1,1,0,0,0,0,0,0,0,43,2,0
427996,Bind,johnqt,SEN,Tejo,5,0,0,0,0,0,0,0,0,63,0,0
427996,Bind,bang,SEN,Viper,5,1,0,0,0,0,0,0,0,66,0,1
427996,Bind,zekken,SEN,Raze,4,2,0,0,0,0,0,0,0,59,0,1
427996,Bind,N4RRATE,SEN,Gekko,4,1,0,0,0,0,0,0,0,57,6,0
427996,Bind,Asuna,100T,Raze,1,2,1,0,1,0,0,0,0,63,1,0
427996,Bind,Boostio,100T,Gekko,1,2,0,0,0,0,0,0,0,44,5,0
427996,Bind,eeiu,100T,Fade,0,0,1,0,0,0,0,0,0,37,0,0
427996,Bind,Cryocells,100T,Brimstone,2,1,0,0,1,0,0,0,0,42,0,0
427996,Bind,zander,100T,Viper,2,0,0,0,0,0,0,0,0,35,0,0
427996,Pearl,Zellsis,SEN,Vyse,2,0,0,0,0,1,0,0,0,50,2,3
427996,Pearl,johnqt,SEN,Tejo,4,2,0,0,0,0,0,0,0,70,6,1
427996,Pearl,bang,SEN,Astra,2,1,0,0,0,1,0,0,0,45,1,0
427996,Pearl,zekken,SEN,Yoru,2,2,0,0,0,1,0,0,0,52,0,0
427996,Pearl,N4RRATE,SEN,Fade,4,0,0,0,0,0,0,0,0,65,0,0
427996,Pearl,Asuna,100T,Kayo,3,1,0,0,0,0,0,0,0,39,6,0
427996,Pearl,Boostio,100T,Killjoy,1,0,0,0,0,1,0,0,0,39,1,2
427996,Pearl,eeiu,100T,Fade,3,0,0,0,0,0,0,0,0,42,1,0
427996,Pearl,Cryocells,100T,Jett,1,1,0,0,0,0,0,0,0,55,0,0
427996,Pearl,zander,100T,Astra,1,2,0,0,0,0,1,0,0,54,1,0
427998,Haven,C0M,LEV,Sova,5,3,0,0,0,2,0,0,0,86,1,0
427998,Haven,tex,LEV,Cypher,2,1,0,0,0,0,0,0,0,36,2,0
427998,Haven,nataNk,LEV,Breach,5,0,0,0,0,1,0,0,0,49,7,1
427998,Haven,kiNgg,LEV,Omen,1,3,0,0,0,0,0,0,0,54,1,0
427998,Haven,Demon1,LEV,Jett,2,1,0,0,0,0,0,0,0,43,0,0
427998,Haven,mwzera,FUR,Sova,3,1,0,0,0,0,0,0,0,56,1,0
427998,Haven,Khalil,FUR,Omen,5,0,0,0,0,0,0,0,0,65,0,1
427998,Haven,heat,FUR,Cypher,1,1,0,0,0,0,0,0,0,38,0,0
427998,Haven,havoc,FUR,Jett,1,1,0,0,0,0,0,0,0,52,0,0
427998,Haven,raafa,FUR,Breach,2,1,0,0,1,0,0,0,0,47,5,1
427998,Split,C0M,LEV,Viper,3,1,0,0,0,0,0,0,0,56,1,0
427998,Split,tex,LEV,Cypher,3,0,0,0,0,0,0,0,0,49,1,0
427998,Split,nataNk,LEV,Skye,2,1,0,0,1,0,0,0,0,59,5,1
427998,Split,kiNgg,LEV,Omen,6,1,0,0,0,0,0,0,0,78,1,0
427998,Split,Demon1,LEV,Raze,2,0,0,0,0,0,0,0,0,48,2,0
427998,Split,mwzera,FUR,Skye,2,0,0,0,0,0,0,0,0,45,1,1
427998,Split,Khalil,FUR,Omen,2,0,0,0,0,0,0,0,0,39,0,0
427998,Split,heat,FUR,Viper,2,0,0,0,0,0,0,0,0,46,0,0
427998,Split,havoc,FUR,Raze,1,0,1,0,0,0,0,0,0,73,2,0
427998,Split,raafa,FUR,Sage,1,0,0,0,0,0,0,0,0,28,1,0
427997,Lotus,valyn,G2,Omen,1,2,0,0,0,0,0,0,0,60,1,0
427997,Lotus,jawgemo,G2,Yoru,3,1,0,0,0,0,0,0,0,54,0,0
427997,Lotus,JonahP,G2,Breach,2,0,0,0,1,0,0,0,0,46,2,2
427997,Lotus,leaf,G2,Viper,5,2,0,0,0,0,1,0,0,86,0,2
427997,Lotus,trent,G2,Tejo,2,2,0,0,0,0,0,0,0,49,2,1
427997,Lotus,mitch,C9,Breach,1,0,0,0,0,0,0,0,0,30,7,0
427997,Lotus,neT,C9,Deadlock,4,0,0,0,0,0,0,0,0,48,0,0
427997,Lotus,Xeppaa,C9,Tejo,2,1,0,0,1,0,0,0,0,78,1,0
427997,Lotus,v1c,C9,Omen,2,1,0,0,1,0,0,0,0,42,1,0
427997,Lotus,OXY,C9,Raze,2,0,0,0,0,0,0,0,0,33,0,0
427997,Abyss,valyn,G2,Astra,1,0,0,0,0,0,0,0,0,40,2,2
427997,Abyss,jawgemo,G2,Yoru,3,0,0,0,0,0,0,0,0,46,0,0
427997,Abyss,JonahP,G2,Breach,2,1,1,0,0,0,0,0,0,62,4,3
427997,Abyss,leaf,G2,Chamber,4,3,0,0,0,1,0,0,0,70,0,1
427997,Abyss,trent,G2,Sova,3,1,0,0,0,0,0,0,0,78,1,2
427997,Abyss,mitch,C9,Kayo,2,1,0,0,0,0,0,0,0,38,4,0
427997,Abyss,neT,C9,Astra,2,0,1,0,0,0,0,0,0,42,3,0
427997,Abyss,Xeppaa,C9,Sova,2,0,0,0,0,1,0,0,0,48,4,3
427997,Abyss,v1c,C9,Omen,0,0,0,0,0,0,0,0,0,31,0,0
427997,Abyss,OXY,C9,Jett,1,1,0,1,0,0,0,0,0,54,0,0
428003,Abyss,mwzera,FUR,Sova,3,0,0,0,0,0,0,0,0,63,4,1
428003,Abyss,Khalil,FUR,Omen,5,0,0,0,0,0,0,0,0,50,0,0
428003,Abyss,heat,FUR,Cypher,4,1,0,0,0,1,0,0,0,56,0,0
428003,Abyss,havoc,FUR,Jett,1,1,0,0,0,0,0,0,0,46,0,1
428003,Abyss,raafa,FUR,Kayo,0,0,1,0,0,0,0,0,0,33,3,0
428003,Abyss,supamen,EG,Omen,1,0,0,0,0,0,0,0,0,39,1,1
428003,Abyss,yay,EG,Astra,4,1,0,0,1,0,0,0,0,52,0,1
428003,Abyss,Derrek,EG,Sova,3,3,0,0,0,1,0,0,0,75,5,0
428003,Abyss,NaturE,EG,Vyse,2,0,0,0,0,0,0,0,0,50,1,0
428003,Abyss,icy,EG,Jett,1,4,0,0,0,0,0,0,0,62,1,0
428003,Fracture,mwzera,FUR,Breach,2,0,0,0,0,0,0,0,0,36,3,1
428003,Fracture,Khalil,FUR,Brimstone,4,1,0,0,1,0,0,0,0,76,2,0
428003,Fracture,heat,FUR,Cypher,4,0,0,0,0,0,0,0,0,43,0,0
428003,Fracture,havoc,FUR,Raze,1,2,0,0,0,0,0,0,0,62,0,0
428003,Fracture,raafa,FUR,Sage,3,0,0,0,0,0,0,0,0,41,1,0
428003,Fracture,supamen,EG,Brimstone,2,2,0,0,2,0,0,0,0,67,0,0
428003,Fracture,yay,EG,Killjoy,2,1,0,0,0,0,0,0,0,61,1,1
428003,Fracture,Derrek,EG,Tejo,4,0,0,0,0,0,0,0,0,38,0,0
428003,Fracture,NaturE,EG,Breach,4,0,1,0,1,0,0,0,0,56,7,0
428003,Fracture,icy,EG,Raze,4,1,0,0,0,0,0,0,0,62,3,0
428004,Lotus,mitch,C9,Breach,2,0,0,0,1,0,0,0,0,46,5,0
428004,Lotus,neT,C9,Deadlock,1,0,0,0,0,0,0,0,0,41,0,1
428004,Lotus,Xeppaa,C9,Tejo,0,0,0,0,0,0,0,0,0,39,0,1
428004,Lotus,v1c,C9,Omen,5,1,0,0,2,0,0,0,0,82,2,0
428004,Lotus,OXY,C9,Raze,6,2,0,0,0,0,0,0,0,65,1,1
428004,Lotus,nzr,MIBR,Fade,2,1,0,0,0,0,0,0,0,49,0,0
428004,Lotus,cortezia,MIBR,Vyse,1,0,0,0,0,0,0,0,0,30,1,0
428004,Lotus,artzin,MIBR,Viper,2,2,0,0,0,0,0,0,0,56,1,1
428004,Lotus,aspas,MIBR,Raze,3,0,0,0,0,0,0,0,0,62,0,1
428004,Lotus,xenom,MIBR,Omen,1,1,0,0,0,0,0,0,0,38,2,0
428004,Abyss,mitch,C9,Kayo,3,0,0,0,0,0,0,0,0,30,3,0
428004,Abyss,neT,C9,Astra,2,2,0,0,0,1,0,0,0,34,0,0
428004,Abyss,Xeppaa,C9,Sova,3,0,0,0,0,0,0,0,0,39,2,0
428004,Abyss,v1c,C9,Omen,4,0,0,0,1,1,0,0,0,49,2,0
428004,Abyss,OXY,C9,Jett,2,3,0,1,0,0,1,0,0,70,1,1
428004,Abyss,nzr,MIBR,Sova,2,0,0,0,0,0,0,0,0,41,6,0
428004,Abyss,cortezia,MIBR,Cypher,3,1,0,0,0,0,0,0,0,52,0,0
428004,Abyss,artzin,MIBR,Kayo,0,1,0,0,0,0,0,0,0,39,3,0
428004,Abyss,aspas,MIBR,Jett,5,2,0,0,1,0,0,0,0,81,1,0
428004,Abyss,xenom,MIBR,Astra,6,0,0,0,1,1,0,0,0,57,1,0
428004,Pearl,mitch,C9,Tejo,0,1,0,0,0,0,0,0,0,48,2,0
428004,Pearl,neT,C9,Cypher,1,1,0,0,0,0,0,0,0,65,1,1
428004,Pearl,Xeppaa,C9,Fade,0,0,0,0,0,0,0,0,0,24,1,0
428004,Pearl,v1c,C9,Astra,3,1,0,0,2,0,1,0,0,68,2,2
428004,Pearl,OXY,C9,Yoru,2,1,0,0,0,0,0,0,0,34,0,1
428004,Pearl,nzr,MIBR,Sova,2,2,0,0,0,0,0,0,0,103,2,0
428004,Pearl,cortezia,MIBR,Killjoy,1,0,0,0,0,0,0,0,0,35,1,1
428004,Pearl,artzin,MIBR,Kayo,4,0,1,0,0,0,0,0,0,55,7,1
428004,Pearl,aspas,MIBR,Jett,2,1,1,0,0,0,0,0,0,64,1,0
428004,Pearl,xenom,MIBR,Astra,3,1,0,0,0,1,0,0,0,51,1,1
428006,Abyss,Melser,KRÜ,Astra,5,1,0,0,0,0,0,0,0,81,1,1
428006,Abyss,keznit,KRÜ,Jett,1,3,0,0,1,0,0,0,0,79,0,0
428006,Abyss,adverso,KRÜ,Sova,0,1,0,0,0,1,0,0,0,52,4,0
428006,Abyss,Mazino,KRÜ,Kayo,3,0,0,0,0,0,0,0,0,67,6,0
428006,Abyss,Shyy,KRÜ,Viper,0,1,1,0,1,1,0,0,0,50,0,1
428006,Abyss,pryze,2G,Sova,1,0,0,0,0,0,0,0,0,42,1,0
428006,Abyss,Zap,2G,Omen,0,0,0,0,0,0,0,0,0,24,0,0
428006,Abyss,lz,2G,Astra,0,0,0,1,0,0,1,0,0,39,2,0
428006,Abyss,silentzz,2G,Yoru,0,1,0,0,0,0,0,0,0,33,0,0
428006,Abyss,gobera,2G,Jett,1,1,1,0,0,0,0,0,0,71,0,1
428006,Split,Melser,KRÜ,Omen,3,2,0,0,0,1,1,0,0,91,2,0
428006,Split,keznit,KRÜ,Raze,3,1,0,0,0,0,0,0,0,52,1,1
428006,Split,adverso,KRÜ,Viper,0,3,0,0,1,1,0,0,0,56,2,1
428006,Split,Mazino,KRÜ,Skye,1,1,0,0,0,0,0,0,0,63,4,0
428006,Split,Shyy,KRÜ,Cypher,2,0,0,0,0,0,0,0,0,46,1,0
428006,Split,pryze,2G,Viper,3,0,0,0,0,0,0,0,0,78,0,0
428006,Split,Zap,2G,Breach,0,0,0,0,0,0,0,0,0,43,0,0
428006,Split,lz,2G,Tejo,2,0,0,0,0,0,0,0,0,43,0,0
428006,Split,silentzz,2G,Yoru,2,1,0,0,0,0,0,0,0,46,1,0
428006,Split,gobera,2G,Omen,3,0,0,0,0,0,0,0,0,49,1,0
428005,Lotus,Asuna,100T,Neon,5,1,0,0,0,0,0,0,0,58,0,0
428005,Lotus,Boostio,100T,Breach,1,0,0,0,0,0,0,0,0,14,4,0
428005,Lotus,eeiu,100T,Fade,2,1,1,0,0,0,1,0,0,57,2,0
428005,Lotus,Cryocells,100T,Clove,3,1,0,0,0,1,0,0,0,50,0,1
428005,Lotus,zander,100T,Omen,5,0,0,0,0,0,0,0,0,41,3,1
428005,Lotus,FiNESSE,NRG,Breach,1,1,0,0,0,0,0,0,0,52,0,1
428005,Lotus,s0m,NRG,Omen,3,1,0,0,0,0,0,0,0,34,0,0
428005,Lotus,mada,NRG,Raze,5,1,0,0,1,0,0,0,0,58,0,1
428005,Lotus,Ethan,NRG,Tejo,2,0,0,0,0,0,0,0,0,35,7,0
428005,Lotus,Verno,NRG,Vyse,3,3,0,0,0,0,0,0,0,63,1,0
428005,Pearl,Asuna,100T,Kayo,1,2,0,0,1,1,0,0,0,49,5,1
428005,Pearl,Boostio,100T,Vyse,1,1,0,0,0,0,0,0,0,39,0,0
428005,Pearl,eeiu,100T,Fade,2,0,0,1,0,1,0,0,0,49,0,0
428005,Pearl,Cryocells,100T,Jett,4,1,0,0,0,0,0,0,0,50,0,0
428005,Pearl,zander,100T,Astra,2,0,0,0,0,0,0,0,0,31,1,0
428005,Pearl,FiNESSE,NRG,Breach,3,1,0,0,0,0,0,0,0,48,1,1
428005,Pearl,s0m,NRG,Astra,7,0,0,0,0,0,0,0,0,73,1,1
428005,Pearl,mada,NRG,Jett,2,1,1,1,0,0,0,0,0,78,0,0
428005,Pearl,Ethan,NRG,Tejo,4,0,0,0,0,0,0,0,0,52,6,0
428005,Pearl,Verno,NRG,Vyse,1,0,0,0,0,0,0,0,0,32,0,0
428005,Bind,Asuna,100T,Raze,4,0,0,0,1,0,0,0,0,56,1,0
428005,Bind,Boostio,100T,Gekko,0,1,0,0,0,0,0,0,0,21,5,1
428005,Bind,eeiu,100T,Fade,2,1,0,0,1,0,0,0,0,39,0,0
428005,Bind,Cryocells,100T,Brimstone,0,1,0,0,0,0,0,0,0,45,0,0
428005,Bind,zander,100T,Viper,6,0,0,0,1,1,0,0,0,63,1,0
428005,Bind,FiNESSE,NRG,Viper,1,1,0,0,1,0,0,0,0,49,0,0
428005,Bind,s0m,NRG,Brimstone,3,0,0,0,0,0,0,0,0,46,4,1
428005,Bind,mada,NRG,Raze,2,2,1,1,0,0,0,0,0,59,0,0
428005,Bind,Ethan,NRG,Kayo,1,1,0,0,0,0,0,0,0,42,3,0
428005,Bind,Verno,NRG,Fade,5,3,0,0,0,0,0,0,0,57,1,0
427999,Lotus,pANcada,LOUD,Omen,1,2,0,0,0,0,0,0,0,54,0,0
427999,Lotus,v1nny,LOUD,Breach,1,0,0,0,0,0,0,0,0,37,7,1
427999,Lotus,tuyz,LOUD,Cypher,2,1,0,0,1,0,0,0,0,43,2,1
427999,Lotus,cauanzin,LOUD,Fade,3,2,0,0,0,0,0,0,0,57,0,1
427999,Lotus,dgzin,LOUD,Raze,3,1,0,0,0,0,0,0,0,55,2,1
427999,Lotus,Zellsis,SEN,Vyse,3,1,0,0,0,1,0,0,0,48,2,1
427999,Lotus,johnqt,SEN,Tejo,2,0,0,0,0,0,0,0,0,40,4,3
427999,Lotus,bang,SEN,Omen,4,0,0,0,0,0,0,0,0,44,1,0
427999,Lotus,zekken,SEN,Yoru,1,2,0,0,0,0,0,0,0,49,1,0
427999,Lotus,N4RRATE,SEN,Breach,2,0,1,0,1,0,0,0,0,51,1,1
427999,Pearl,pANcada,LOUD,Astra,0,1,1,0,1,0,0,0,0,43,1,0
427999,Pearl,v1nny,LOUD,Kayo,2,1,0,0,0,0,0,0,0,38,5,1
427999,Pearl,tuyz,LOUD,Cypher,2,0,0,0,0,0,0,0,0,33,0,0
427999,Pearl,cauanzin,LOUD,Sova,1,2,1,0,0,0,0,0,0,54,5,1
427999,Pearl,dgzin,LOUD,Jett,2,1,1,0,0,0,0,0,0,53,0,0
427999,Pearl,Zellsis,SEN,Vyse,1,1,0,0,0,0,0,0,0,47,1,0
427999,Pearl,johnqt,SEN,Tejo,5,0,0,0,0,0,0,0,0,61,6,2
427999,Pearl,bang,SEN,Astra,1,0,0,0,0,0,0,0,0,43,0,1
427999,Pearl,zekken,SEN,Yoru,2,3,0,0,0,0,0,0,0,58,2,0
427999,Pearl,N4RRATE,SEN,Fade,2,0,0,0,0,0,0,0,0,41,1,1
427999,Split,pANcada,LOUD,Astra,2,1,1,0,0,0,0,0,0,50,0,0
427999,Split,v1nny,LOUD,Breach,0,0,0,0,0,0,0,0,0,34,4,1
427999,Split,tuyz,LOUD,Cypher,1,0,0,0,1,0,0,0,0,32,0,0
427999,Split,cauanzin,LOUD,Skye,4,0,0,0,0,0,0,0,0,45,1,0
427999,Split,dgzin,LOUD,Raze,7,1,0,0,0,0,0,0,0,82,0,1
427999,Split,Zellsis,SEN,Viper,4,0,1,0,1,0,0,0,0,47,1,0
427999,Split,johnqt,SEN,Tejo,6,0,0,0,0,0,0,0,0,72,1,0
427999,Split,bang,SEN,Omen,3,2,1,0,1,0,0,0,0,56,1,2
427999,Split,zekken,SEN,Yoru,0,1,0,1,0,0,0,1,0,59,2,1
427999,Split,N4RRATE,SEN,Breach,2,0,0,0,0,0,0,0,0,30,3,0
428000,Pearl,valyn,G2,Astra,3,0,0,0,1,0,0,0,0,44,3,0
428000,Pearl,jawgemo,G2,Yoru,1,0,0,0,0,0,0,0,0,40,1,0
428000,Pearl,JonahP,G2,Vyse,1,2,0,0,0,0,0,0,0,65,2,1
428000,Pearl,leaf,G2,Chamber,5,2,0,0,0,0,0,0,0,72,1,0
428000,Pearl,trent,G2,Sova,5,1,0,0,1,1,0,0,0,103,4,2
428000,Pearl,C0M,LEV,Tejo,0,0,0,0,0,0,0,0,0,23,1,0
428000,Pearl,tex,LEV,Vyse,4,1,0,0,0,0,0,0,0,67,0,2
428000,Pearl,nataNk,LEV,Fade,4,1,0,0,0,0,0,0,0,50,2,0
428000,Pearl,kiNgg,LEV,Astra,1,2,0,0,0,0,0,0,0,58,1,0
428000,Pearl,Demon1,LEV,Yoru,0,0,0,0,0,0,0,0,0,26,0,1
428000,Fracture,valyn,G2,Brimstone,1,0,0,0,0,0,0,0,0,40,1,1
428000,Fracture,jawgemo,G2,Raze,6,1,0,0,0,0,0,0,0,48,0,1
428000,Fracture,JonahP,G2,Breach,3,0,0,0,0,0,0,0,0,45,4,0
428000,Fracture,leaf,G2,Vyse,5,3,0,0,3,0,0,0,0,89,2,1
428000,Fracture,trent,G2,Tejo,5,1,0,0,1,1,0,0,0,71,2,0
428000,Fracture,C0M,LEV,Sova,3,2,0,0,0,0,0,0,0,62,1,0
428000,Fracture,tex,LEV,Killjoy,4,1,0,0,1,0,0,0,0,46,0,0
428000,Fracture,nataNk,LEV,Raze,2,0,1,0,1,0,0,0,0,68,1,0
428000,Fracture,kiNgg,LEV,Breach,2,1,0,0,1,0,0,0,0,56,5,2
428000,Fracture,Demon1,LEV,Brimstone,3,1,0,0,0,0,0,0,0,55,0,0
428007,Abyss,supamen,EG,Omen,5,2,0,0,0,0,1,0,0,77,1,1
428007,Abyss,yay,EG,Astra,2,1,0,0,0,1,0,0,0,37,1,0
428007,Abyss,Derrek,EG,Sova,2,1,1,0,0,0,0,0,0,56,4,0
428007,Abyss,NaturE,EG,Vyse,3,0,0,0,0,1,0,0,0,41,2,0
428007,Abyss,icy,EG,Jett,1,0,1,0,1,0,0,0,0,34,0,0
428007,Abyss,nzr,MIBR,Sova,2,0,0,0,0,0,0,0,0,43,5,1
428007,Abyss,cortezia,MIBR,Cypher,4,1,0,0,0,0,0,0,0,69,1,1
428007,Abyss,artzin,MIBR,Kayo,2,2,0,0,0,0,0,0,0,52,1,0
428007,Abyss,aspas,MIBR,Jett,4,2,0,0,0,0,0,0,0,70,0,0
428007,Abyss,xenom,MIBR,Astra,2,1,0,0,0,0,0,0,0,47,0,0
428007,Split,supamen,EG,Omen,1,0,1,0,0,0,1,0,0,44,1,0
428007,Split,yay,EG,Chamber,1,2,0,0,0,0,0,0,0,45,0,0
428007,Split,Derrek,EG,Skye,0,0,1,0,0,0,0,0,0,27,4,0
428007,Split,NaturE,EG,Viper,0,1,0,0,1,0,0,0,0,34,1,0
428007,Split,icy,EG,Raze,2,0,0,0,0,0,0,0,0,57,1,0
428007,Split,nzr,MIBR,Skye,0,0,1,0,1,0,0,0,0,94,3,2
428007,Split,cortezia,MIBR,Viper,3,0,0,0,1,0,0,0,0,70,0,2
428007,Split,artzin,MIBR,Raze,3,3,0,0,0,0,0,0,0,64,0,1
428007,Split,aspas,MIBR,Jett,2,1,0,0,0,0,0,0,0,75,0,0
428007,Split,xenom,MIBR,Astra,0,2,0,0,0,0,0,0,0,51,0,0
428008,Abyss,FiNESSE,NRG,Vyse,0,0,0,0,0,0,0,0,0,26,0,0
428008,Abyss,s0m,NRG,Harbor,4,0,0,0,0,0,0,0,0,64,9,0
428008,Abyss,mada,NRG,Yoru,5,1,0,0,1,1,0,0,0,68,0,1
428008,Abyss,Ethan,NRG,Omen,4,1,1,0,1,0,0,0,0,79,2,0
428008,Abyss,Verno,NRG,Sova,1,0,0,0,0,0,0,0,0,42,0,0
428008,Abyss,Melser,KRÜ,Astra,5,0,1,0,1,0,0,0,0,69,0,1
428008,Abyss,keznit,KRÜ,Jett,4,2,0,0,1,0,0,0,0,56,1,2
428008,Abyss,adverso,KRÜ,Sova,1,2,0,0,0,0,0,0,0,49,1,1
428008,Abyss,Mazino,KRÜ,Kayo,3,1,1,0,0,0,0,0,0,64,5,0
428008,Abyss,Shyy,KRÜ,Viper,1,0,1,0,0,1,0,0,0,29,1,1
428008,Haven,FiNESSE,NRG,Cypher,1,0,0,0,0,0,0,0,0,28,0,0
428008,Haven,s0m,NRG,Omen,1,0,0,0,1,0,0,0,0,36,0,0
428008,Haven,mada,NRG,Neon,5,4,0,1,1,0,0,0,0,80,0,0
428008,Haven,Ethan,NRG,Breach,4,2,1,0,0,0,0,0,0,84,7,0
428008,Haven,Verno,NRG,Sova,3,0,0,0,1,0,0,0,0,39,2,3
428008,Haven,Melser,KRÜ,Omen,2,1,1,0,1,0,0,0,0,62,1,0
428008,Haven,keznit,KRÜ,Jett,2,0,0,0,0,0,0,0,0,41,0,1
428008,Haven,adverso,KRÜ,Sova,1,0,0,0,0,0,0,0,0,45,2,2
428008,Haven,Mazino,KRÜ,Breach,3,0,0,1,0,0,0,0,0,50,2,1
428008,Haven,Shyy,KRÜ,Cypher,1,1,0,0,0,0,0,0,0,45,0,1
428008,Bind,FiNESSE,NRG,Viper,1,1,0,0,0,0,0,0,0,43,0,0
428008,Bind,s0m,NRG,Brimstone,3,1,0,0,0,0,0,0,0,58,1,1
428008,Bind,mada,NRG,Raze,2,0,1,0,1,0,0,0,0,50,1,0
428008,Bind,Ethan,NRG,Kayo,0,1,0,0,1,1,0,0,0,35,2,0
428008,Bind,Verno,NRG,Fade,1,1,0,0,0,0,0,0,0,32,0,0
428008,Bind,Melser,KRÜ,Brimstone,2,0,0,0,0,0,0,0,0,43,1,0
428008,Bind,keznit,KRÜ,Raze,3,1,0,0,0,0,0,0,0,52,2,0
428008,Bind,adverso,KRÜ,Viper,5,2,0,0,0,0,0,0,0,82,0,1
428008,Bind,Mazino,KRÜ,Skye,0,0,0,0,0,0,0,0,0,23,2,0
428008,Bind,Shyy,KRÜ,Vyse,5,3,1,0,0,0,0,0,0,101,1,0
428009,Lotus,C0M,LEV,Viper,2,0,0,0,1,0,0,0,0,52,1,2
428009,Lotus,tex,LEV,Killjoy,2,1,0,0,0,0,1,0,0,58,2,0
428009,Lotus,nataNk,LEV,Fade,4,0,0,0,1,0,0,0,0,65,3,0
428009,Lotus,kiNgg,LEV,Omen,2,1,1,0,0,0,0,0,0,73,1,1
428009,Lotus,Demon1,LEV,Raze,1,3,1,0,0,0,0,0,0,59,1,0
428009,Lotus,nzr,MIBR,Fade,2,0,0,0,0,0,0,0,0,30,4,0
428009,Lotus,cortezia,MIBR,Cypher,2,2,0,0,0,0,0,0,0,52,0,0
428009,Lotus,artzin,MIBR,Breach,1,0,0,0,0,0,0,0,0,36,4,0
428009,Lotus,aspas,MIBR,Raze,2,2,0,0,0,1,0,0,0,63,0,1
428009,Lotus,xenom,MIBR,Omen,1,0,0,0,0,0,0,0,0,25,1,0
428009,Pearl,C0M,LEV,Sova,1,0,0,0,0,0,0,0,0,41,5,0
428009,Pearl,tex,LEV,Vyse,2,2,0,0,1,1,0,0,0,50,1,1
428009,Pearl,nataNk,LEV,Phoenix,4,0,0,0,0,0,0,0,0,41,1,0
428009,Pearl,kiNgg,LEV,Astra,1,0,0,0,1,0,0,0,0,41,2,1
428009,Pearl,Demon1,LEV,Jett,4,2,1,0,0,0,0,0,0,75,0,0
428009,Pearl,nzr,MIBR,Sova,3,1,0,0,0,0,0,0,0,55,2,1
428009,Pearl,cortezia,MIBR,Killjoy,2,1,0,0,0,0,0,0,0,53,1,1
428009,Pearl,artzin,MIBR,Kayo,5,0,0,0,0,0,0,0,0,81,5,0
428009,Pearl,aspas,MIBR,Jett,1,2,0,0,0,0,0,0,0,49,1,0
428009,Pearl,xenom,MIBR,Astra,2,3,0,0,0,1,0,0,0,49,0,1
428009,Split,C0M,LEV,Viper,2,0,0,0,0,0,0,0,0,40,1,0
428009,Split,tex,LEV,Cypher,5,0,0,0,1,1,0,0,0,50,1,2
428009,Split,nataNk,LEV,Skye,3,2,0,0,0,0,0,0,0,53,6,0
428009,Split,kiNgg,LEV,Omen,2,0,0,0,1,0,0,0,0,42,2,0
428009,Split,Demon1,LEV,Raze,4,1,0,0,0,0,0,0,0,42,0,0
428009,Split,nzr,MIBR,Skye,2,0,0,0,0,0,0,0,0,36,4,2
428009,Split,cortezia,MIBR,Viper,5,2,0,0,0,0,0,0,0,50,1,0
428009,Split,artzin,MIBR,Raze,6,2,0,0,1,0,0,0,0,66,3,1
428009,Split,aspas,MIBR,Jett,2,2,0,0,0,0,0,0,0,42,1,0
428009,Split,xenom,MIBR,Astra,5,1,0,0,1,0,0,0,0,52,1,0
428010,Bind,pANcada,LOUD,Brimstone,3,1,0,0,0,0,0,0,0,76,0,1
428010,Bind,v1nny,LOUD,Kayo,0,0,0,0,0,0,0,0,0,41,2,0
428010,Bind,tuyz,LOUD,Deadlock,1,1,0,0,1,0,0,0,0,61,5,0
428010,Bind,cauanzin,LOUD,Skye,1,0,0,0,0,0,0,0,0,42,1,0
428010,Bind,dgzin,LOUD,Raze,4,0,0,0,0,0,0,0,0,35,1,0
428010,Bind,Melser,KRÜ,Brimstone,9,1,0,0,1,0,0,0,0,95,1,1
428010,Bind,keznit,KRÜ,Raze,2,1,0,0,0,1,0,0,0,54,2,2
428010,Bind,adverso,KRÜ,Viper,5,1,0,0,0,0,1,0,0,68,0,2
428010,Bind,Mazino,KRÜ,Skye,2,0,0,0,0,0,0,0,0,40,1,0
428010,Bind,Shyy,KRÜ,Vyse,2,1,0,0,0,0,0,0,0,42,1,1
428010,Haven,pANcada,LOUD,Omen,4,1,0,0,0,0,0,0,0,52,1,0
428010,Haven,v1nny,LOUD,Breach,2,0,0,0,0,0,0,0,0,47,7,0
428010,Haven,tuyz,LOUD,Cypher,3,0,0,0,0,0,0,0,0,45,0,1
428010,Haven,cauanzin,LOUD,Sova,3,0,0,0,0,0,0,0,0,38,1,0
428010,Haven,dgzin,LOUD,Jett,3,1,1,0,0,0,0,0,0,63,0,2
428010,Haven,Melser,KRÜ,Omen,3,1,0,0,0,0,0,0,0,46,0,1
428010,Haven,keznit,KRÜ,Jett,2,1,0,0,0,0,0,0,0,44,0,0
428010,Haven,adverso,KRÜ,Sova,2,0,0,0,1,0,0,0,0,38,2,3
428010,Haven,Mazino,KRÜ,Breach,4,2,0,0,0,0,0,0,0,67,5,2
428010,Haven,Shyy,KRÜ,Cypher,4,0,1,0,1,0,0,0,0,66,0,0
428001,Abyss,Zellsis,SEN,Kayo,2,1,1,0,0,0,0,0,0,65,2,0
428001,Abyss,johnqt,SEN,Sova,1,0,0,0,0,0,0,0,0,46,3,0
428001,Abyss,bang,SEN,Astra,2,0,0,0,0,1,0,0,0,53,2,0
428001,Abyss,zekken,SEN,Jett,1,0,0,0,1,0,0,0,0,44,0,0
428001,Abyss,N4RRATE,SEN,Omen,0,0,0,0,0,0,0,0,0,26,0,0
428001,Abyss,valyn,G2,Astra,1,1,0,0,0,0,0,0,0,43,1,0
428001,Abyss,jawgemo,G2,Yoru,2,0,1,0,1,1,0,0,0,43,0,1
428001,Abyss,JonahP,G2,Breach,1,2,0,0,0,0,0,0,0,47,2,0
428001,Abyss,leaf,G2,Chamber,3,0,0,1,0,0,0,0,0,71,0,1
428001,Abyss,trent,G2,Sova,2,2,0,0,0,0,0,0,0,56,7,0
428001,Pearl,Zellsis,SEN,Vyse,3,0,0,0,0,0,0,0,0,45,1,0
428001,Pearl,johnqt,SEN,Tejo,2,0,0,0,0,0,0,0,0,40,2,1
428001,Pearl,bang,SEN,Astra,3,1,0,0,1,0,0,0,0,48,2,1
428001,Pearl,zekken,SEN,Yoru,5,0,0,0,0,0,0,0,0,40,0,0
428001,Pearl,N4RRATE,SEN,Fade,3,2,0,0,0,1,0,0,0,76,3,0
428001,Pearl,valyn,G2,Astra,5,3,0,0,1,0,0,0,0,57,2,1
428001,Pearl,jawgemo,G2,Yoru,4,0,2,0,0,0,0,0,0,67,1,0
428001,Pearl,JonahP,G2,Vyse,3,0,0,0,1,0,0,0,0,60,3,0
428001,Pearl,leaf,G2,Chamber,1,1,0,0,0,0,0,0,0,32,0,0
428001,Pearl,trent,G2,Sova,2,0,1,0,1,0,0,0,0,53,2,2
428011,Bind,nzr,MIBR,Skye,1,0,0,0,0,0,0,0,0,29,2,0
428011,Bind,cortezia,MIBR,Viper,1,2,0,0,0,0,0,0,0,65,0,1
428011,Bind,artzin,MIBR,Yoru,3,0,0,0,0,0,0,0,0,43,1,0
428011,Bind,aspas,MIBR,Raze,4,3,0,0,0,0,0,0,0,88,1,1
428011,Bind,xenom,MIBR,Brimstone,1,1,0,0,0,0,0,0,0,34,3,0
428011,Bind,Melser,KRÜ,Brimstone,0,2,1,0,1,0,0,0,0,48,1,2
428011,Bind,keznit,KRÜ,Raze,4,0,0,0,0,0,0,0,0,54,1,0
428011,Bind,adverso,KRÜ,Viper,4,0,0,0,1,0,0,0,0,32,0,1
428011,Bind,Mazino,KRÜ,Skye,2,0,0,0,0,0,0,0,0,33,6,0
428011,Bind,Shyy,KRÜ,Vyse,5,1,1,0,1,0,0,0,0,108,0,1
428011,Abyss,nzr,MIBR,Sova,2,0,0,0,0,0,0,0,0,35,4,0
428011,Abyss,cortezia,MIBR,Cypher,0,4,0,0,0,0,0,0,0,69,0,2
428011,Abyss,artzin,MIBR,Kayo,3,0,0,0,0,0,1,0,0,37,1,0
428011,Abyss,aspas,MIBR,Jett,4,1,1,1,0,0,0,0,0,119,2,1
428011,Abyss,xenom,MIBR,Astra,1,1,0,0,0,0,0,0,0,34,0,1
428011,Abyss,Melser,KRÜ,Astra,5,0,0,0,0,0,0,0,0,43,1,0
428011,Abyss,keznit,KRÜ,Jett,1,0,0,0,0,0,0,0,0,22,0,0
428011,Abyss,adverso,KRÜ,Sova,2,1,0,0,0,0,0,0,0,57,2,1
428011,Abyss,Mazino,KRÜ,Kayo,2,1,0,0,1,1,0,0,0,28,4,0
428011,Abyss,Shyy,KRÜ,Viper,3,1,1,0,1,0,0,0,0,58,1,1
428011,Split,nzr,MIBR,Skye,3,0,0,0,1,0,0,0,0,55,6,1
428011,Split,cortezia,MIBR,Viper,3,0,0,0,0,0,0,0,0,32,1,0
428011,Split,artzin,MIBR,Raze,3,1,0,0,0,0,0,0,0,41,0,1
428011,Split,aspas,MIBR,Jett,7,3,0,0,0,0,0,0,0,74,0,0
428011,Split,xenom,MIBR,Astra,4,0,0,0,0,0,0,0,0,52,2,1
428011,Split,Melser,KRÜ,Omen,4,0,0,0,0,1,0,0,0,42,4,0
428011,Split,keznit,KRÜ,Raze,3,0,0,0,0,0,0,0,0,53,2,0
428011,Split,adverso,KRÜ,Viper,5,0,0,0,0,0,0,0,0,51,0,0
428011,Split,Mazino,KRÜ,Skye,2,0,0,0,0,0,0,0,0,42,3,0
428011,Split,Shyy,KRÜ,Cypher,5,0,0,0,0,2,0,0,0,70,1,2
428012,Lotus,Zellsis,SEN,Vyse,2,3,0,1,0,0,0,0,0,107,2,0
428012,Lotus,johnqt,SEN,Viper,1,1,0,0,0,0,0,0,0,49,1,0
428012,Lotus,bang,SEN,Omen,3,1,0,0,0,0,0,0,0,38,1,0
428012,Lotus,zekken,SEN,Raze,2,0,0,0,0,0,0,0,0,53,0,0
428012,Lotus,N4RRATE,SEN,Fade,2,2,1,0,0,1,0,0,0,91,2,2
428012,Lotus,nzr,MIBR,Breach,2,0,0,0,0,0,0,0,0,42,5,1
428012,Lotus,cortezia,MIBR,Cypher,3,0,0,0,0,0,0,0,0,33,0,0
428012,Lotus,artzin,MIBR,Raze,1,2,0,0,0,0,1,0,0,37,0,1
428012,Lotus,aspas,MIBR,Jett,2,0,1,0,0,0,0,0,0,66,0,0
428012,Lotus,xenom,MIBR,Omen,0,2,0,0,0,0,0,0,0,56,0,0
428012,Abyss,Zellsis,SEN,Kayo,1,4,0,0,0,0,0,0,0,55,3,1
428012,Abyss,johnqt,SEN,Sova,2,0,0,0,0,0,0,0,0,56,3,1
428012,Abyss,bang,SEN,Astra,2,0,1,0,0,0,0,0,0,68,4,0
428012,Abyss,zekken,SEN,Jett,3,1,1,0,0,0,0,0,0,77,0,0
428012,Abyss,N4RRATE,SEN,Omen,6,0,0,0,1,0,0,0,0,53,0,0
428012,Abyss,nzr,MIBR,Sova,3,1,0,0,0,0,0,0,0,57,4,1
428012,Abyss,cortezia,MIBR,Cypher,4,1,0,0,0,0,0,0,0,42,0,0
428012,Abyss,artzin,MIBR,Kayo,0,0,0,0,0,0,0,0,0,25,0,1
428012,Abyss,aspas,MIBR,Jett,4,0,0,0,0,0,0,0,0,37,0,0
428012,Abyss,xenom,MIBR,Astra,5,0,0,0,0,1,0,0,0,60,0,0
428012,Pearl,Zellsis,SEN,Vyse,4,2,1,0,1,0,0,0,0,44,7,1
428012,Pearl,johnqt,SEN,Tejo,7,1,0,0,0,1,0,0,0,38,5,1
428012,Pearl,bang,SEN,Astra,4,0,0,0,1,0,0,0,0,40,2,0
428012,Pearl,zekken,SEN,Yoru,4,3,1,0,0,0,0,0,0,40,3,0
428012,Pearl,N4RRATE,SEN,Fade,3,0,0,0,0,1,0,0,0,28,0,2
428012,Pearl,nzr,MIBR,Sova,5,0,0,0,0,0,0,0,0,35,7,0
428012,Pearl,cortezia,MIBR,Killjoy,2,4,0,0,1,0,0,0,0,44,2,3
428012,Pearl,artzin,MIBR,Kayo,5,2,1,0,0,0,0,0,0,35,2,2
428012,Pearl,aspas,MIBR,Jett,10,2,0,0,0,1,0,0,0,46,2,2
428012,Pearl,xenom,MIBR,Astra,6,4,0,0,1,1,0,0,0,43,1,0
428012,Split,Zellsis,SEN,Viper,3,0,0,0,0,0,0,0,0,57,0,1
428012,Split,johnqt,SEN,Tejo,2,1,0,0,0,0,0,0,0,53,4,0
428012,Split,bang,SEN,Omen,3,0,0,0,0,0,0,0,0,36,3,0
428012,Split,zekken,SEN,Yoru,2,1,2,0,0,1,0,0,0,71,2,0
428012,Split,N4RRATE,SEN,Breach,3,2,0,0,0,0,0,0,1,51,2,1
428012,Split,nzr,MIBR,Skye,4,2,0,0,0,1,0,0,0,69,5,0
428012,Split,cortezia,MIBR,Viper,3,0,0,0,0,0,0,0,0,62,0,0
428012,Split,artzin,MIBR,Raze,1,1,0,0,1,0,0,0,0,49,1,1
428012,Split,aspas,MIBR,Jett,1,0,0,0,0,0,0,0,0,34,0,1
428012,Split,xenom,MIBR,Astra,2,0,0,0,0,1,0,0,0,49,0,0
428002,Split,valyn,G2,Astra,1,1,1,0,1,0,0,0,0,59,1,0
428002,Split,jawgemo,G2,Yoru,2,0,0,0,0,0,0,0,0,50,2,0
428002,Split,JonahP,G2,Breach,2,0,0,0,0,0,0,0,0,42,0,0
428002,Split,leaf,G2,Viper,0,0,0,0,0,0,0,0,0,46,0,1
428002,Split,trent,G2,Tejo,2,0,0,0,0,1,0,0,0,45,4,0
428002,Split,Zellsis,SEN,Viper,4,1,0,0,0,1,0,0,0,67,0,1
428002,Split,johnqt,SEN,Tejo,4,1,0,0,1,0,0,0,0,73,3,1
428002,Split,bang,SEN,Omen,1,1,0,0,0,0,0,0,0,53,1,0
428002,Split,zekken,SEN,Yoru,3,1,0,0,0,0,0,0,0,59,1,1
428002,Split,N4RRATE,SEN,Breach,3,1,0,0,1,0,0,0,0,72,0,1
428002,Pearl,valyn,G2,Astra,4,0,0,0,0,0,0,0,0,59,3,2
428002,Pearl,jawgemo,G2,Yoru,5,1,0,0,0,0,0,0,0,54,2,0
428002,Pearl,JonahP,G2,Vyse,2,2,1,0,1,0,0,0,0,45,0,0
428002,Pearl,leaf,G2,Chamber,2,0,0,0,1,0,0,0,0,48,0,1
428002,Pearl,trent,G2,Sova,3,0,0,0,0,0,0,0,0,49,2,0
428002,Pearl,Zellsis,SEN,Vyse,4,0,0,0,0,0,0,0,0,55,2,0
428002,Pearl,johnqt,SEN,Tejo,3,0,0,0,0,0,0,0,0,43,5,0
428002,Pearl,bang,SEN,Astra,3,0,0,0,0,0,0,0,0,56,0,0
428002,Pearl,zekken,SEN,Yoru,2,1,1,0,0,0,1,0,0,51,0,1
428002,Pearl,N4RRATE,SEN,Fade,3,0,0,0,0,0,0,0,0,37,2,0
428002,Abyss,valyn,G2,Astra,2,1,0,0,0,1,0,0,0,33,2,2
428002,Abyss,jawgemo,G2,Yoru,1,2,0,0,0,0,0,0,0,41,0,0
428002,Abyss,JonahP,G2,Breach,0,0,0,0,1,0,0,0,0,26,3,0
428002,Abyss,leaf,G2,Chamber,1,2,0,0,0,1,0,0,0,54,1,1
428002,Abyss,trent,G2,Sova,0,3,0,0,0,0,0,0,0,70,3,1
428002,Abyss,Zellsis,SEN,Kayo,2,1,0,0,0,0,0,0,0,34,3,1
428002,Abyss,johnqt,SEN,Tejo,2,2,0,0,0,1,0,0,0,93,7,4
428002,Abyss,bang,SEN,Astra,1,2,1,0,0,0,0,0,0,52,0,0
428002,Abyss,zekken,SEN,Jett,2,1,1,0,0,0,0,0,0,52,0,0
428002,Abyss,N4RRATE,SEN,Omen,3,0,0,0,1,0,0,0,0,48,1,0
428002,Fracture,valyn,G2,Brimstone,3,1,0,0,0,0,0,0,0,56,3,1
428002,Fracture,jawgemo,G2,Raze,3,0,0,1,0,0,0,0,0,48,0,0
428002,Fracture,JonahP,G2,Breach,0,0,1,0,0,0,0,0,0,28,3,0
428002,Fracture,leaf,G2,Vyse,4,0,0,0,0,0,0,0,0,50,1,0
428002,Fracture,trent,G2,Tejo,5,1,0,0,1,0,0,0,0,82,2,0
428002,Fracture,Zellsis,SEN,Vyse,2,1,0,0,0,0,0,0,0,67,0,0
428002,Fracture,johnqt,SEN,Tejo,1,1,0,0,0,0,0,0,0,63,1,0
428002,Fracture,bang,SEN,Brimstone,2,0,0,0,0,0,0,0,0,31,0,0
428002,Fracture,zekken,SEN,Yoru,1,0,0,0,0,0,0,0,0,48,0,1
428002,Fracture,N4RRATE,SEN,Breach,2,0,0,0,1,0,0,0,0,45,1,0
428002,Haven,valyn,G2,Astra,3,2,0,0,0,1,0,0,0,58,2,1
428002,Haven,jawgemo,G2,Yoru,2,0,0,0,0,0,0,0,0,34,0,2
428002,Haven,JonahP,G2,Breach,3,0,1,0,0,0,0,0,0,43,3,0
428002,Haven,leaf,G2,Vyse,4,0,0,0,0,0,0,0,0,39,1,2
428002,Haven,trent,G2,Tejo,5,2,0,0,0,0,0,0,0,76,3,1
428002,Haven,Zellsis,SEN,Cypher,2,0,0,0,1,0,0,0,0,31,3,0
428002,Haven,johnqt,SEN,Sova,5,0,0,0,0,0,0,0,0,71,4,2
428002,Haven,bang,SEN,Omen,4,1,0,0,0,0,0,0,0,65,1,0
428002,Haven,zekken,SEN,Yoru,4,0,0,0,0,0,0,0,0,38,0,2
428002,Haven,N4RRATE,SEN,Iso,5,1,0,0,0,0,0,0,0,67,0,1
