scraped_at,player,player_name,team,player_url,player_id,agents_played,agents_count,agents_display,rounds,rating,acs,kd_ratio,kast,adr,kpr,apr,fkpr,fdpr,hs_percent,cl_percent,clutches,k_max,kills,deaths,assists,first_kills,first_deaths
2025-08-23T21:48:30.873371,penny,penny,FUR,https://www.vlr.gg/player/7716/penny,7716,"['Jett', 'Raze']",2,"Jett, Raze",38,1.37,266.0,1.68,82%,165.9,0.97,0.21,0.18,0.11,24%,25%,1/4,22,37,22,8,7,4
2025-08-23T21:48:30.873371,mada,mada,NRG,https://www.vlr.gg/player/5132/mada,5132,"['Raze', 'Jett', 'Yoru']",4,"Raze, Jett, Yoru, (+1)",183,1.29,277.3,1.37,75%,173.6,0.97,0.19,0.20,0.21,22%,26%,5/19,30,178,130,35,37,39
2025-08-23T21:48:30.873371,bdog,bdog,FUR,https://www.vlr.gg/player/844/bdog,844,['Breach'],1,Breach,38,1.28,212.5,1.33,79%,125.5,0.74,0.55,0.05,0.00,35%,0%,0/8,16,28,21,21,2,0
2025-08-23T21:48:30.873371,aspas,aspas,MIBR,https://www.vlr.gg/player/8480/aspas,8480,"['Raze', 'Jett']",2,"Raze, Jett",373,1.26,248.8,1.38,77%,163.4,0.89,0.13,0.20,0.12,23%,7%,3/42,37,332,241,48,73,45
2025-08-23T21:48:30.873371,trent,trent,G2,https://www.vlr.gg/player/15500/trent,15500,"['Tejo', 'Sova']",2,"Tejo, Sova",221,1.26,217.2,1.42,75%,150.7,0.81,0.21,0.10,0.07,28%,26%,7/27,23,179,126,47,21,16
2025-08-23T21:48:30.873371,Shyy,Shyy,KRÜ,https://www.vlr.gg/player/24007/shyy,24007,"['Cypher', 'Viper', 'Vyse']",3,"Cypher, Viper, Vyse",246,1.20,213.1,1.22,77%,141.9,0.76,0.23,0.08,0.04,28%,24%,9/38,25,188,154,56,19,9
2025-08-23T21:48:30.873371,leaf,leaf,G2,https://www.vlr.gg/player/7873/leaf,7873,"['Viper', 'Chamber', 'Vyse']",3,"Viper, Chamber, Vyse",221,1.19,230.0,1.27,71%,151.6,0.84,0.20,0.15,0.09,27%,22%,7/32,24,186,146,44,34,19
2025-08-23T21:48:30.873371,dgzin,dgzin,LOUD,https://www.vlr.gg/player/8873/dgzin,8873,"['Raze', 'Jett']",2,"Raze, Jett",204,1.19,238.9,1.35,70%,156.1,0.86,0.12,0.21,0.12,26%,13%,2/16,28,175,130,25,42,24
2025-08-23T21:48:30.873371,jakee,jakee,FUR,https://www.vlr.gg/player/8742/jakee,8742,"['Clove', 'Omen']",2,"Clove, Omen",38,1.16,221.0,1.16,82%,141.7,0.76,0.47,0.03,0.11,25%,0%,,19,29,25,18,1,4
2025-08-23T21:48:30.873371,gobera,gobera,2G,https://www.vlr.gg/player/14950/gobera,14950,"['Vyse', 'Jett', 'Omen']",3,"Vyse, Jett, Omen",69,1.16,239.5,1.07,75%,157.2,0.84,0.29,0.10,0.06,32%,6%,1/18,23,58,54,20,7,4
2025-08-23T21:48:30.873371,Cryocells,Cryocells,100T,https://www.vlr.gg/player/4147/cryocells,4147,"['Clove', 'Brimstone', 'Sage']",4,"Clove, Brimstone, Sage, (+1)",170,1.15,233.9,1.20,81%,154.1,0.81,0.24,0.14,0.08,29%,20%,4/20,24,138,115,41,23,13
2025-08-23T21:48:30.873371,Melser,Melser,KRÜ,https://www.vlr.gg/player/1311/melser,1311,"['Omen', 'Astra', 'Brimstone']",3,"Omen, Astra, Brimstone",246,1.14,204.0,1.23,78%,125.7,0.74,0.36,0.10,0.07,33%,26%,7/27,26,182,148,88,24,16
2025-08-23T21:48:30.873371,s0m,s0m,NRG,https://www.vlr.gg/player/4164/s0m,4164,"['Brimstone', 'Viper', 'Omen']",5,"Brimstone, Viper, Omen, (+2)",183,1.11,215.0,1.10,81%,134.1,0.75,0.44,0.10,0.08,24%,11%,2/18,30,138,125,81,19,14
2025-08-23T21:48:30.873371,Khalil,Khalil,FUR,https://www.vlr.gg/player/1711/khalil,1711,"['Omen', 'Brimstone']",2,"Omen, Brimstone",80,1.10,211.3,1.07,79%,137.1,0.78,0.26,0.09,0.04,39%,7%,1/14,19,62,58,21,7,3
2025-08-23T21:48:30.873371,eeiu,eeiu,100T,https://www.vlr.gg/player/796/eeiu,796,"['Fade', 'Tejo']",2,"Fade, Tejo",170,1.09,198.1,1.21,78%,129.0,0.76,0.32,0.06,0.05,41%,17%,4/23,26,129,107,55,10,8
2025-08-23T21:48:30.873371,johnqt,johnqt,SEN,https://www.vlr.gg/player/1265/johnqt,1265,"['Tejo', 'Sova', 'Viper']",3,"Tejo, Sova, Viper",370,1.09,186.5,1.05,74%,127.9,0.65,0.27,0.06,0.05,27%,10%,4/40,27,242,231,100,24,18
2025-08-23T21:48:30.873371,kiNgg,kiNgg,LEV,https://www.vlr.gg/player/8549/kingg,8549,"['Omen', 'Astra', 'Breach']",3,"Omen, Astra, Breach",148,1.09,216.0,1.08,80%,138.4,0.76,0.39,0.09,0.09,32%,16%,3/19,20,112,104,57,14,13
2025-08-23T21:48:30.873371,pANcada,pANcada,LOUD,https://www.vlr.gg/player/683/pancada,683,"['Astra', 'Omen', 'Brimstone']",3,"Astra, Omen, Brimstone",204,1.08,193.4,1.08,75%,129.0,0.70,0.31,0.08,0.05,39%,5%,2/38,20,142,131,63,17,11
2025-08-23T21:48:30.873371,stellar,stellar,FUR,https://www.vlr.gg/player/733/stellar,733,['Tejo'],1,Tejo,38,1.08,204.5,1.21,76%,143.3,0.76,0.29,0.11,0.16,19%,100%,2/2,15,29,24,11,4,6
2025-08-23T21:48:30.884163,JonahP,JonahP,G2,https://www.vlr.gg/player/4581/jonahp,4581,"['Breach', 'Vyse']",2,"Breach, Vyse",221,1.05,178.9,1.04,78%,113.7,0.65,0.51,0.05,0.06,24%,18%,4/22,18,144,138,113,12,13
2025-08-23T21:48:30.884163,nataNk,nataNk,LEV,https://www.vlr.gg/player/5004/natank,5004,"['Breach', 'Skye', 'Fade']",5,"Breach, Skye, Fade, (+2)",148,1.05,207.1,1.07,76%,136.9,0.70,0.38,0.13,0.14,25%,27%,4/15,20,104,97,56,19,21
2025-08-23T21:48:30.884163,Asuna,Asuna,100T,https://www.vlr.gg/player/601/asuna,601,"['Neon', 'Raze', 'Kayo']",3,"Neon, Raze, Kayo",170,1.04,234.3,1.08,71%,149.7,0.78,0.28,0.19,0.16,22%,43%,6/14,23,132,122,47,33,27
2025-08-23T21:48:30.884163,zekken,zekken,SEN,https://www.vlr.gg/player/4004/zekken,4004,"['Yoru', 'Raze', 'Jett']",3,"Yoru, Raze, Jett",370,1.04,219.7,1.10,72%,144.3,0.79,0.22,0.19,0.18,23%,14%,5/37,32,291,264,81,71,68
2025-08-23T21:48:30.884163,xenom,xenom,MIBR,https://www.vlr.gg/player/20240/xenom,20240,"['Omen', 'Brimstone', 'Astra']",3,"Omen, Brimstone, Astra",373,1.04,182.6,1.03,76%,118.2,0.66,0.42,0.06,0.06,31%,17%,9/53,33,247,240,155,21,24
2025-08-23T21:48:30.884163,keznit,keznit,KRÜ,https://www.vlr.gg/player/2462/keznit,2462,"['Jett', 'Raze']",2,"Jett, Raze",246,1.03,214.6,1.10,73%,137.9,0.74,0.16,0.17,0.16,22%,17%,3/18,24,183,167,40,43,39
2025-08-23T21:48:30.884163,tex,tex,LEV,https://www.vlr.gg/player/1818/tex,1818,"['Cypher', 'Vyse', 'Killjoy']",3,"Cypher, Vyse, Killjoy",148,1.03,186.6,1.09,70%,123.3,0.70,0.09,0.06,0.11,36%,30%,6/20,17,104,95,14,9,16
2025-08-23T21:48:30.884163,valyn,valyn,G2,https://www.vlr.gg/player/3885/valyn,3885,"['Omen', 'Astra', 'Brimstone']",3,"Omen, Astra, Brimstone",221,1.03,187.5,1.03,72%,122.8,0.66,0.40,0.06,0.07,20%,29%,5/17,20,145,141,89,14,16
2025-08-23T21:48:30.884163,supamen,supamen,EG,https://www.vlr.gg/player/826/supamen,826,"['Omen', 'Astra', 'Brimstone']",3,"Omen, Astra, Brimstone",128,1.01,190.0,1.01,70%,123.2,0.69,0.29,0.09,0.08,35%,29%,5/17,25,88,87,37,11,10
2025-08-23T21:48:30.888567,Zellsis,Zellsis,SEN,https://www.vlr.gg/player/729/zellsis,729,"['Viper', 'Brimstone', 'Vyse']",5,"Viper, Brimstone, Vyse, (+2)",370,1.01,200.2,0.97,70%,129.9,0.69,0.35,0.08,0.11,24%,11%,6/54,31,254,261,129,29,40
2025-08-23T21:48:30.889230,Ethan,Ethan,NRG,https://www.vlr.gg/player/11225/ethan,11225,"['Breach', 'Omen', 'Tejo']",4,"Breach, Omen, Tejo, (+1)",183,1.01,188.0,0.94,72%,123.4,0.62,0.44,0.04,0.08,27%,25%,5/20,24,114,121,81,8,15
2025-08-23T21:48:30.889230,N4RRATE,N4RRATE,SEN,https://www.vlr.gg/player/36245/n4rrate,36245,"['Breach', 'Gekko', 'Fade']",5,"Breach, Gekko, Fade, (+2)",370,1.00,193.5,0.95,74%,124.8,0.66,0.38,0.07,0.08,23%,28%,9/32,21,244,258,140,27,28
2025-08-23T21:48:30.889230,bang,bang,SEN,https://www.vlr.gg/player/3880/bang,3880,"['Omen', 'Viper', 'Astra']",4,"Omen, Viper, Astra, (+1)",370,1.00,189.4,0.96,76%,123.8,0.65,0.41,0.08,0.09,34%,15%,5/33,24,242,252,152,31,34
2025-08-23T21:48:30.889230,v1c,v1c,C9,https://www.vlr.gg/player/17433/v1c,17433,"['Brimstone', 'Omen', 'Astra']",3,"Brimstone, Omen, Astra",152,0.97,174.0,0.91,72%,115.2,0.61,0.39,0.07,0.05,24%,26%,8/31,21,92,101,60,10,7
2025-08-23T21:48:30.889230,yay,yay,EG,https://www.vlr.gg/player/881/yay,881,"['Chamber', 'Phoenix', 'Astra']",4,"Chamber, Phoenix, Astra, (+1)",128,0.97,193.7,0.96,62%,129.3,0.66,0.20,0.16,0.10,30%,27%,3/11,18,85,89,25,20,13
2025-08-23T21:48:30.889230,jawgemo,jawgemo,G2,https://www.vlr.gg/player/3993/jawgemo,3993,"['Yoru', 'Raze']",2,"Yoru, Raze",221,0.97,217.3,0.99,72%,136.7,0.76,0.30,0.19,0.15,18%,17%,2/12,21,167,169,66,43,33
2025-08-23T21:48:30.889230,Xeppaa,Xeppaa,C9,https://www.vlr.gg/player/7871/xeppaa,7871,"['Clove', 'Tejo', 'Sova']",4,"Clove, Tejo, Sova, (+1)",152,0.96,194.6,0.93,71%,131.4,0.70,0.27,0.07,0.05,21%,17%,4/23,28,107,115,41,11,8
2025-08-23T21:48:30.889230,NaturE,NaturE,EG,https://www.vlr.gg/player/4927/nature,4927,"['Viper', 'Vyse', 'Breach']",3,"Viper, Vyse, Breach",128,0.95,171.7,0.90,69%,117.3,0.60,0.28,0.04,0.07,25%,21%,3/14,18,77,86,36,5,9
2025-08-23T21:48:30.889230,adverso,adverso,KRÜ,https://www.vlr.gg/player/3826/adverso,3826,"['Sova', 'Viper']",2,"Sova, Viper",246,0.94,186.3,0.93,71%,122.3,0.64,0.31,0.08,0.10,19%,29%,7/24,21,157,169,77,19,24
2025-08-23T21:48:30.889230,C0M,C0M,LEV,https://www.vlr.gg/player/619/c0m,619,"['Sova', 'Viper', 'Tejo']",3,"Sova, Viper, Tejo",148,0.94,195.9,0.97,74%,132.2,0.70,0.26,0.06,0.07,21%,17%,3/18,27,103,106,38,9,11
2025-08-23T21:48:30.889230,icy,icy,EG,https://www.vlr.gg/player/8402/icy,8402,"['Raze', 'Jett']",2,"Raze, Jett",128,0.94,216.5,0.96,66%,141.0,0.74,0.16,0.14,0.20,21%,6%,1/16,19,95,99,20,18,25
2025-08-23T21:48:30.889230,cauanzin,cauanzin,LOUD,https://www.vlr.gg/player/6193/cauanzin,6193,"['Tejo', 'Sova', 'Fade']",4,"Tejo, Sova, Fade, (+1)",204,0.94,211.4,0.93,65%,138.0,0.70,0.24,0.13,0.13,28%,13%,1/8,22,142,153,49,26,27
2025-08-23T21:48:30.889230,Verno,Verno,NRG,https://www.vlr.gg/player/21668/verno,21668,"['Sova', 'Fade', 'Vyse']",3,"Sova, Fade, Vyse",183,0.94,172.1,0.97,77%,114.4,0.63,0.23,0.06,0.07,33%,9%,2/23,24,116,120,42,11,12
2025-08-23T21:48:30.889230,nzr,nzr,MIBR,https://www.vlr.gg/player/725/nzr,725,"['Breach', 'Skye', 'Fade']",4,"Breach, Skye, Fade, (+1)",373,0.93,172.3,0.86,69%,118.8,0.58,0.33,0.04,0.03,27%,8%,4/49,23,216,250,122,14,13
2025-08-23T21:48:30.889230,Demon1,Demon1,LEV,https://www.vlr.gg/player/26171/demon1,26171,"['Jett', 'Raze', 'Yoru']",4,"Jett, Raze, Yoru, (+1)",148,0.90,198.1,0.93,70%,137.2,0.70,0.30,0.08,0.16,26%,0%,0/9,23,103,111,44,12,23
2025-08-23T21:48:30.889230,Add3r,Add3r,FUR,https://www.vlr.gg/player/4931/add3r,4931,"['Cypher', 'Vyse']",2,"Cypher, Vyse",38,0.89,194.5,1.00,66%,126.2,0.74,0.08,0.11,0.16,33%,0%,0/1,18,28,28,3,4,6
2025-08-23T21:48:30.889230,Mazino,Mazino,KRÜ,https://www.vlr.gg/player/7603/mazino,7603,"['Breach', 'Skye', 'Kayo']",3,"Breach, Skye, Kayo",246,0.89,182.5,0.89,72%,118.3,0.65,0.45,0.09,0.13,27%,10%,2/20,21,159,178,110,22,31
2025-08-23T21:48:30.889230,zander,zander,100T,https://www.vlr.gg/player/8082/zander,8082,"['Omen', 'Viper', 'Astra']",3,"Omen, Viper, Astra",170,0.89,171.6,0.88,74%,106.7,0.59,0.33,0.11,0.10,25%,21%,4/19,19,100,113,56,18,17
2025-08-23T21:48:30.889230,tuyz,tuyz,LOUD,https://www.vlr.gg/player/2408/tuyz,2408,"['Cypher', 'Deadlock']",2,"Cypher, Deadlock",204,0.88,158.6,0.84,70%,103.0,0.55,0.25,0.08,0.08,31%,35%,6/17,16,113,134,50,17,17
2025-08-23T21:48:30.889230,v1nny,v1nny,LOUD,https://www.vlr.gg/player/1586/v1nny,1586,"['Breach', 'Kayo']",2,"Breach, Kayo",204,0.88,153.8,0.82,72%,108.2,0.54,0.39,0.03,0.08,34%,12%,3/25,20,111,135,79,7,16
2025-08-23T21:48:30.889230,OXY,OXY,C9,https://www.vlr.gg/player/18796/oxy,18796,"['Raze', 'Jett', 'Yoru']",3,"Raze, Jett, Yoru",152,0.88,222.0,0.93,66%,145.7,0.78,0.20,0.16,0.22,23%,17%,1/6,24,118,127,30,25,33
2025-08-23T21:48:30.889230,mwzera,mwzera,FUR,https://www.vlr.gg/player/939/mwzera,939,"['Sova', 'Skye', 'Breach']",3,"Sova, Skye, Breach",80,0.87,166.3,0.80,66%,111.6,0.55,0.29,0.09,0.09,18%,0%,0/8,16,44,55,23,7,7
2025-08-23T21:48:30.889230,cortezia,cortezia,MIBR,https://www.vlr.gg/player/5395/cortezia,5395,"['Killjoy', 'Cypher', 'Vyse']",4,"Killjoy, Cypher, Vyse, (+1)",373,0.86,184.4,0.92,67%,125.6,0.66,0.18,0.08,0.08,34%,6%,2/33,29,245,267,67,31,30
2025-08-23T21:48:30.889230,havoc,havoc,FUR,https://www.vlr.gg/player/8706/havoc,8706,"['Jett', 'Raze']",2,"Jett, Raze",80,0.86,220.0,0.86,70%,146.8,0.71,0.23,0.18,0.16,24%,0%,0/6,15,57,66,18,14,13
2025-08-23T21:48:30.889230,artzin,artzin,MIBR,https://www.vlr.gg/player/5957/artzin,5957,"['Tejo', 'Deadlock', 'Viper']",7,"Tejo, Deadlock, Viper, (+4)",373,0.85,192.8,0.84,68%,126.4,0.65,0.30,0.13,0.19,18%,18%,4/22,28,243,288,112,49,71
2025-08-23T21:48:30.889230,Derrek,Derrek,EG,https://www.vlr.gg/player/1533/derrek,1533,"['Skye', 'Sova', 'Tejo']",3,"Skye, Sova, Tejo",128,0.85,174.8,0.83,73%,115.3,0.61,0.34,0.04,0.09,35%,5%,1/19,20,78,94,44,5,12
2025-08-23T21:48:30.889230,neT,neT,C9,https://www.vlr.gg/player/6582/net,6582,"['Killjoy', 'Deadlock', 'Astra']",4,"Killjoy, Deadlock, Astra, (+1)",152,0.83,174.7,0.86,68%,116.2,0.63,0.23,0.09,0.10,40%,10%,2/20,18,95,110,35,13,15
2025-08-23T21:48:30.889230,mitch,mitch,C9,https://www.vlr.gg/player/612/mitch,612,"['Tejo', 'Breach', 'Kayo']",3,"Tejo, Breach, Kayo",152,0.80,163.0,0.71,67%,103.2,0.52,0.47,0.08,0.12,20%,14%,2/14,17,79,111,71,12,18
2025-08-23T21:48:30.889230,lz,lz,2G,https://www.vlr.gg/player/6195/lz,6195,"['Omen', 'Astra', 'Tejo']",3,"Omen, Astra, Tejo",69,0.80,171.3,0.74,61%,118.0,0.61,0.26,0.12,0.17,44%,20%,2/10,14,42,57,18,8,12
2025-08-23T21:48:30.889230,FiNESSE,FiNESSE,NRG,https://www.vlr.gg/player/817/finesse,817,"['Killjoy', 'Vyse', 'Breach']",5,"Killjoy, Vyse, Breach, (+2)",183,0.79,145.1,0.68,68%,99.6,0.47,0.32,0.05,0.10,18%,5%,1/20,16,86,126,59,9,18
2025-08-23T21:48:30.904304,heat,heat,FUR,https://www.vlr.gg/player/8673/heat,8673,"['Cypher', 'Viper']",2,"Cypher, Viper",80,0.79,172.5,0.83,61%,116.1,0.61,0.09,0.09,0.13,41%,11%,1/9,16,49,59,7,7,10
2025-08-23T21:48:30.904304,silentzz,silentzz,2G,https://www.vlr.gg/player/11921/silentzz,11921,"['Yoru', 'Raze']",2,"Yoru, Raze",69,0.75,188.5,0.71,65%,122.1,0.64,0.16,0.22,0.16,40%,0%,0/9,16,44,62,11,15,11
2025-08-23T21:48:30.904304,pryze,pryze,2G,https://www.vlr.gg/player/662/pryze,662,"['Breach', 'Sova', 'Viper']",3,"Breach, Sova, Viper",69,0.70,149.5,0.62,71%,96.0,0.46,0.30,0.03,0.01,23%,0%,0/11,13,32,52,21,2,1
2025-08-23T21:48:30.904304,Boostio,Boostio,100T,https://www.vlr.gg/player/604/boostio,604,"['Breach', 'Gekko', 'Killjoy']",4,"Breach, Gekko, Killjoy, (+1)",170,0.69,138.0,0.68,69%,85.7,0.48,0.33,0.05,0.07,23%,7%,1/14,14,81,119,56,9,12
2025-08-23T21:48:30.904304,raafa,raafa,FUR,https://www.vlr.gg/player/25743/raafa,25743,"['Breach', 'Sage', 'Kayo']",3,"Breach, Sage, Kayo",80,0.60,136.3,0.56,55%,93.7,0.44,0.25,0.03,0.13,21%,8%,1/12,12,35,63,20,2,10
2025-08-23T21:48:30.904304,Zap,Zap,2G,https://www.vlr.gg/player/3169/zap,3169,"['Tejo', 'Omen', 'Breach']",3,"Tejo, Omen, Breach",69,0.51,128.3,0.49,62%,92.8,0.41,0.25,0.03,0.10,19%,0%,0/4,9,28,57,17,2,7
