match_id,match_title,event,date,format,teams,score,maps_played,patch,pick_ban_info,match_url
509801,Cloud9 vs FURIA,VCT 2025: Americas Stage 2,2025-07-18 17:00:00,Bo3,Cloud9 vs FURIA,2 - 0,2,Patch 11.0,FUR ban Lotus; C9 ban Icebox; FUR pick Haven; C9 pick Bind; FUR ban Sunset; C9 ban Ascent; Corrode remains,https://www.vlr.gg/509801/cloud9-vs-furia-vct-2025-americas-stage-2-w1
509802,LEVIATÁN vs LOUD,VCT 2025: Americas Stage 2,2025-07-18 19:10:00,Bo3,LEVIATÁN vs LOUD,1 - 2,3,Patch 11.0,LEV ban Corrode; LOUD ban Lotus; LEV pick Bind; LOUD pick Ascent; LEV ban Sunset; LOUD ban Haven; Icebox remains,https://www.vlr.gg/509802/leviat-n-vs-loud-vct-2025-americas-stage-2-w1
509803,Evil Geniuses vs 2Game Esports,VCT 2025: Americas Stage 2,2025-07-19 17:00:00,Bo3,Evil Geniuses vs 2Game Esports,2 - 1,3,Patch 11.0,2G ban Icebox; EG ban Corrode; 2G pick Sunset; EG pick Lotus; 2G ban Bind; EG ban Haven; Ascent remains,https://www.vlr.gg/509803/evil-geniuses-vs-2game-esports-vct-2025-americas-stage-2-w1
509804,MIBR vs VISA KRÜ(KRÜ Esports),VCT 2025: Americas Stage 2,2025-07-19 20:25:00,Bo3,MIBR vs VISA KRÜ(KRÜ Esports),1 - 2,3,Patch 11.0,KRÜ ban Icebox; MIBR ban Bind; KRÜ pick Corrode; MIBR pick Ascent; KRÜ ban Lotus; MIBR ban Sunset; Haven remains,https://www.vlr.gg/509804/mibr-vs-kr-esports-vct-2025-americas-stage-2-w1
509805,100 Thieves vs NRG,VCT 2025: Americas Stage 2,2025-07-20 17:00:00,Bo3,100 Thieves vs NRG,2 - 0,2,Patch 11.0,100T ban Lotus; NRG ban Haven; 100T pick Bind; NRG pick Sunset; 100T ban Icebox; NRG ban Ascent; Corrode remains,https://www.vlr.gg/509805/100-thieves-vs-nrg-vct-2025-americas-stage-2-w1
509806,Sentinels vs G2 Esports,VCT 2025: Americas Stage 2,2025-07-20 19:00:00,Bo3,Sentinels vs G2 Esports,2 - 1,3,Patch 11.0,SEN ban Bind; G2 ban Sunset; SEN pick Corrode; G2 pick Ascent; SEN ban Icebox; G2 ban Haven; Lotus remains,https://www.vlr.gg/509806/sentinels-vs-g2-esports-vct-2025-americas-stage-2-w1
509807,2Game Esports vs G2 Esports,VCT 2025: Americas Stage 2,2025-07-25 17:00:00,Bo3,2Game Esports vs G2 Esports,0 - 2,2,Patch 11.0,2G ban Icebox; G2 ban Sunset; 2G pick Ascent; G2 pick Haven; 2G ban Corrode; G2 ban Bind; Lotus remains,https://www.vlr.gg/509807/2game-esports-vs-g2-esports-vct-2025-americas-stage-2-w2
509808,FURIA vs Sentinels,VCT 2025: Americas Stage 2,2025-07-25 19:10:00,Bo3,FURIA vs Sentinels,0 - 2,2,Patch 11.0,SEN ban Ascent; FUR ban Lotus; SEN pick Sunset; FUR pick Icebox; SEN ban Bind; FUR ban Haven; Corrode remains,https://www.vlr.gg/509808/furia-vs-sentinels-vct-2025-americas-stage-2-w2
509809,100 Thieves vs VISA KRÜ(KRÜ Esports),VCT 2025: Americas Stage 2,2025-07-26 17:00:00,Bo3,100 Thieves vs VISA KRÜ(KRÜ Esports),2 - 0,2,Patch 11.0,KRÜ ban Haven; 100T ban Lotus; KRÜ pick Corrode; 100T pick Bind; KRÜ ban Icebox; 100T ban Ascent; Sunset remains,https://www.vlr.gg/509809/100-thieves-vs-kr-esports-vct-2025-americas-stage-2-w2
509810,NRG vs LOUD,VCT 2025: Americas Stage 2,2025-07-26 19:00:00,Bo3,NRG vs LOUD,2 - 0,2,Patch 11.0,LOUD ban Lotus; NRG ban Sunset; LOUD pick Haven; NRG pick Corrode; LOUD ban Icebox; NRG ban Ascent; Bind remains,https://www.vlr.gg/509810/nrg-vs-loud-vct-2025-americas-stage-2-w2
509811,Cloud9 vs Evil Geniuses,VCT 2025: Americas Stage 2,2025-07-27 17:00:00,Bo3,Cloud9 vs Evil Geniuses,2 - 0,2,Patch 11.0,EG ban Sunset; C9 ban Icebox; EG pick Lotus; C9 pick Haven; EG ban Corrode; C9 ban Ascent; Bind remains,https://www.vlr.gg/509811/cloud9-vs-evil-geniuses-vct-2025-americas-stage-2-w2
509812,MIBR vs LEVIATÁN,VCT 2025: Americas Stage 2,2025-07-27 19:25:00,Bo3,MIBR vs LEVIATÁN,0 - 2,2,Patch 11.0,MIBR ban Ascent; LEV ban Icebox; MIBR pick Lotus; LEV pick Sunset; MIBR ban Haven; LEV ban Corrode; Bind remains,https://www.vlr.gg/509812/mibr-vs-leviat-n-vct-2025-americas-stage-2-w2
509813,2Game Esports vs FURIA,VCT 2025: Americas Stage 2,2025-08-01 17:00:00,Bo3,2Game Esports vs FURIA,2 - 1,3,Patch 11.0,FUR ban Lotus; 2G ban Icebox; FUR pick Corrode; 2G pick Sunset; FUR ban Haven; 2G ban Bind; Ascent remains,https://www.vlr.gg/509813/2game-esports-vs-furia-vct-2025-americas-stage-2-w3
509814,LEVIATÁN vs NRG,VCT 2025: Americas Stage 2,2025-08-01 20:05:00,Bo3,LEVIATÁN vs NRG,1 - 2,3,Patch 11.0,NRG ban Sunset; LEV ban Corrode; NRG pick Lotus; LEV pick Haven; NRG ban Bind; LEV ban Ascent; Icebox remains,https://www.vlr.gg/509814/leviat-n-vs-nrg-vct-2025-americas-stage-2-w3
509815,Sentinels vs Cloud9,VCT 2025: Americas Stage 2,2025-08-02 17:00:00,Bo3,Sentinels vs Cloud9,2 - 0,2,Patch 11.0,SEN ban Ascent; C9 ban Sunset; SEN pick Lotus; C9 pick Haven; SEN ban Bind; C9 ban Icebox; Corrode remains,https://www.vlr.gg/509815/sentinels-vs-cloud9-vct-2025-americas-stage-2-w3
509816,MIBR vs 100 Thieves,VCT 2025: Americas Stage 2,2025-08-02 19:15:00,Bo3,MIBR vs 100 Thieves,2 - 0,2,Patch 11.0,MIBR ban Ascent; 100T ban Lotus; MIBR pick Icebox; 100T pick Bind; MIBR ban Sunset; 100T ban Corrode; Haven remains,https://www.vlr.gg/509816/mibr-vs-100-thieves-vct-2025-americas-stage-2-w3
509817,G2 Esports vs Evil Geniuses,VCT 2025: Americas Stage 2,2025-08-03 17:00:00,Bo3,G2 Esports vs Evil Geniuses,2 - 1,3,Patch 11.0,G2 ban Lotus; EG ban Sunset; G2 pick Corrode; EG pick Haven; G2 ban Bind; EG ban Icebox; Ascent remains,https://www.vlr.gg/509817/g2-esports-vs-evil-geniuses-vct-2025-americas-stage-2-w3
509818,LOUD vs VISA KRÜ(KRÜ Esports),VCT 2025: Americas Stage 2,2025-08-03 20:15:00,Bo3,LOUD vs VISA KRÜ(KRÜ Esports),1 - 2,3,Patch 11.0,LOUD ban Lotus; KRÜ ban Sunset; LOUD pick Haven; KRÜ pick Bind; LOUD ban Icebox; KRÜ ban Corrode; Ascent remains,https://www.vlr.gg/509818/loud-vs-kr-esports-vct-2025-americas-stage-2-w3
509819,Cloud9 vs 2Game Esports,VCT 2025: Americas Stage 2,2025-08-08 17:00:00,Bo3,Cloud9 vs 2Game Esports,2 - 0,2,Patch 11.0,C9 ban Sunset; 2G ban Icebox; C9 pick Bind; 2G pick Lotus; C9 ban Haven; 2G ban Corrode; Ascent remains,https://www.vlr.gg/509819/cloud9-vs-2game-esports-vct-2025-americas-stage-2-w4
509820,MIBR vs NRG,VCT 2025: Americas Stage 2,2025-08-08 19:00:00,Bo3,MIBR vs NRG,0 - 2,2,Patch 11.0,NRG ban Icebox; MIBR ban Corrode; NRG pick Lotus; MIBR pick Bind; NRG ban Sunset; MIBR ban Ascent; Haven remains,https://www.vlr.gg/509820/mibr-vs-nrg-vct-2025-americas-stage-2-w4
509821,Sentinels vs Evil Geniuses,VCT 2025: Americas Stage 2,2025-08-09 17:00:00,Bo3,Sentinels vs Evil Geniuses,2 - 0,2,Patch 11.0,SEN ban Ascent; EG ban Sunset; SEN pick Lotus; EG pick Corrode; SEN ban Icebox; EG ban Haven; Bind remains,https://www.vlr.gg/509821/sentinels-vs-evil-geniuses-vct-2025-americas-stage-2-w4
509822,LEVIATÁN vs VISA KRÜ(KRÜ Esports),VCT 2025: Americas Stage 2,2025-08-09 19:15:00,Bo3,LEVIATÁN vs VISA KRÜ(KRÜ Esports),2 - 1,3,Patch 11.0,LEV ban Icebox; KRÜ ban Sunset; LEV pick Bind; KRÜ pick Haven; LEV ban Corrode; KRÜ ban Lotus; Ascent remains,https://www.vlr.gg/509822/leviat-n-vs-kr-esports-vct-2025-americas-stage-2-w4
509823,FURIA vs G2 Esports,VCT 2025: Americas Stage 2,2025-08-10 17:00:00,Bo3,FURIA vs G2 Esports,0 - 2,2,Patch 11.0,FUR ban Lotus; G2 ban Icebox; FUR pick Corrode; G2 pick Ascent; FUR ban Haven; G2 ban Bind; Sunset remains,https://www.vlr.gg/509823/furia-vs-g2-esports-vct-2025-americas-stage-2-w4
509824,LOUD vs 100 Thieves,VCT 2025: Americas Stage 2,2025-08-10 19:00:00,Bo3,LOUD vs 100 Thieves,1 - 2,3,Patch 11.0,LOUD ban Haven; 100T ban Icebox; LOUD pick Sunset; 100T pick Bind; LOUD ban Corrode; 100T ban Ascent; Lotus remains,https://www.vlr.gg/509824/loud-vs-100-thieves-vct-2025-americas-stage-2-w4
509825,VISA KRÜ(KRÜ Esports) vs NRG,VCT 2025: Americas Stage 2,2025-08-15 17:00:00,Bo3,VISA KRÜ(KRÜ Esports) vs NRG,1 - 2,3,Patch 11.0,KRÜ ban Icebox; NRG ban Bind; KRÜ pick Sunset; NRG pick Lotus; KRÜ ban Corrode; NRG ban Ascent; Haven remains,https://www.vlr.gg/509825/kr-esports-vs-nrg-vct-2025-americas-stage-2-w5
509826,100 Thieves vs LEVIATÁN,VCT 2025: Americas Stage 2,2025-08-15 20:05:00,Bo3,100 Thieves vs LEVIATÁN,1 - 2,3,Patch 11.0,100T ban Icebox; LEV ban Bind; 100T pick Haven; LEV pick Sunset; 100T ban Ascent; LEV ban Corrode; Lotus remains,https://www.vlr.gg/509826/100-thieves-vs-leviat-n-vct-2025-americas-stage-2-w5
509827,FURIA vs Evil Geniuses,VCT 2025: Americas Stage 2,2025-08-16 17:00:00,Bo3,FURIA vs Evil Geniuses,0 - 2,2,Patch 11.0,EG ban Sunset; FUR ban Lotus; EG pick Corrode; FUR pick Ascent; EG ban Haven; FUR ban Bind; Icebox remains,https://www.vlr.gg/509827/furia-vs-evil-geniuses-vct-2025-americas-stage-2-w5
509829,2Game Esports vs Sentinels,VCT 2025: Americas Stage 2,2025-08-16 19:20:00,Bo3,2Game Esports vs Sentinels,1 - 2,3,Patch 11.0,2G ban Icebox; SEN ban Ascent; 2G pick Sunset; SEN pick Lotus; 2G ban Corrode; SEN ban Bind; Haven remains,https://www.vlr.gg/509829/2game-esports-vs-sentinels-vct-2025-americas-stage-2-w5
509830,G2 Esports vs Cloud9,VCT 2025: Americas Stage 2,2025-08-17 17:00:00,Bo3,G2 Esports vs Cloud9,2 - 0,2,Patch 11.0,G2 ban Bind; C9 ban Corrode; G2 pick Ascent; C9 pick Lotus; G2 ban Icebox; C9 ban Sunset; Haven remains,https://www.vlr.gg/509830/g2-esports-vs-cloud9-vct-2025-americas-stage-2-w5
509831,MIBR vs LOUD,VCT 2025: Americas Stage 2,2025-08-17 19:30:00,Bo3,MIBR vs LOUD,2 - 0,2,Patch 11.0,MIBR ban Corrode; LOUD ban Haven; MIBR pick Icebox; LOUD pick Sunset; MIBR ban Ascent; LOUD ban Bind; Lotus remains,https://www.vlr.gg/509831/mibr-vs-loud-vct-2025-americas-stage-2-w5
530902,LEVIATÁN vs Cloud9,VCT 2025: Americas Stage 2,2025-08-21 17:00:00,Bo3,LEVIATÁN vs Cloud9,1 - 2,3,Patch 11.0,C9 ban Sunset; LEV ban Bind; C9 pick Corrode; LEV pick Haven; C9 ban Ascent; LEV ban Icebox; Lotus remains,https://www.vlr.gg/530902/leviat-n-vs-cloud9-vct-2025-americas-stage-2-ur1
530903,G2 Esports vs 100 Thieves,VCT 2025: Americas Stage 2,2025-08-21 20:45:00,Bo3,G2 Esports vs 100 Thieves,2 - 0,2,Patch 11.0,100T ban Lotus; G2 ban Bind; 100T pick Sunset; G2 pick Haven; 100T ban Ascent; G2 ban Icebox; Corrode remains,https://www.vlr.gg/530903/g2-esports-vs-100-thieves-vct-2025-americas-stage-2-ur1
530906,Sentinels vs Cloud9,VCT 2025: Americas Stage 2,2025-08-22 17:00:00,Bo3,Sentinels vs Cloud9,2 - 1,3,Patch 11.0,SEN ban Ascent; C9 ban Sunset; SEN pick Corrode; C9 pick Icebox; SEN ban Bind; C9 ban Haven; Lotus remains,https://www.vlr.gg/530906/sentinels-vs-cloud9-vct-2025-americas-stage-2-ubsf
530907,NRG vs G2 Esports,VCT 2025: Americas Stage 2,2025-08-22 20:35:00,Bo3,NRG vs G2 Esports,1 - 2,3,Patch 11.0,NRG ban Ascent; G2 ban Icebox; NRG pick Corrode; G2 pick Sunset; NRG ban Lotus; G2 ban Haven; Bind remains,https://www.vlr.gg/530907/nrg-vs-g2-esports-vct-2025-americas-stage-2-ubsf
530904,LEVIATÁN vs VISA KRÜ(KRÜ Esports),VCT 2025: Americas Stage 2,2025-08-23 17:00:00,Bo3,LEVIATÁN vs VISA KRÜ(KRÜ Esports),2 - 1,3,Patch 11.0,LEV ban Bind; KRÜ ban Icebox; LEV pick Lotus; KRÜ pick Sunset; LEV ban Corrode; KRÜ ban Ascent; Haven remains,https://www.vlr.gg/530904/leviat-n-vs-kr-esports-vct-2025-americas-stage-2-lr1
530905,100 Thieves vs Evil Geniuses,VCT 2025: Americas Stage 2,2025-08-23 20:25:00,Bo3,100 Thieves vs Evil Geniuses,2 - 0,2,Patch 11.0,100T ban Lotus; EG ban Sunset; 100T pick Bind; EG pick Corrode; 100T ban Icebox; EG ban Haven; Ascent remains,https://www.vlr.gg/530905/100-thieves-vs-evil-geniuses-vct-2025-americas-stage-2-lr1
530908,NRG vs LEVIATÁN,VCT 2025: Americas Stage 2,2025-08-24 17:00:00,Bo3,NRG vs LEVIATÁN,2 - 0,2,Patch 11.0,LEV ban Corrode; NRG ban Bind; LEV pick Ascent; NRG pick Icebox; LEV ban Lotus; NRG ban Sunset; Haven remains,https://www.vlr.gg/530908/nrg-vs-leviat-n-vct-2025-americas-stage-2-lr2
530909,Cloud9 vs 100 Thieves,VCT 2025: Americas Stage 2,2025-08-24 18:50:00,Bo3,Cloud9 vs 100 Thieves,2 - 0,2,Patch 11.0,100T ban Lotus; C9 ban Bind; 100T pick Haven; C9 pick Icebox; 100T ban Ascent; C9 ban Sunset; Corrode remains,https://www.vlr.gg/530909/cloud9-vs-100-thieves-vct-2025-americas-stage-2-lr2
530910,Sentinels vs G2 Esports,VCT 2025: Americas Stage 2,2025-08-29 17:00:00,Bo3,Sentinels vs G2 Esports,0 - 2,2,Patch 11.0,G2 ban Corrode; SEN ban Ascent; G2 pick Bind; SEN pick Sunset; G2 ban Lotus; SEN ban Icebox; Haven remains,https://www.vlr.gg/530910/sentinels-vs-g2-esports-vct-2025-americas-stage-2-ubf
530911,NRG vs Cloud9,VCT 2025: Americas Stage 2,2025-08-29 19:30:00,Bo3,NRG vs Cloud9,2 - 1,3,Patch 11.0,NRG ban Bind; C9 ban Icebox; NRG pick Haven; C9 pick Corrode; NRG ban Sunset; C9 ban Ascent; Lotus remains,https://www.vlr.gg/530911/nrg-vs-cloud9-vct-2025-americas-stage-2-lr3
536985,Team Alpha vs Team Omega,VCT 2025: Americas Stage 2,2025-08-30 17:00:00,Bo1,Team Alpha vs Team Omega,1 - 0,1,Patch 11.0,N/A,https://www.vlr.gg/536985/team-alpha-vs-team-omega-vct-2025-americas-stage-2-override
530912,Sentinels vs NRG,VCT 2025: Americas Stage 2,2025-08-30 18:00:00,Bo5,Sentinels vs NRG,1 - 3,4,Patch 11.0,SEN ban Ascent; NRG ban Bind; SEN pick Lotus; NRG pick Icebox; SEN pick Sunset; NRG pick Corrode; Haven remains,https://www.vlr.gg/530912/sentinels-vs-nrg-vct-2025-americas-stage-2-lbf
530913,G2 Esports vs NRG,VCT 2025: Americas Stage 2,2025-08-31 17:00:00,Bo5,G2 Esports vs NRG,3 - 0,3,Patch 11.0,G2 ban Corrode; G2 ban Icebox; G2 pick Bind; NRG pick Lotus; G2 pick Ascent; NRG pick Haven; Sunset remains,https://www.vlr.gg/530913/g2-esports-vs-nrg-vct-2025-americas-stage-2-gf
