scraped_at,date,match_url,match_id,time,team1,score1,team2,score2,score,winner,status,week,stage
2025-09-01T08:47:38.841560,"Sat, July 19, 2025",https://www.vlr.gg/509801/cloud9-vs-furia-vct-2025-americas-stage-2-w1,509801,2:30 AM,Cloud9,2,FURIA,0,2-0,Cloud9,Completed,Week 1,Group Stage
2025-09-01T08:47:38.942802,"Sat, July 19, 2025",https://www.vlr.gg/509802/leviat-n-vs-loud-vct-2025-americas-stage-2-w1,509802,4:40 AM,LEVIATÁN,1,LOUD,2,1-2,LOUD,Completed,Week 1,Group Stage
2025-09-01T08:47:39.043763,"Sun, July 20, 2025",https://www.vlr.gg/509803/evil-geniuses-vs-2game-esports-vct-2025-americas-stage-2-w1,509803,2:30 AM,Evil Geniuses,2,2Game Esports,1,2-1,Evil Geniuses,Completed,Week 1,Group Stage
2025-09-01T08:47:39.145138,"Sun, July 20, 2025",https://www.vlr.gg/509804/mibr-vs-kr-esports-vct-2025-americas-stage-2-w1,509804,5:55 AM,MIBR,1,KRÜ Esports,2,1-2,KRÜ Esports,Completed,Week 1,Group Stage
2025-09-01T08:47:39.246257,"Mon, July 21, 2025",https://www.vlr.gg/509805/100-thieves-vs-nrg-vct-2025-americas-stage-2-w1,509805,2:30 AM,100 Thieves,2,NRG,0,2-0,100 Thieves,Completed,Week 1,Group Stage
2025-09-01T08:47:39.347557,"Mon, July 21, 2025",https://www.vlr.gg/509806/sentinels-vs-g2-esports-vct-2025-americas-stage-2-w1,509806,4:30 AM,Sentinels,2,G2 Esports,1,2-1,Sentinels,Completed,Week 1,Group Stage
2025-09-01T08:47:39.448402,"Sat, July 26, 2025",https://www.vlr.gg/509807/2game-esports-vs-g2-esports-vct-2025-americas-stage-2-w2,509807,2:30 AM,2Game Esports,0,G2 Esports,2,0-2,G2 Esports,Completed,Week 2,Group Stage
2025-09-01T08:47:39.549866,"Sat, July 26, 2025",https://www.vlr.gg/509808/furia-vs-sentinels-vct-2025-americas-stage-2-w2,509808,4:40 AM,FURIA,0,Sentinels,2,0-2,Sentinels,Completed,Week 2,Group Stage
2025-09-01T08:47:39.650858,"Sun, July 27, 2025",https://www.vlr.gg/509809/100-thieves-vs-kr-esports-vct-2025-americas-stage-2-w2,509809,2:30 AM,100 Thieves,2,KRÜ Esports,0,2-0,100 Thieves,Completed,Week 2,Group Stage
2025-09-01T08:47:39.752290,"Sun, July 27, 2025",https://www.vlr.gg/509810/nrg-vs-loud-vct-2025-americas-stage-2-w2,509810,4:30 AM,NRG,2,LOUD,0,2-0,NRG,Completed,Week 2,Group Stage
2025-09-01T08:47:39.854132,"Mon, July 28, 2025",https://www.vlr.gg/509811/cloud9-vs-evil-geniuses-vct-2025-americas-stage-2-w2,509811,2:30 AM,Cloud9,2,Evil Geniuses,0,2-0,Cloud9,Completed,Week 2,Group Stage
2025-09-01T08:47:39.955083,"Mon, July 28, 2025",https://www.vlr.gg/509812/mibr-vs-leviat-n-vct-2025-americas-stage-2-w2,509812,4:55 AM,MIBR,0,LEVIATÁN,2,0-2,LEVIATÁN,Completed,Week 2,Group Stage
2025-09-01T08:47:40.056953,"Sat, August 2, 2025",https://www.vlr.gg/509813/2game-esports-vs-furia-vct-2025-americas-stage-2-w3,509813,2:30 AM,2Game Esports,2,FURIA,1,2-1,2Game Esports,Completed,Week 3,Group Stage
2025-09-01T08:47:40.158434,"Sat, August 2, 2025",https://www.vlr.gg/509814/leviat-n-vs-nrg-vct-2025-americas-stage-2-w3,509814,5:35 AM,LEVIATÁN,1,NRG,2,1-2,NRG,Completed,Week 3,Group Stage
2025-09-01T08:47:40.259593,"Sun, August 3, 2025",https://www.vlr.gg/509815/sentinels-vs-cloud9-vct-2025-americas-stage-2-w3,509815,2:30 AM,Sentinels,2,Cloud9,0,2-0,Sentinels,Completed,Week 3,Group Stage
2025-09-01T08:47:40.360917,"Sun, August 3, 2025",https://www.vlr.gg/509816/mibr-vs-100-thieves-vct-2025-americas-stage-2-w3,509816,4:45 AM,MIBR,2,100 Thieves,0,2-0,MIBR,Completed,Week 3,Group Stage
2025-09-01T08:47:40.462595,"Mon, August 4, 2025",https://www.vlr.gg/509817/g2-esports-vs-evil-geniuses-vct-2025-americas-stage-2-w3,509817,2:30 AM,G2 Esports,2,Evil Geniuses,1,2-1,G2 Esports,Completed,Week 3,Group Stage
2025-09-01T08:47:40.563860,"Mon, August 4, 2025",https://www.vlr.gg/509818/loud-vs-kr-esports-vct-2025-americas-stage-2-w3,509818,5:45 AM,LOUD,1,KRÜ Esports,2,1-2,KRÜ Esports,Completed,Week 3,Group Stage
2025-09-01T08:47:40.664999,"Sat, August 9, 2025",https://www.vlr.gg/509819/cloud9-vs-2game-esports-vct-2025-americas-stage-2-w4,509819,2:30 AM,Cloud9,2,2Game Esports,0,2-0,Cloud9,Completed,Week 4,Group Stage
2025-09-01T08:47:40.765643,"Sat, August 9, 2025",https://www.vlr.gg/509820/mibr-vs-nrg-vct-2025-americas-stage-2-w4,509820,4:30 AM,MIBR,0,NRG,2,0-2,NRG,Completed,Week 4,Group Stage
2025-09-01T08:47:40.867181,"Sun, August 10, 2025",https://www.vlr.gg/509821/sentinels-vs-evil-geniuses-vct-2025-americas-stage-2-w4,509821,2:30 AM,Sentinels,2,Evil Geniuses,0,2-0,Sentinels,Completed,Week 4,Group Stage
2025-09-01T08:47:40.968638,"Sun, August 10, 2025",https://www.vlr.gg/509822/leviat-n-vs-kr-esports-vct-2025-americas-stage-2-w4,509822,4:45 AM,LEVIATÁN,2,KRÜ Esports,1,2-1,LEVIATÁN,Completed,Week 4,Group Stage
2025-09-01T08:47:41.069557,"Mon, August 11, 2025",https://www.vlr.gg/509823/furia-vs-g2-esports-vct-2025-americas-stage-2-w4,509823,2:30 AM,FURIA,0,G2 Esports,2,0-2,G2 Esports,Completed,Week 4,Group Stage
2025-09-01T08:47:41.170842,"Mon, August 11, 2025",https://www.vlr.gg/509824/loud-vs-100-thieves-vct-2025-americas-stage-2-w4,509824,4:30 AM,LOUD,1,100 Thieves,2,1-2,100 Thieves,Completed,Week 4,Group Stage
2025-09-01T08:47:41.271992,"Sat, August 16, 2025",https://www.vlr.gg/509825/kr-esports-vs-nrg-vct-2025-americas-stage-2-w5,509825,2:30 AM,KRÜ Esports,1,NRG,2,1-2,NRG,Completed,Week 5,Group Stage
2025-09-01T08:47:41.373240,"Sat, August 16, 2025",https://www.vlr.gg/509826/100-thieves-vs-leviat-n-vct-2025-americas-stage-2-w5,509826,5:35 AM,100 Thieves,1,LEVIATÁN,2,1-2,LEVIATÁN,Completed,Week 5,Group Stage
2025-09-01T08:47:41.474507,"Sun, August 17, 2025",https://www.vlr.gg/509827/furia-vs-evil-geniuses-vct-2025-americas-stage-2-w5,509827,2:30 AM,FURIA,0,Evil Geniuses,2,0-2,Evil Geniuses,Completed,Week 5,Group Stage
2025-09-01T08:47:41.576161,"Sun, August 17, 2025",https://www.vlr.gg/509829/2game-esports-vs-sentinels-vct-2025-americas-stage-2-w5,509829,4:50 AM,2Game Esports,1,Sentinels,2,1-2,Sentinels,Completed,Week 5,Group Stage
2025-09-01T08:47:41.677724,"Mon, August 18, 2025",https://www.vlr.gg/509830/g2-esports-vs-cloud9-vct-2025-americas-stage-2-w5,509830,2:30 AM,G2 Esports,2,Cloud9,0,2-0,G2 Esports,Completed,Week 5,Group Stage
2025-09-01T08:47:41.778529,"Mon, August 18, 2025",https://www.vlr.gg/509831/mibr-vs-loud-vct-2025-americas-stage-2-w5,509831,5:00 AM,MIBR,2,LOUD,0,2-0,MIBR,Completed,Week 5,Group Stage
2025-09-01T08:47:41.880200,"Fri, August 22, 2025",https://www.vlr.gg/530902/leviat-n-vs-cloud9-vct-2025-americas-stage-2-ur1,530902,2:30 AM,LEVIATÁN,1,Cloud9,2,1-2,Cloud9,Completed,Upper Round 1,Playoffs
2025-09-01T08:47:41.981752,"Fri, August 22, 2025",https://www.vlr.gg/530903/g2-esports-vs-100-thieves-vct-2025-americas-stage-2-ur1,530903,6:15 AM,G2 Esports,2,100 Thieves,0,2-0,G2 Esports,Completed,Upper Round 1,Playoffs
2025-09-01T08:47:42.083561,"Sat, August 23, 2025",https://www.vlr.gg/530906/sentinels-vs-cloud9-vct-2025-americas-stage-2-ubsf,530906,2:30 AM,Sentinels,2,Cloud9,1,2-1,Sentinels,Completed,Upper Semifinals,Playoffs
2025-09-01T08:47:42.185035,"Sat, August 23, 2025",https://www.vlr.gg/530907/nrg-vs-g2-esports-vct-2025-americas-stage-2-ubsf,530907,6:05 AM,NRG,1,G2 Esports,2,1-2,G2 Esports,Completed,Upper Semifinals,Playoffs
2025-09-01T08:47:42.286067,"Sun, August 24, 2025",https://www.vlr.gg/530904/leviat-n-vs-kr-esports-vct-2025-americas-stage-2-lr1,530904,2:30 AM,LEVIATÁN,2,KRÜ Esports,1,2-1,LEVIATÁN,Completed,Lower Round 1,Playoffs
2025-09-01T08:47:42.387617,"Sun, August 24, 2025",https://www.vlr.gg/530905/100-thieves-vs-evil-geniuses-vct-2025-americas-stage-2-lr1,530905,5:55 AM,100 Thieves,2,Evil Geniuses,0,2-0,100 Thieves,Completed,Lower Round 1,Playoffs
2025-09-01T08:47:42.489025,"Mon, August 25, 2025",https://www.vlr.gg/530908/nrg-vs-leviat-n-vct-2025-americas-stage-2-lr2,530908,2:30 AM,NRG,2,LEVIATÁN,0,2-0,NRG,Completed,Lower Round 2,Playoffs
2025-09-01T08:47:42.589880,"Mon, August 25, 2025",https://www.vlr.gg/530909/cloud9-vs-100-thieves-vct-2025-americas-stage-2-lr2,530909,4:20 AM,Cloud9,2,100 Thieves,0,2-0,Cloud9,Completed,Lower Round 2,Playoffs
2025-09-01T08:47:42.691489,"Sat, August 30, 2025",https://www.vlr.gg/530910/sentinels-vs-g2-esports-vct-2025-americas-stage-2-ubf,530910,2:30 AM,Sentinels,0,G2 Esports,2,0-2,G2 Esports,Completed,Upper Final,Playoffs
2025-09-01T08:47:42.792561,"Sat, August 30, 2025",https://www.vlr.gg/530911/nrg-vs-cloud9-vct-2025-americas-stage-2-lr3,530911,5:00 AM,NRG,2,Cloud9,1,2-1,NRG,Completed,Lower Round 3,Playoffs
2025-09-01T08:47:42.895007,"Sun, August 31, 2025Yesterday",https://www.vlr.gg/536985/team-alpha-vs-team-omega-vct-2025-americas-stage-2-override,536985,2:30 AM,Team Alpha,13,Team Omega,4,13-4,Team Alpha,Completed,Override,Showmatch
2025-09-01T08:47:42.996193,"Sun, August 31, 2025Yesterday",https://www.vlr.gg/530912/sentinels-vs-nrg-vct-2025-americas-stage-2-lbf,530912,3:30 AM,Sentinels,1,NRG,3,1-3,NRG,Completed,Lower Final,Playoffs
2025-09-01T08:47:43.097293,"Mon, September 1, 2025Today",https://www.vlr.gg/530913/g2-esports-vs-nrg-vct-2025-americas-stage-2-gf,530913,2:30 AM,G2 Esports,3,NRG,0,3-0,G2 Esports,Completed,Grand Final,Playoffs
