Match ID,Map,Player,Team,Agent,2K,3K,4K,5K,1v1,1v2,1v3,1v4,1v5,ECON,PL,DE
509801,Haven,mitch,C9,Skye,1,2,1,0,1,0,0,0,0,75,3,1
509801,Haven,neT,C9,Viper,4,0,0,0,1,1,0,0,0,39,2,0
509801,Haven,Xeppaa,C9,Killjoy,2,0,0,0,0,0,0,0,0,70,1,1
509801,Haven,v1c,C9,Omen,3,0,0,0,0,0,0,0,0,63,3,0
509801,Haven,OXY,C9,Jett,7,0,1,0,0,0,0,0,0,65,0,0
509801,Haven,tuyz,FUR,Omen,1,0,0,0,1,0,0,0,0,30,1,1
509801,Haven,adverso,FUR,Sova,1,0,0,0,1,0,0,0,0,63,1,0
509801,Haven,Urango,FUR,Killjoy,1,0,0,0,0,0,0,0,0,36,0,0
509801,Haven,heat,FUR,Viper,2,2,0,0,0,0,0,0,0,40,0,0
509801,Haven,Palla,FUR,Neon,3,0,0,0,0,0,0,0,0,51,0,0
509801,Bind,mitch,C9,Skye,0,1,0,0,0,0,0,0,0,55,2,0
509801,Bind,neT,C9,Viper,2,1,1,0,0,0,0,1,0,68,1,0
509801,Bind,Xeppaa,C9,Vyse,4,2,1,0,0,0,0,0,0,90,0,0
509801,Bind,v1c,C9,Brimstone,2,1,0,0,0,0,0,0,0,65,1,1
509801,Bind,OXY,C9,Raze,5,1,1,0,0,0,0,0,0,85,1,1
509801,Bind,tuyz,FUR,Brimstone,1,0,0,0,1,0,0,0,0,33,1,0
509801,Bind,adverso,FUR,Deadlock,2,0,0,0,0,0,0,0,0,30,0,1
509801,Bind,Urango,FUR,Skye,1,0,0,0,0,0,0,0,0,22,4,0
509801,Bind,heat,FUR,Viper,0,0,0,0,0,0,0,0,0,39,0,0
509801,Bind,Palla,FUR,Raze,1,0,1,0,0,0,0,0,0,48,0,0
509802,Bind,C0M,LEV,Fade,2,0,0,0,1,0,0,0,0,38,0,0
509802,Bind,tex,LEV,Gekko,4,0,0,0,0,0,0,0,0,40,8,1
509802,Bind,Okeanos,LEV,Brimstone,4,1,0,0,0,0,0,0,0,48,0,1
509802,Bind,kiNgg,LEV,Viper,1,0,0,0,0,0,0,0,0,41,1,0
509802,Bind,Sato,LEV,Yoru,5,3,0,1,0,0,0,0,0,85,0,1
509802,Bind,pANcada,LOUD,Brimstone,2,0,0,0,1,0,0,0,0,28,2,1
509802,Bind,Virtyy,LOUD,Raze,4,4,0,0,0,0,0,0,0,66,1,0
509802,Bind,RobbieBk,LOUD,Skye,0,1,0,0,0,0,0,0,0,52,0,0
509802,Bind,cauanzin,LOUD,Gekko,2,0,0,0,0,0,0,0,0,31,7,0
509802,Bind,lukxo,LOUD,Viper,5,0,0,0,0,0,0,0,0,66,0,0
509802,Ascent,C0M,LEV,Sova,6,0,1,0,0,0,0,0,0,94,1,0
509802,Ascent,tex,LEV,Cypher,2,0,1,0,0,0,0,0,0,42,1,0
509802,Ascent,Okeanos,LEV,Kayo,0,0,0,0,0,0,0,0,0,26,1,0
509802,Ascent,kiNgg,LEV,Omen,0,0,0,0,0,0,0,0,0,23,1,0
509802,Ascent,Sato,LEV,Jett,5,0,1,0,0,0,0,0,0,63,0,0
509802,Ascent,pANcada,LOUD,Omen,1,0,0,0,0,0,0,0,0,35,0,0
509802,Ascent,Virtyy,LOUD,Jett,3,1,1,0,0,0,0,0,0,74,0,1
509802,Ascent,RobbieBk,LOUD,Sova,3,1,0,0,0,1,0,0,0,34,0,0
509802,Ascent,cauanzin,LOUD,Kayo,3,1,0,0,0,0,0,0,0,48,4,0
509802,Ascent,lukxo,LOUD,Cypher,2,2,0,1,0,0,0,0,0,79,0,0
509802,Icebox,C0M,LEV,Sova,2,0,0,0,0,0,0,0,0,35,0,1
509802,Icebox,tex,LEV,Killjoy,2,1,0,0,0,0,0,0,0,40,1,0
509802,Icebox,Okeanos,LEV,Harbor,5,2,0,0,0,0,0,0,0,49,4,0
509802,Icebox,kiNgg,LEV,Viper,3,1,1,0,1,0,0,0,0,72,1,2
509802,Icebox,Sato,LEV,Jett,2,0,1,0,0,1,0,0,0,45,0,0
509802,Icebox,pANcada,LOUD,Viper,7,1,0,0,0,0,1,0,0,81,1,1
509802,Icebox,Virtyy,LOUD,Jett,3,1,0,0,0,0,0,0,0,51,0,1
509802,Icebox,RobbieBk,LOUD,Killjoy,0,1,1,0,0,0,0,0,0,41,1,1
509802,Icebox,cauanzin,LOUD,Sova,3,0,0,0,0,0,0,0,0,40,5,0
509802,Icebox,lukxo,LOUD,Omen,4,1,0,0,0,0,0,0,0,62,1,0
509803,Sunset,supamen,EG,Omen,3,1,0,0,1,1,0,0,0,38,1,0
509803,Sunset,yay,EG,Jett,2,0,0,0,0,0,0,0,0,46,0,0
509803,Sunset,Derrek,EG,Sova,4,0,0,0,0,0,0,0,0,49,3,0
509803,Sunset,NaturE,EG,Kayo,2,1,0,0,0,0,0,0,0,43,3,0
509803,Sunset,icy,EG,Cypher,1,0,0,0,0,0,0,0,0,56,0,0
509803,Sunset,pryze,2G,Sova,1,0,0,0,0,0,0,0,0,27,1,0
509803,Sunset,lz,2G,Omen,2,2,0,0,0,1,0,0,0,70,0,0
509803,Sunset,silentzz,2G,Cypher,1,1,0,0,0,0,0,0,0,45,1,0
509803,Sunset,gobera,2G,Breach,1,2,0,0,2,0,0,0,0,53,5,0
509803,Sunset,spike,2G,Neon,6,1,2,0,0,1,0,0,0,112,0,1
509803,Lotus,supamen,EG,Viper,2,0,0,0,0,0,0,0,0,39,1,0
509803,Lotus,yay,EG,Clove,5,0,0,0,0,0,0,0,0,52,1,0
509803,Lotus,Derrek,EG,Chamber,4,3,1,0,0,0,0,0,0,84,1,2
509803,Lotus,NaturE,EG,Fade,1,0,0,0,0,0,0,0,0,25,6,1
509803,Lotus,icy,EG,Raze,5,0,1,0,1,0,0,0,0,51,1,1
509803,Lotus,pryze,2G,Fade,4,1,0,0,0,0,0,0,0,60,0,1
509803,Lotus,lz,2G,Omen,4,1,0,0,0,0,0,0,0,56,3,0
509803,Lotus,silentzz,2G,Cypher,5,0,0,0,1,0,0,0,0,38,0,0
509803,Lotus,gobera,2G,Breach,1,0,0,0,1,0,0,0,0,33,7,2
509803,Lotus,spike,2G,Neon,1,3,0,0,0,1,0,0,0,59,0,0
509803,Ascent,supamen,EG,Omen,3,0,0,0,0,0,0,0,0,43,0,0
509803,Ascent,yay,EG,Jett,3,1,0,1,0,0,0,0,0,51,0,2
509803,Ascent,Derrek,EG,Sova,5,2,0,0,0,0,1,0,0,121,0,2
509803,Ascent,NaturE,EG,Kayo,3,1,0,0,0,0,0,0,0,59,2,0
509803,Ascent,icy,EG,Cypher,1,0,0,0,0,0,0,0,0,30,1,0
509803,Ascent,pryze,2G,Sova,3,1,0,0,0,0,0,0,0,48,1,0
509803,Ascent,lz,2G,Omen,2,0,0,0,0,0,0,0,0,37,0,0
509803,Ascent,silentzz,2G,Jett,4,2,1,0,0,0,0,0,0,81,0,0
509803,Ascent,gobera,2G,Cypher,0,0,0,0,0,0,0,0,0,19,0,0
509803,Ascent,spike,2G,Kayo,5,0,0,0,0,0,0,0,0,40,5,0
509804,Corrode,cortezia,MIBR,Vyse,2,1,0,0,0,0,0,0,0,48,0,1
509804,Corrode,artzin,MIBR,Yoru,3,1,0,0,0,0,0,0,0,48,0,0
509804,Corrode,aspas,MIBR,Raze,5,1,0,0,0,0,0,0,0,62,0,2
509804,Corrode,xenom,MIBR,Astra,0,0,0,0,0,0,0,0,0,46,1,0
509804,Corrode,Verno,MIBR,Fade,1,1,0,0,0,0,0,0,0,67,5,0
509804,Corrode,Melser,KRÜ,Fade,2,0,0,0,0,0,0,0,0,49,6,0
509804,Corrode,keznit,KRÜ,Omen,3,1,0,0,0,0,0,0,0,51,0,0
509804,Corrode,Mazino,KRÜ,Viper,1,2,0,0,0,0,0,0,0,55,0,0
509804,Corrode,Shyy,KRÜ,Vyse,3,0,0,0,0,0,0,0,0,42,1,0
509804,Corrode,Dantedeu5,KRÜ,Neon,1,0,0,0,0,0,0,0,0,30,0,1
509804,Ascent,cortezia,MIBR,Killjoy,1,0,0,0,0,0,0,0,0,33,0,0
509804,Ascent,artzin,MIBR,Kayo,0,0,0,0,0,0,0,0,0,32,2,0
509804,Ascent,aspas,MIBR,Jett,4,0,0,0,0,0,0,0,0,80,0,0
509804,Ascent,xenom,MIBR,Omen,0,1,0,0,0,0,0,0,0,47,1,0
509804,Ascent,Verno,MIBR,Sova,1,0,0,0,0,0,0,0,0,16,1,0
509804,Ascent,Melser,KRÜ,Omen,2,0,0,0,0,0,0,0,0,72,0,0
509804,Ascent,keznit,KRÜ,Yoru,0,2,2,0,0,0,1,0,0,100,0,3
509804,Ascent,Mazino,KRÜ,Sova,2,2,0,0,0,0,0,0,0,64,2,0
509804,Ascent,Shyy,KRÜ,Cypher,4,0,0,0,1,0,0,0,0,42,0,0
509804,Ascent,Dantedeu5,KRÜ,Jett,1,0,0,0,0,0,0,0,0,60,0,0
509804,Haven,cortezia,MIBR,Cypher,6,0,0,0,1,0,0,0,0,61,0,0
509804,Haven,artzin,MIBR,Iso,3,1,1,0,0,1,0,0,0,59,2,1
509804,Haven,aspas,MIBR,Yoru,2,0,0,0,0,0,0,0,0,38,1,0
509804,Haven,xenom,MIBR,Omen,2,1,0,0,1,0,0,0,0,64,1,0
509804,Haven,Verno,MIBR,Sova,1,0,0,0,1,0,0,0,0,31,3,1
509804,Haven,Melser,KRÜ,Omen,2,1,0,1,0,0,0,0,0,52,3,0
509804,Haven,keznit,KRÜ,Iso,3,1,1,0,0,1,0,0,0,87,1,0
509804,Haven,Mazino,KRÜ,Sova,6,0,0,0,0,0,0,0,0,58,2,1
509804,Haven,Shyy,KRÜ,Cypher,1,0,0,0,0,0,0,0,0,39,4,1
509804,Haven,Dantedeu5,KRÜ,Yoru,4,0,0,0,0,0,0,0,0,45,0,0
509805,Bind,Asuna,100T,Raze,3,0,0,0,0,0,0,0,0,57,0,2
509805,Bind,eeiu,100T,Fade,2,0,1,0,0,0,0,0,0,34,1,0
509805,Bind,Cryocells,100T,Yoru,1,3,0,0,0,0,0,0,0,54,0,1
509805,Bind,zander,100T,Viper,4,1,0,0,0,1,0,0,0,46,1,1
509805,Bind,Kess,100T,Brimstone,4,1,0,0,1,0,0,0,0,63,2,0
509805,Bind,brawk,NRG,Fade,2,0,0,0,0,0,0,0,0,37,2,0
509805,Bind,s0m,NRG,Brimstone,2,1,0,0,1,0,0,0,0,48,0,0
509805,Bind,mada,NRG,Raze,0,2,0,0,0,0,0,0,0,44,0,1
509805,Bind,skuba,NRG,Viper,1,2,0,0,0,0,0,0,0,67,2,0
509805,Bind,Ethan,NRG,Kayo,2,2,0,0,0,0,0,0,0,50,3,0
509805,Sunset,Asuna,100T,Neon,1,1,1,0,0,0,0,0,0,63,0,1
509805,Sunset,eeiu,100T,Sova,4,1,1,0,1,0,0,0,0,89,0,1
509805,Sunset,Cryocells,100T,Yoru,4,0,0,0,0,0,0,0,0,45,0,0
509805,Sunset,zander,100T,Omen,3,1,1,0,0,0,0,0,0,79,2,0
509805,Sunset,Kess,100T,Cypher,2,0,0,1,0,0,0,0,0,66,1,0
509805,Sunset,brawk,NRG,Sova,2,1,0,0,0,0,0,0,0,67,2,0
509805,Sunset,s0m,NRG,Deadlock,0,0,0,0,0,0,0,0,0,26,0,0
509805,Sunset,mada,NRG,Neon,1,1,0,0,0,0,0,0,0,38,0,0
509805,Sunset,skuba,NRG,Viper,1,0,1,0,0,2,0,0,0,38,1,0
509805,Sunset,Ethan,NRG,Omen,1,0,0,0,0,0,0,0,0,44,0,0
509806,Corrode,Zellsis,SEN,Vyse,2,0,0,0,0,0,0,0,0,54,2,0
509806,Corrode,johnqt,SEN,Viper,2,1,0,0,0,0,0,0,0,52,5,0
509806,Corrode,bang,SEN,Omen,4,1,0,0,1,0,0,0,0,60,1,1
509806,Corrode,zekken,SEN,Neon,4,3,0,0,0,1,0,0,0,68,0,0
509806,Corrode,N4RRATE,SEN,Fade,2,1,0,0,0,0,0,0,0,61,2,1
509806,Corrode,BABYBAY,G2,Vyse,2,0,0,0,0,0,0,0,0,32,0,0
509806,Corrode,valyn,G2,Omen,2,1,0,0,0,0,0,0,0,45,2,0
509806,Corrode,jawgemo,G2,Yoru,1,0,0,1,0,0,0,0,0,51,0,0
509806,Corrode,JonahP,G2,Viper,0,0,0,0,1,0,0,0,0,38,1,1
509806,Corrode,trent,G2,Sova,1,3,0,0,0,0,0,0,0,91,5,0
509806,Ascent,Zellsis,SEN,Deadlock,0,2,0,0,0,0,0,0,0,41,0,0
509806,Ascent,johnqt,SEN,Cypher,2,1,0,0,0,0,0,0,0,55,0,0
509806,Ascent,bang,SEN,Omen,0,1,0,0,0,0,0,0,0,48,2,0
509806,Ascent,zekken,SEN,Yoru,2,0,0,0,0,0,0,0,0,35,1,0
509806,Ascent,N4RRATE,SEN,Sova,3,0,0,0,0,0,0,0,0,55,3,1
509806,Ascent,BABYBAY,G2,Chamber,1,0,0,0,0,0,0,0,0,44,0,0
509806,Ascent,valyn,G2,Omen,3,2,0,0,0,0,0,0,0,38,2,0
509806,Ascent,jawgemo,G2,Yoru,2,1,1,0,0,0,0,0,0,51,0,1
509806,Ascent,JonahP,G2,Vyse,4,0,0,0,1,0,0,0,0,58,2,1
509806,Ascent,trent,G2,Sova,3,0,2,0,0,1,0,0,0,85,6,1
509806,Lotus,Zellsis,SEN,Vyse,1,3,0,0,1,1,0,0,0,56,0,1
509806,Lotus,johnqt,SEN,Viper,2,0,0,0,0,0,0,0,0,49,3,1
509806,Lotus,bang,SEN,Omen,3,1,0,0,0,0,0,0,0,40,1,0
509806,Lotus,zekken,SEN,Raze,2,4,1,0,0,0,0,0,0,67,0,2
509806,Lotus,N4RRATE,SEN,Fade,3,1,0,0,0,1,0,0,0,36,4,1
509806,Lotus,BABYBAY,G2,Viper,1,1,0,0,0,0,0,0,0,39,1,0
509806,Lotus,valyn,G2,Omen,4,3,0,0,0,0,0,0,0,70,3,0
509806,Lotus,jawgemo,G2,Yoru,3,1,0,0,0,0,0,0,0,44,0,1
509806,Lotus,JonahP,G2,Fade,3,0,1,0,1,0,0,0,0,39,1,0
509806,Lotus,trent,G2,Tejo,3,1,0,0,0,1,0,0,0,25,3,2
509807,Ascent,pryze,2G,Sova,4,0,0,0,2,0,0,0,0,66,1,1
509807,Ascent,lz,2G,Omen,3,0,0,0,2,0,0,0,0,47,1,1
509807,Ascent,silentzz,2G,Jett,5,1,0,0,0,0,0,0,0,53,0,1
509807,Ascent,gobera,2G,Cypher,1,0,0,0,0,0,0,0,0,31,0,0
509807,Ascent,spike,2G,Kayo,1,1,0,0,1,0,0,0,0,47,2,0
509807,Ascent,BABYBAY,G2,Chamber,1,1,0,0,0,0,0,0,0,50,0,0
509807,Ascent,valyn,G2,Omen,1,0,0,0,0,0,0,0,0,39,2,0
509807,Ascent,jawgemo,G2,Yoru,9,0,0,0,0,0,0,0,0,66,1,1
509807,Ascent,JonahP,G2,Vyse,4,1,0,0,0,1,0,0,0,61,2,1
509807,Ascent,trent,G2,Sova,3,2,0,0,0,0,0,0,0,61,4,0
509807,Haven,pryze,2G,Sova,1,0,0,0,1,0,0,0,0,60,4,0
509807,Haven,lz,2G,Omen,0,0,0,0,0,0,0,0,0,37,1,0
509807,Haven,silentzz,2G,Iso,1,0,0,0,0,0,0,0,0,53,0,0
509807,Haven,gobera,2G,Cypher,1,0,0,0,0,0,0,0,0,43,1,0
509807,Haven,spike,2G,Yoru,5,0,0,0,0,0,0,0,0,53,0,0
509807,Haven,BABYBAY,G2,Vyse,1,0,0,0,0,0,0,0,0,39,1,2
509807,Haven,valyn,G2,Omen,4,4,0,0,0,1,0,0,0,101,2,0
509807,Haven,jawgemo,G2,Yoru,1,0,0,0,0,0,0,0,0,33,0,0
509807,Haven,JonahP,G2,Viper,4,2,0,0,1,0,0,0,0,91,1,0
509807,Haven,trent,G2,Fade,4,0,1,0,0,0,0,0,0,51,1,1
509808,Sunset,tuyz,FUR,Omen,2,0,0,0,0,0,0,0,0,33,0,0
509808,Sunset,adverso,FUR,Sova,1,1,1,0,0,1,0,0,0,63,1,1
509808,Sunset,Urango,FUR,Sage,1,0,0,0,0,0,0,0,0,31,3,0
509808,Sunset,heat,FUR,Viper,1,1,0,0,1,0,0,0,0,42,0,0
509808,Sunset,Palla,FUR,Neon,0,2,0,0,0,0,0,0,0,42,0,0
509808,Sunset,Zellsis,SEN,Breach,3,0,0,0,0,1,0,0,0,55,3,2
509808,Sunset,johnqt,SEN,Cypher,1,1,0,0,1,0,0,0,0,58,0,0
509808,Sunset,bang,SEN,Omen,1,1,0,0,0,0,0,0,0,66,0,0
509808,Sunset,zekken,SEN,Neon,6,3,0,0,0,0,0,0,0,95,0,0
509808,Sunset,N4RRATE,SEN,Fade,4,1,0,0,0,0,0,0,0,83,0,1
509808,Icebox,tuyz,FUR,Omen,0,0,0,0,0,0,0,0,0,27,0,0
509808,Icebox,adverso,FUR,Sova,1,1,0,0,0,0,0,0,0,42,1,0
509808,Icebox,Urango,FUR,Killjoy,1,0,0,0,0,0,0,0,0,30,0,0
509808,Icebox,heat,FUR,Viper,2,0,0,0,0,0,0,0,0,60,0,0
509808,Icebox,Palla,FUR,Waylay,1,1,0,0,0,0,0,0,0,60,0,0
509808,Icebox,Zellsis,SEN,Killjoy,4,1,0,0,0,1,0,0,0,78,1,0
509808,Icebox,johnqt,SEN,Sage,2,0,0,0,0,0,0,0,0,48,7,0
509808,Icebox,bang,SEN,Viper,2,1,0,0,0,0,0,0,0,88,2,0
509808,Icebox,zekken,SEN,Jett,3,0,0,0,0,0,0,0,0,45,0,0
509808,Icebox,N4RRATE,SEN,Sova,3,2,0,0,0,0,0,0,0,104,2,1
509809,Corrode,Asuna,100T,Yoru,4,1,0,0,1,0,0,0,0,61,0,1
509809,Corrode,eeiu,100T,Sova,6,1,0,0,0,0,0,0,0,91,0,1
509809,Corrode,Cryocells,100T,Chamber,1,1,0,0,0,0,0,0,0,58,0,0
509809,Corrode,zander,100T,Omen,2,0,0,0,0,0,0,0,0,42,0,0
509809,Corrode,Kess,100T,Fade,1,1,0,0,0,0,0,0,0,69,4,1
509809,Corrode,Melser,KRÜ,Fade,0,0,0,0,0,0,0,0,0,20,4,0
509809,Corrode,keznit,KRÜ,Omen,1,0,0,0,0,0,0,0,0,47,1,0
509809,Corrode,Mazino,KRÜ,Viper,2,0,0,0,0,0,0,0,0,25,1,0
509809,Corrode,Shyy,KRÜ,Vyse,2,0,0,0,0,0,0,0,0,56,1,0
509809,Corrode,Dantedeu5,KRÜ,Neon,1,0,1,0,0,0,0,0,0,49,0,0
509809,Bind,Asuna,100T,Raze,5,1,1,0,1,0,0,0,0,99,2,2
509809,Bind,eeiu,100T,Fade,1,1,0,0,0,0,0,0,0,36,0,0
509809,Bind,Cryocells,100T,Yoru,3,0,0,0,0,0,0,0,0,31,0,0
509809,Bind,zander,100T,Viper,3,2,0,0,0,0,0,0,0,84,0,0
509809,Bind,Kess,100T,Brimstone,3,0,0,0,0,0,0,0,0,42,7,0
509809,Bind,Melser,KRÜ,Brimstone,2,1,0,0,0,0,0,0,0,55,2,1
509809,Bind,keznit,KRÜ,Skye,1,1,0,0,0,0,0,0,0,36,0,0
509809,Bind,Mazino,KRÜ,Viper,1,0,0,0,0,0,0,0,0,39,0,0
509809,Bind,Shyy,KRÜ,Vyse,1,0,0,0,0,0,0,0,0,45,1,0
509809,Bind,Dantedeu5,KRÜ,Raze,2,1,0,0,0,0,0,0,0,44,0,0
509810,Haven,brawk,NRG,Sova,3,0,1,0,0,0,0,0,0,139,2,1
509810,Haven,s0m,NRG,Viper,2,0,1,0,0,0,0,0,0,67,1,0
509810,Haven,mada,NRG,Neon,6,1,0,0,0,0,0,0,0,47,0,1
509810,Haven,skuba,NRG,Killjoy,0,0,0,0,0,0,0,0,0,68,2,0
509810,Haven,Ethan,NRG,Omen,3,1,0,0,0,0,0,0,0,61,4,0
509810,Haven,pANcada,LOUD,Omen,2,1,0,0,0,0,0,0,0,40,0,0
509810,Haven,Virtyy,LOUD,Neon,2,0,0,0,0,0,0,0,0,46,1,0
509810,Haven,RobbieBk,LOUD,Sova,1,0,0,0,0,0,0,0,0,37,0,1
509810,Haven,cauanzin,LOUD,Breach,1,0,0,0,0,0,0,0,0,41,1,1
509810,Haven,lukxo,LOUD,Cypher,3,0,0,0,0,0,0,0,0,55,0,0
509810,Corrode,brawk,NRG,Sova,0,1,3,0,1,0,0,0,0,76,1,0
509810,Corrode,s0m,NRG,Omen,4,1,0,0,0,0,0,0,0,73,2,0
509810,Corrode,mada,NRG,Waylay,0,3,0,0,0,0,0,0,0,50,1,0
509810,Corrode,skuba,NRG,Viper,1,3,0,0,0,0,0,0,0,67,1,0
509810,Corrode,Ethan,NRG,Kayo,0,1,0,0,0,0,0,0,0,43,5,0
509810,Corrode,pANcada,LOUD,Omen,3,0,0,0,0,0,0,0,0,32,0,0
509810,Corrode,Virtyy,LOUD,Neon,4,1,0,0,0,0,0,0,0,47,0,1
509810,Corrode,RobbieBk,LOUD,Fade,1,0,0,0,0,0,0,0,0,25,1,1
509810,Corrode,cauanzin,LOUD,Vyse,4,1,0,0,1,1,0,0,0,61,3,1
509810,Corrode,lukxo,LOUD,Viper,2,0,0,0,0,0,0,0,0,43,0,0
509811,Lotus,mitch,C9,Fade,4,0,0,0,0,0,0,0,0,65,8,0
509811,Lotus,neT,C9,Viper,2,0,1,0,0,0,0,0,0,70,1,1
509811,Lotus,Xeppaa,C9,Vyse,1,0,1,0,0,1,0,0,0,64,1,1
509811,Lotus,v1c,C9,Omen,4,1,0,0,0,0,0,0,0,69,0,0
509811,Lotus,OXY,C9,Neon,7,0,0,0,0,0,0,0,0,88,1,0
509811,Lotus,supamen,EG,Viper,3,0,0,0,0,0,0,0,0,54,1,1
509811,Lotus,yay,EG,Clove,3,2,0,0,0,0,0,0,0,50,1,0
509811,Lotus,Derrek,EG,Tejo,2,0,0,0,0,0,0,0,0,50,1,1
509811,Lotus,NaturE,EG,Fade,1,0,0,0,0,0,0,0,0,33,2,0
509811,Lotus,icy,EG,Raze,2,2,0,0,1,0,0,0,0,39,0,1
509811,Haven,mitch,C9,Skye,3,0,1,0,1,0,0,0,0,61,6,0
509811,Haven,neT,C9,Viper,3,1,0,0,1,0,0,0,0,56,1,1
509811,Haven,Xeppaa,C9,Killjoy,2,1,0,0,0,0,0,0,0,35,0,0
509811,Haven,v1c,C9,Omen,5,2,0,0,0,0,0,1,0,59,3,0
509811,Haven,OXY,C9,Jett,2,1,1,0,0,0,0,0,0,43,0,0
509811,Haven,supamen,EG,Omen,5,0,0,0,0,0,0,0,0,39,0,0
509811,Haven,yay,EG,Jett,1,1,1,0,0,1,0,0,0,50,0,1
509811,Haven,Derrek,EG,Sova,3,1,0,0,0,0,0,0,0,75,0,0
509811,Haven,NaturE,EG,Breach,1,1,0,0,0,0,1,0,0,27,8,0
509811,Haven,icy,EG,Cypher,2,0,0,0,0,0,0,0,0,37,0,0
509812,Lotus,cortezia,MIBR,Vyse,3,0,0,0,0,1,0,0,0,51,0,1
509812,Lotus,artzin,MIBR,Yoru,3,2,0,0,0,1,0,0,0,57,0,1
509812,Lotus,aspas,MIBR,Raze,1,1,0,0,0,0,0,0,0,39,0,0
509812,Lotus,xenom,MIBR,Omen,4,0,0,0,0,0,0,0,0,37,1,0
509812,Lotus,Verno,MIBR,Fade,2,0,0,0,0,0,0,0,0,31,4,0
509812,Lotus,C0M,LEV,Fade,1,0,0,0,0,1,0,0,0,34,4,0
509812,Lotus,tex,LEV,Killjoy,1,0,1,0,0,0,0,0,0,42,1,0
509812,Lotus,Okeanos,LEV,Omen,3,0,0,0,1,0,0,0,0,38,3,1
509812,Lotus,kiNgg,LEV,Viper,2,6,0,0,1,0,0,0,0,101,0,1
509812,Lotus,Sato,LEV,Raze,0,1,1,0,0,0,0,0,0,72,1,0
509812,Sunset,cortezia,MIBR,Cypher,2,0,0,0,0,0,0,0,0,41,0,0
509812,Sunset,artzin,MIBR,Yoru,3,1,0,0,0,0,0,0,0,58,1,0
509812,Sunset,aspas,MIBR,Raze,1,0,0,0,1,0,0,0,0,43,0,0
509812,Sunset,xenom,MIBR,Omen,1,0,0,0,0,0,0,0,0,45,0,0
509812,Sunset,Verno,MIBR,Sova,1,0,0,0,0,0,0,0,0,44,1,0
509812,Sunset,C0M,LEV,Sova,1,0,1,0,1,0,0,0,0,65,0,2
509812,Sunset,tex,LEV,Vyse,2,1,0,0,0,0,0,0,0,59,1,0
509812,Sunset,Okeanos,LEV,Kayo,1,0,0,0,0,0,0,0,0,26,5,0
509812,Sunset,kiNgg,LEV,Omen,3,3,0,0,0,1,0,0,0,96,4,0
509812,Sunset,Sato,LEV,Neon,1,0,2,0,0,1,0,0,0,52,0,0
509813,Corrode,pryze,2G,Fade,3,1,0,0,1,0,0,0,0,58,5,1
509813,Corrode,lz,2G,Omen,1,1,0,0,0,0,0,0,0,28,2,0
509813,Corrode,silentzz,2G,Vyse,1,3,1,0,0,0,0,0,0,72,1,2
509813,Corrode,gobera,2G,Viper,2,2,0,0,1,0,0,0,0,40,0,0
509813,Corrode,spike,2G,Neon,5,0,0,0,0,0,0,0,0,45,0,1
509813,Corrode,tuyz,FUR,Omen,2,1,0,0,1,0,0,0,0,47,2,1
509813,Corrode,adverso,FUR,Fade,5,0,1,0,0,0,1,0,0,69,0,1
509813,Corrode,Urango,FUR,Sage,2,1,0,0,3,0,0,0,0,31,8,1
509813,Corrode,heat,FUR,Viper,4,1,0,0,0,0,0,0,0,48,0,0
509813,Corrode,Palla,FUR,Neon,5,1,1,0,0,0,0,0,0,54,0,0
509813,Sunset,pryze,2G,Sova,4,0,0,0,0,0,0,0,0,68,0,1
509813,Sunset,lz,2G,Omen,2,1,0,0,0,0,0,0,0,47,0,1
509813,Sunset,silentzz,2G,Cypher,3,1,0,0,1,0,0,0,0,83,0,4
509813,Sunset,gobera,2G,Breach,2,2,0,0,0,0,0,0,0,71,4,0
509813,Sunset,spike,2G,Neon,2,0,1,0,0,0,0,0,0,75,0,0
509813,Sunset,tuyz,FUR,Omen,0,1,0,0,1,0,0,0,0,35,0,0
509813,Sunset,adverso,FUR,Sova,2,0,0,0,1,0,0,0,0,47,1,0
509813,Sunset,Urango,FUR,Breach,1,1,0,0,0,0,0,0,0,36,7,0
509813,Sunset,heat,FUR,Cypher,1,0,1,0,0,0,0,0,0,51,1,0
509813,Sunset,Palla,FUR,Neon,0,1,0,0,0,0,0,0,0,29,0,0
509813,Ascent,pryze,2G,Sova,3,1,0,0,0,0,0,0,0,61,1,0
509813,Ascent,lz,2G,Omen,2,0,0,0,0,0,1,0,0,31,2,0
509813,Ascent,silentzz,2G,Jett,1,0,0,0,0,0,0,0,0,41,0,1
509813,Ascent,gobera,2G,Killjoy,3,2,1,0,1,2,1,0,0,136,4,1
509813,Ascent,spike,2G,Kayo,2,1,0,0,0,0,0,0,0,59,4,0
509813,Ascent,tuyz,FUR,Omen,2,0,0,0,0,0,0,0,0,46,0,1
509813,Ascent,adverso,FUR,Sova,0,1,0,0,0,0,0,0,0,52,1,0
509813,Ascent,Urango,FUR,Deadlock,3,1,0,0,0,0,0,0,0,59,1,0
509813,Ascent,heat,FUR,Cypher,2,0,0,0,0,0,0,0,0,59,0,0
509813,Ascent,Palla,FUR,Yoru,0,0,1,0,0,0,0,0,0,60,0,0
509814,Lotus,C0M,LEV,Fade,1,1,0,0,0,0,0,0,0,42,6,0
509814,Lotus,tex,LEV,Killjoy,3,0,0,0,0,1,0,0,0,45,1,0
509814,Lotus,Okeanos,LEV,Omen,2,0,0,0,0,0,0,0,0,40,2,0
509814,Lotus,kiNgg,LEV,Viper,2,0,0,0,0,0,0,0,0,47,0,1
509814,Lotus,Sato,LEV,Raze,3,0,0,0,0,0,0,0,0,47,0,0
509814,Lotus,brawk,NRG,Vyse,4,0,0,0,0,0,0,0,0,74,0,1
509814,Lotus,s0m,NRG,Omen,2,1,0,0,0,0,0,0,0,51,2,1
509814,Lotus,mada,NRG,Raze,4,1,0,0,0,0,0,0,0,51,0,0
509814,Lotus,skuba,NRG,Viper,4,0,0,0,0,0,0,0,0,54,0,0
509814,Lotus,Ethan,NRG,Fade,2,2,0,0,0,0,0,0,0,56,5,2
509814,Haven,C0M,LEV,Sova,0,0,0,0,1,0,0,0,0,44,5,3
509814,Haven,tex,LEV,Cypher,1,1,0,0,1,0,0,0,0,33,1,1
509814,Haven,Okeanos,LEV,Neon,4,1,0,0,0,1,0,0,0,31,1,1
509814,Haven,kiNgg,LEV,Omen,3,0,1,0,0,0,0,0,0,42,2,0
509814,Haven,Sato,LEV,Yoru,2,3,4,0,0,0,0,0,0,78,0,0
509814,Haven,brawk,NRG,Sova,2,1,0,0,0,0,0,0,0,50,3,1
509814,Haven,s0m,NRG,Viper,4,1,0,0,0,2,0,0,0,42,3,3
509814,Haven,mada,NRG,Neon,2,3,0,0,0,0,0,0,0,62,0,1
509814,Haven,skuba,NRG,Killjoy,2,1,0,0,0,0,0,0,0,47,0,0
509814,Haven,Ethan,NRG,Omen,0,0,0,0,0,0,0,0,0,36,4,0
509814,Icebox,C0M,LEV,Sova,0,1,0,0,1,0,0,0,0,37,2,0
509814,Icebox,tex,LEV,Killjoy,2,1,0,0,0,0,0,0,0,56,0,0
509814,Icebox,Okeanos,LEV,Sage,1,1,0,0,0,0,0,0,0,38,6,1
509814,Icebox,kiNgg,LEV,Viper,3,0,0,0,0,0,0,0,0,40,0,0
509814,Icebox,Sato,LEV,Jett,5,1,0,1,0,0,0,0,0,81,1,0
509814,Icebox,brawk,NRG,Sova,1,0,0,0,0,0,0,0,0,32,1,1
509814,Icebox,s0m,NRG,Killjoy,3,2,0,0,0,0,0,0,0,56,1,0
509814,Icebox,mada,NRG,Jett,6,1,0,1,0,0,0,0,0,65,0,0
509814,Icebox,skuba,NRG,Viper,3,2,0,0,1,1,0,0,0,75,0,0
509814,Icebox,Ethan,NRG,Harbor,2,1,0,0,0,0,0,0,0,43,7,0
509815,Lotus,Zellsis,SEN,Vyse,2,0,0,0,1,0,0,0,0,47,0,2
509815,Lotus,johnqt,SEN,Viper,1,0,0,0,0,0,0,0,0,62,1,1
509815,Lotus,bang,SEN,Omen,5,1,0,0,0,0,0,0,0,62,1,1
509815,Lotus,zekken,SEN,Raze,5,1,0,0,0,0,0,0,0,66,0,2
509815,Lotus,N4RRATE,SEN,Fade,3,1,0,0,0,0,0,0,0,78,4,1
509815,Lotus,mitch,C9,Fade,3,0,0,0,1,0,0,0,0,33,8,2
509815,Lotus,neT,C9,Viper,0,0,0,0,0,0,0,0,0,28,1,0
509815,Lotus,Xeppaa,C9,Vyse,1,0,0,0,0,0,0,0,0,52,0,0
509815,Lotus,v1c,C9,Omen,0,0,0,0,0,0,0,0,0,38,1,0
509815,Lotus,OXY,C9,Neon,2,0,0,0,0,0,0,0,0,40,0,0
509815,Haven,Zellsis,SEN,Killjoy,3,1,0,0,0,0,0,0,0,49,2,0
509815,Haven,johnqt,SEN,Viper,2,2,0,0,1,0,0,0,0,60,3,0
509815,Haven,bang,SEN,Omen,1,0,0,0,0,0,0,0,0,41,0,0
509815,Haven,zekken,SEN,Neon,4,0,0,0,0,0,0,0,0,32,1,1
509815,Haven,N4RRATE,SEN,Sova,2,3,0,0,0,1,0,0,0,84,4,2
509815,Haven,mitch,C9,Skye,1,0,0,0,0,0,0,0,0,54,4,0
509815,Haven,neT,C9,Viper,0,0,0,0,0,0,0,0,0,23,1,0
509815,Haven,Xeppaa,C9,Killjoy,2,1,0,0,0,0,0,0,0,44,2,0
509815,Haven,v1c,C9,Omen,0,0,0,0,0,0,0,0,0,27,1,1
509815,Haven,OXY,C9,Jett,3,3,0,0,0,0,0,0,0,76,1,0
509816,Icebox,cortezia,MIBR,Killjoy,6,0,1,0,0,0,0,0,0,79,1,0
509816,Icebox,artzin,MIBR,Harbor,1,2,0,0,1,0,0,0,0,49,6,2
509816,Icebox,aspas,MIBR,Jett,9,1,0,0,0,1,0,0,0,66,1,0
509816,Icebox,xenom,MIBR,Viper,1,1,0,0,1,0,0,0,0,36,0,1
509816,Icebox,Verno,MIBR,Sova,1,0,0,0,0,0,0,0,0,47,2,0
509816,Icebox,Asuna,100T,Omen,1,1,0,0,0,0,0,0,0,56,8,0
509816,Icebox,eeiu,100T,Sova,3,1,0,0,0,0,0,0,0,45,2,0
509816,Icebox,Cryocells,100T,Jett,4,2,0,0,1,0,1,0,0,50,0,1
509816,Icebox,zander,100T,Viper,2,0,0,0,0,0,0,0,0,41,0,0
509816,Icebox,Kess,100T,Killjoy,1,0,0,0,0,1,0,0,0,45,0,0
509816,Bind,cortezia,MIBR,Viper,4,2,2,0,0,1,1,0,0,72,2,0
509816,Bind,artzin,MIBR,Yoru,0,1,0,0,0,0,0,0,0,22,0,0
509816,Bind,aspas,MIBR,Raze,3,1,0,0,2,0,0,0,0,42,0,1
509816,Bind,xenom,MIBR,Brimstone,2,1,0,0,0,0,0,0,0,44,1,0
509816,Bind,Verno,MIBR,Skye,0,2,1,0,1,0,0,0,0,49,6,0
509816,Bind,Asuna,100T,Raze,5,1,0,0,0,0,0,0,0,72,3,0
509816,Bind,eeiu,100T,Fade,4,0,0,0,0,1,0,0,0,45,2,0
509816,Bind,Cryocells,100T,Yoru,7,2,0,0,0,0,0,0,0,50,0,0
509816,Bind,zander,100T,Viper,4,0,0,0,0,0,0,0,0,46,1,0
509816,Bind,Kess,100T,Brimstone,2,0,0,0,0,0,0,0,0,39,5,0
509817,Corrode,BABYBAY,G2,Chamber,0,1,0,0,0,0,0,0,0,35,0,0
509817,Corrode,valyn,G2,Omen,4,3,0,0,1,0,0,0,0,64,1,0
509817,Corrode,jawgemo,G2,Neon,4,0,0,0,0,0,0,0,0,37,0,0
509817,Corrode,JonahP,G2,Viper,4,2,0,0,1,0,0,0,0,73,2,1
509817,Corrode,trent,G2,Fade,1,1,1,0,0,0,0,0,0,47,7,0
509817,Corrode,supamen,EG,Viper,0,1,0,0,0,0,0,0,0,32,1,1
509817,Corrode,yay,EG,Chamber,5,3,0,0,0,0,0,0,0,86,0,0
509817,Corrode,Derrek,EG,Omen,3,2,0,0,0,0,0,0,0,54,1,0
509817,Corrode,NaturE,EG,Sova,2,3,0,0,0,2,0,0,0,45,6,3
509817,Corrode,icy,EG,Neon,1,0,0,0,1,0,0,0,0,32,0,0
509817,Haven,BABYBAY,G2,Vyse,2,0,0,0,0,0,0,0,0,41,0,1
509817,Haven,valyn,G2,Omen,2,1,0,0,0,0,0,0,0,62,0,0
509817,Haven,jawgemo,G2,Yoru,2,0,0,0,0,0,0,0,0,41,1,3
509817,Haven,JonahP,G2,Viper,3,0,1,0,0,0,0,0,0,105,0,1
509817,Haven,trent,G2,Fade,2,2,0,0,1,0,0,0,0,95,2,2
509817,Haven,supamen,EG,Omen,1,0,0,0,1,0,0,0,0,35,3,0
509817,Haven,yay,EG,Jett,1,0,0,0,0,0,0,0,0,46,0,0
509817,Haven,Derrek,EG,Sova,2,1,0,0,0,1,0,0,0,53,2,0
509817,Haven,NaturE,EG,Breach,3,2,0,0,0,0,0,0,0,70,4,0
509817,Haven,icy,EG,Cypher,0,0,0,0,0,0,0,0,0,21,0,0
509817,Ascent,BABYBAY,G2,Chamber,4,1,0,0,1,0,0,0,0,76,1,0
509817,Ascent,valyn,G2,Omen,3,2,0,0,0,1,0,0,0,67,3,0
509817,Ascent,jawgemo,G2,Yoru,4,0,0,0,0,0,0,0,0,42,1,0
509817,Ascent,JonahP,G2,Vyse,4,1,0,0,0,0,0,0,0,49,2,0
509817,Ascent,trent,G2,Sova,1,1,0,0,1,0,0,0,0,74,3,0
509817,Ascent,supamen,EG,Omen,0,0,0,0,0,0,0,0,0,22,0,1
509817,Ascent,yay,EG,Jett,1,1,1,0,0,0,0,0,0,52,0,0
509817,Ascent,Derrek,EG,Sova,1,0,0,0,0,0,0,0,0,53,0,0
509817,Ascent,NaturE,EG,Kayo,1,0,2,0,1,0,0,0,0,59,0,0
509817,Ascent,icy,EG,Cypher,0,0,0,0,0,0,0,0,0,47,1,0
509818,Haven,pANcada,LOUD,Omen,3,0,0,0,0,1,0,0,0,38,1,0
509818,Haven,Virtyy,LOUD,Neon,5,0,0,0,0,0,0,0,0,53,0,0
509818,Haven,RobbieBk,LOUD,Sova,1,1,0,0,0,0,0,0,0,61,0,0
509818,Haven,cauanzin,LOUD,Breach,4,0,0,0,0,0,0,0,0,48,1,0
509818,Haven,lukxo,LOUD,Cypher,1,1,0,0,0,0,0,0,0,66,0,1
509818,Haven,Melser,KRÜ,Omen,2,1,0,0,1,0,0,0,0,63,1,0
509818,Haven,keznit,KRÜ,Iso,3,0,0,0,0,0,0,0,0,49,2,0
509818,Haven,Mazino,KRÜ,Sova,1,2,0,0,0,0,0,0,0,52,3,0
509818,Haven,Shyy,KRÜ,Cypher,3,1,0,0,0,0,0,0,0,54,1,0
509818,Haven,Dantedeu5,KRÜ,Yoru,7,2,0,0,0,0,0,0,0,67,0,1
509818,Bind,pANcada,LOUD,Brimstone,5,1,0,0,0,0,0,0,0,66,0,0
509818,Bind,Virtyy,LOUD,Raze,6,1,0,0,0,0,0,0,0,62,0,0
509818,Bind,RobbieBk,LOUD,Skye,1,1,1,1,0,1,0,0,0,54,0,0
509818,Bind,cauanzin,LOUD,Gekko,3,0,1,0,0,0,0,0,0,54,7,0
509818,Bind,lukxo,LOUD,Viper,2,0,0,1,1,0,0,0,0,55,1,1
509818,Bind,Melser,KRÜ,Brimstone,3,0,0,0,0,0,0,0,0,32,1,0
509818,Bind,keznit,KRÜ,Raze,3,0,0,0,0,0,0,0,0,47,0,1
509818,Bind,Mazino,KRÜ,Fade,1,1,0,0,1,0,0,0,0,43,2,2
509818,Bind,Shyy,KRÜ,Viper,4,1,0,0,0,1,0,0,0,77,2,1
509818,Bind,Dantedeu5,KRÜ,Yoru,0,2,1,0,0,1,0,0,0,54,0,0
509818,Ascent,pANcada,LOUD,Omen,0,0,0,0,0,0,0,0,0,17,0,0
509818,Ascent,Virtyy,LOUD,Jett,2,0,0,0,0,0,0,0,0,57,0,0
509818,Ascent,RobbieBk,LOUD,Sova,2,0,0,0,0,0,0,0,0,62,0,1
509818,Ascent,cauanzin,LOUD,Kayo,3,0,0,0,0,0,0,0,0,53,2,0
509818,Ascent,lukxo,LOUD,Cypher,1,1,0,0,0,0,0,0,0,39,0,0
509818,Ascent,Melser,KRÜ,Omen,1,1,0,0,0,0,0,0,0,35,3,1
509818,Ascent,keznit,KRÜ,Yoru,4,2,0,0,0,0,0,0,0,85,0,0
509818,Ascent,Mazino,KRÜ,Sova,3,2,0,0,1,0,0,0,0,61,5,1
509818,Ascent,Shyy,KRÜ,Cypher,2,0,0,0,0,0,0,0,0,29,0,0
509818,Ascent,Dantedeu5,KRÜ,Jett,3,1,0,0,0,0,0,0,0,48,1,0
509819,Bind,mitch,C9,Skye,3,1,0,0,0,0,0,0,0,78,1,2
509819,Bind,neT,C9,Viper,0,0,0,0,0,0,0,0,0,42,0,0
509819,Bind,Xeppaa,C9,Vyse,4,1,0,0,0,0,0,0,0,94,0,1
509819,Bind,v1c,C9,Brimstone,6,1,1,0,1,0,0,0,0,94,1,0
509819,Bind,OXY,C9,Raze,1,3,0,0,0,0,0,0,0,106,0,2
509819,Bind,pryze,2G,Fade,4,0,0,0,0,0,0,0,0,37,2,0
509819,Bind,lz,2G,Brimstone,0,0,0,0,0,0,0,0,0,39,3,0
509819,Bind,silentzz,2G,Raze,1,0,0,0,0,0,0,0,0,18,0,0
509819,Bind,gobera,2G,Viper,0,0,0,0,0,1,0,0,0,28,0,0
509819,Bind,spike,2G,Yoru,1,1,0,0,0,0,0,0,0,33,1,0
509819,Lotus,mitch,C9,Fade,2,0,0,0,0,0,0,0,0,37,5,0
509819,Lotus,neT,C9,Viper,2,0,0,0,0,0,0,0,0,52,1,1
509819,Lotus,Xeppaa,C9,Vyse,3,1,0,0,0,0,0,0,0,44,0,2
509819,Lotus,v1c,C9,Omen,3,0,0,0,0,0,0,0,0,42,0,0
509819,Lotus,OXY,C9,Neon,3,2,2,0,2,0,0,0,0,82,0,1
509819,Lotus,pryze,2G,Fade,0,0,0,0,0,0,0,0,0,25,5,0
509819,Lotus,lz,2G,Omen,3,2,0,0,0,0,0,0,0,57,0,0
509819,Lotus,silentzz,2G,Viper,2,0,0,0,0,0,0,0,0,47,0,0
509819,Lotus,gobera,2G,Breach,3,1,0,0,0,0,0,0,0,45,3,0
509819,Lotus,spike,2G,Neon,0,2,1,0,0,0,0,0,0,74,0,1
509820,Lotus,cortezia,MIBR,Vyse,6,0,0,0,1,0,0,0,0,54,1,1
509820,Lotus,artzin,MIBR,Yoru,6,0,0,0,0,0,0,0,0,39,0,0
509820,Lotus,aspas,MIBR,Raze,3,2,0,0,0,0,0,0,0,43,4,2
509820,Lotus,xenom,MIBR,Omen,3,0,0,0,1,0,0,0,0,38,1,0
509820,Lotus,Verno,MIBR,Fade,2,0,0,0,0,0,0,0,0,33,4,1
509820,Lotus,brawk,NRG,Vyse,3,0,1,0,0,0,0,0,0,43,2,2
509820,Lotus,s0m,NRG,Omen,5,1,0,0,1,0,0,0,0,52,3,0
509820,Lotus,mada,NRG,Raze,5,0,0,1,0,0,0,0,0,41,0,0
509820,Lotus,skuba,NRG,Viper,4,2,0,0,1,0,0,0,0,52,0,3
509820,Lotus,Ethan,NRG,Fade,2,1,1,0,0,0,0,0,0,38,5,0
509820,Bind,cortezia,MIBR,Viper,3,1,0,0,0,0,0,0,0,61,1,1
509820,Bind,artzin,MIBR,Yoru,2,1,0,0,0,0,0,0,0,36,0,0
509820,Bind,aspas,MIBR,Raze,5,1,0,0,0,0,0,0,0,86,0,0
509820,Bind,xenom,MIBR,Brimstone,2,1,0,0,0,0,0,0,0,39,1,1
509820,Bind,Verno,MIBR,Fade,0,0,0,0,0,0,0,0,0,26,6,0
509820,Bind,brawk,NRG,Fade,0,0,0,0,0,0,0,0,0,27,1,1
509820,Bind,s0m,NRG,Brimstone,3,0,1,0,0,0,0,1,0,65,3,0
509820,Bind,mada,NRG,Raze,2,2,0,2,0,1,0,0,0,62,1,0
509820,Bind,skuba,NRG,Viper,3,1,0,0,1,0,0,0,0,49,0,1
509820,Bind,Ethan,NRG,Kayo,1,2,0,0,0,0,0,0,0,31,5,0
509821,Lotus,Zellsis,SEN,Vyse,1,1,0,0,0,0,0,0,0,53,0,0
509821,Lotus,johnqt,SEN,Viper,1,0,0,0,0,0,0,0,0,45,0,1
509821,Lotus,bang,SEN,Omen,5,1,0,0,1,0,0,0,0,54,0,1
509821,Lotus,zekken,SEN,Raze,3,1,0,0,0,0,0,0,0,54,3,1
509821,Lotus,N4RRATE,SEN,Fade,5,2,1,0,0,0,0,0,0,61,2,0
509821,Lotus,supamen,EG,Viper,1,1,1,0,0,1,0,0,0,46,1,1
509821,Lotus,yay,EG,Clove,1,0,1,0,0,0,0,0,0,30,1,0
509821,Lotus,Derrek,EG,Tejo,1,0,0,0,1,0,0,0,0,49,3,0
509821,Lotus,NaturE,EG,Fade,2,1,0,0,0,0,0,0,0,50,1,0
509821,Lotus,icy,EG,Raze,1,0,1,0,0,0,0,0,0,45,0,1
509821,Corrode,Zellsis,SEN,Vyse,1,2,0,0,1,0,0,0,0,77,3,1
509821,Corrode,johnqt,SEN,Viper,3,1,0,0,0,0,0,0,0,72,0,2
509821,Corrode,bang,SEN,Omen,4,0,0,0,0,0,0,0,0,49,0,1
509821,Corrode,zekken,SEN,Neon,3,4,1,0,0,1,0,0,0,99,0,0
509821,Corrode,N4RRATE,SEN,Fade,1,0,0,0,0,0,0,0,0,32,1,0
509821,Corrode,supamen,EG,Viper,1,0,0,0,0,0,0,0,0,27,1,0
509821,Corrode,yay,EG,Chamber,3,0,0,0,0,1,0,0,0,63,1,0
509821,Corrode,Derrek,EG,Omen,0,0,2,0,0,1,0,0,0,51,2,0
509821,Corrode,NaturE,EG,Sova,0,0,0,0,0,0,0,0,0,30,3,1
509821,Corrode,icy,EG,Neon,1,0,0,0,0,0,0,0,0,27,0,0
509822,Bind,C0M,LEV,Fade,2,0,0,0,0,0,0,0,0,39,1,0
509822,Bind,tex,LEV,Gekko,0,0,0,0,0,0,0,0,0,24,9,0
509822,Bind,Okeanos,LEV,Brimstone,2,1,0,0,0,0,0,0,0,60,0,0
509822,Bind,kiNgg,LEV,Viper,0,3,0,0,0,0,0,0,0,47,1,0
509822,Bind,Sato,LEV,Yoru,3,1,1,0,0,0,0,0,0,69,0,0
509822,Bind,Melser,KRÜ,Brimstone,2,0,0,0,1,0,0,0,0,47,2,1
509822,Bind,keznit,KRÜ,Raze,0,2,1,0,0,0,0,0,0,67,1,0
509822,Bind,Mazino,KRÜ,Fade,4,2,0,0,1,0,0,0,0,58,1,3
509822,Bind,Shyy,KRÜ,Viper,1,0,1,0,0,0,0,1,0,55,2,0
509822,Bind,Dantedeu5,KRÜ,Yoru,2,1,0,0,0,0,0,0,0,44,1,1
509822,Haven,C0M,LEV,Sova,3,2,0,0,1,0,0,0,0,79,3,2
509822,Haven,tex,LEV,Cypher,2,0,0,0,0,0,0,0,0,41,0,0
509822,Haven,Okeanos,LEV,Neon,1,1,1,0,0,0,0,0,0,44,0,0
509822,Haven,kiNgg,LEV,Omen,3,1,0,0,3,0,0,0,0,47,3,2
509822,Haven,Sato,LEV,Yoru,1,0,1,0,0,0,0,0,0,43,2,0
509822,Haven,Melser,KRÜ,Omen,4,2,0,0,0,0,0,0,0,71,3,1
509822,Haven,keznit,KRÜ,Iso,2,3,0,0,0,0,0,0,0,67,1,0
509822,Haven,Mazino,KRÜ,Sova,2,0,0,0,0,0,0,0,0,60,2,2
509822,Haven,Shyy,KRÜ,Cypher,1,0,0,0,0,0,0,0,0,32,0,0
509822,Haven,Dantedeu5,KRÜ,Yoru,1,2,1,0,0,0,0,0,0,51,0,2
509822,Ascent,C0M,LEV,Sova,2,0,0,0,0,0,0,0,0,54,2,1
509822,Ascent,tex,LEV,Chamber,2,2,0,0,0,1,0,0,0,57,0,2
509822,Ascent,Okeanos,LEV,Omen,1,2,0,0,0,0,0,0,0,47,1,0
509822,Ascent,kiNgg,LEV,Vyse,4,1,0,0,0,0,0,0,0,72,0,2
509822,Ascent,Sato,LEV,Yoru,2,2,2,0,0,0,0,0,0,77,1,1
509822,Ascent,Melser,KRÜ,Omen,2,0,0,0,0,0,0,0,0,33,1,0
509822,Ascent,keznit,KRÜ,Yoru,3,0,0,0,1,0,1,0,0,37,1,0
509822,Ascent,Mazino,KRÜ,Sova,0,0,0,0,0,0,0,0,0,27,6,0
509822,Ascent,Shyy,KRÜ,Cypher,1,1,0,0,0,0,0,0,0,50,2,0
509822,Ascent,Dantedeu5,KRÜ,Jett,2,1,0,0,0,0,0,0,0,65,0,0
509823,Corrode,tuyz,FUR,Omen,0,0,0,0,0,0,0,0,0,48,0,0
509823,Corrode,adverso,FUR,Fade,1,0,0,0,0,0,0,0,0,49,0,0
509823,Corrode,Urango,FUR,Sage,1,0,0,0,0,0,0,0,0,35,1,0
509823,Corrode,heat,FUR,Viper,0,1,0,0,0,0,0,0,0,69,0,0
509823,Corrode,Palla,FUR,Neon,1,1,0,0,0,0,0,0,0,67,0,2
509823,Corrode,BABYBAY,G2,Viper,1,1,0,1,0,0,0,0,0,76,0,0
509823,Corrode,valyn,G2,Omen,3,1,0,0,0,0,0,0,0,42,0,0
509823,Corrode,jawgemo,G2,Waylay,3,2,0,0,0,0,0,0,0,58,0,0
509823,Corrode,JonahP,G2,Sage,1,0,0,0,1,0,0,0,0,43,3,0
509823,Corrode,trent,G2,Fade,2,1,0,0,1,0,1,0,0,35,9,1
509823,Ascent,tuyz,FUR,Omen,1,0,0,0,0,0,0,0,0,32,2,1
509823,Ascent,adverso,FUR,Vyse,1,2,0,0,0,0,0,0,0,57,0,0
509823,Ascent,Urango,FUR,Sova,2,0,0,0,0,0,0,0,0,42,0,0
509823,Ascent,heat,FUR,Chamber,2,2,0,0,0,0,0,0,0,68,0,0
509823,Ascent,Palla,FUR,Yoru,2,0,0,0,0,0,0,0,0,43,0,0
509823,Ascent,BABYBAY,G2,Chamber,1,0,0,0,0,1,0,0,0,49,0,0
509823,Ascent,valyn,G2,Omen,4,2,0,0,0,1,0,0,0,46,3,1
509823,Ascent,jawgemo,G2,Yoru,3,1,0,0,0,0,0,0,0,64,1,0
509823,Ascent,JonahP,G2,Vyse,3,0,0,0,0,1,0,0,0,55,1,0
509823,Ascent,trent,G2,Sova,2,1,1,0,0,0,0,0,0,98,4,0
509824,Sunset,pANcada,LOUD,Omen,1,1,0,1,0,0,0,0,0,80,1,0
509824,Sunset,Virtyy,LOUD,Neon,4,1,1,0,0,0,0,0,0,60,1,0
509824,Sunset,RobbieBk,LOUD,Sova,1,0,0,0,1,0,0,0,0,30,3,0
509824,Sunset,cauanzin,LOUD,Breach,0,1,0,0,0,0,0,0,0,49,5,0
509824,Sunset,lukxo,LOUD,Cypher,3,1,0,0,0,0,0,0,0,85,0,0
509824,Sunset,Asuna,100T,Neon,0,1,0,0,0,0,0,0,0,51,0,0
509824,Sunset,eeiu,100T,Sova,3,0,0,0,0,0,0,0,0,43,0,0
509824,Sunset,Cryocells,100T,Yoru,1,1,0,0,0,1,0,0,0,45,0,0
509824,Sunset,zander,100T,Omen,2,0,0,0,0,0,0,0,0,45,0,0
509824,Sunset,Kess,100T,Cypher,2,0,0,0,0,0,0,0,0,51,0,0
509824,Bind,pANcada,LOUD,Brimstone,1,0,1,0,0,1,0,0,0,50,0,2
509824,Bind,Virtyy,LOUD,Raze,2,0,0,0,1,0,0,0,0,54,0,1
509824,Bind,RobbieBk,LOUD,Skye,1,1,0,0,1,0,0,0,0,39,1,1
509824,Bind,cauanzin,LOUD,Gekko,3,2,0,0,0,0,0,0,0,76,5,0
509824,Bind,lukxo,LOUD,Viper,0,0,0,0,0,0,0,0,0,22,0,0
509824,Bind,Asuna,100T,Raze,5,0,2,0,0,0,1,0,0,59,1,1
509824,Bind,eeiu,100T,Fade,2,0,0,0,0,0,0,0,0,41,4,2
509824,Bind,Cryocells,100T,Yoru,2,1,0,0,0,0,0,0,0,49,0,0
509824,Bind,zander,100T,Viper,4,2,0,0,0,0,0,0,0,55,1,1
509824,Bind,Kess,100T,Brimstone,1,0,0,0,0,0,0,0,0,38,5,0
509824,Lotus,pANcada,LOUD,Omen,1,2,0,0,0,1,1,0,0,40,3,0
509824,Lotus,Virtyy,LOUD,Raze,5,0,0,0,0,0,0,0,0,33,0,1
509824,Lotus,RobbieBk,LOUD,Fade,2,1,0,0,0,0,0,0,0,36,2,0
509824,Lotus,cauanzin,LOUD,Vyse,2,2,0,0,0,0,0,0,0,40,3,1
509824,Lotus,lukxo,LOUD,Viper,7,3,0,0,0,1,0,0,0,81,0,2
509824,Lotus,Asuna,100T,Raze,3,2,1,0,0,0,0,0,0,62,2,0
509824,Lotus,eeiu,100T,Fade,3,1,0,0,0,0,0,0,0,40,1,1
509824,Lotus,Cryocells,100T,Yoru,4,0,0,0,0,0,0,0,0,44,0,1
509824,Lotus,zander,100T,Omen,5,0,0,0,0,0,0,0,0,45,5,0
509824,Lotus,Kess,100T,Vyse,8,0,0,0,1,0,0,0,0,55,2,0
509825,Sunset,Melser,KRÜ,Omen,2,0,0,0,1,0,0,0,0,34,1,0
509825,Sunset,keznit,KRÜ,Yoru,4,1,0,0,0,0,0,0,0,56,1,0
509825,Sunset,Mazino,KRÜ,Sova,2,1,1,0,0,1,0,0,0,72,3,1
509825,Sunset,Shyy,KRÜ,Cypher,2,2,2,0,1,0,0,0,0,83,0,0
509825,Sunset,Dantedeu5,KRÜ,Neon,3,1,0,0,0,0,0,0,0,43,1,0
509825,Sunset,brawk,NRG,Sova,1,0,0,0,0,0,0,0,0,45,1,0
509825,Sunset,s0m,NRG,Cypher,1,0,0,0,0,0,0,0,0,40,2,0
509825,Sunset,mada,NRG,Raze,2,1,0,0,0,1,0,0,0,55,0,0
509825,Sunset,skuba,NRG,Omen,3,0,1,0,0,0,0,0,0,53,0,0
509825,Sunset,Ethan,NRG,Breach,2,0,0,0,0,0,0,0,0,36,2,0
509825,Lotus,Melser,KRÜ,Omen,2,0,1,0,1,0,0,0,0,69,0,1
509825,Lotus,keznit,KRÜ,Raze,2,3,0,0,1,0,0,0,0,66,0,0
509825,Lotus,Mazino,KRÜ,Fade,2,0,0,0,0,0,0,0,0,31,2,1
509825,Lotus,Shyy,KRÜ,Viper,5,0,0,0,0,1,0,0,0,46,0,0
509825,Lotus,Dantedeu5,KRÜ,Yoru,1,0,0,0,0,0,0,0,0,28,0,0
509825,Lotus,brawk,NRG,Vyse,6,1,0,0,0,0,0,0,0,73,1,1
509825,Lotus,s0m,NRG,Omen,1,2,0,0,1,0,0,0,0,39,3,0
509825,Lotus,mada,NRG,Raze,1,0,0,0,0,0,0,0,0,46,0,0
509825,Lotus,skuba,NRG,Viper,4,1,0,0,0,0,0,0,0,65,0,0
509825,Lotus,Ethan,NRG,Fade,1,1,0,0,0,0,0,0,0,42,4,0
509825,Haven,Melser,KRÜ,Omen,2,0,0,0,0,0,0,0,0,32,1,0
509825,Haven,keznit,KRÜ,Yoru,4,1,0,0,0,0,0,0,0,52,0,0
509825,Haven,Mazino,KRÜ,Sova,1,1,0,0,0,1,0,0,0,54,3,0
509825,Haven,Shyy,KRÜ,Cypher,3,1,0,0,0,0,0,0,0,64,0,0
509825,Haven,Dantedeu5,KRÜ,Neon,1,0,0,0,0,0,0,0,0,21,0,0
509825,Haven,brawk,NRG,Sova,3,0,0,0,1,0,0,0,0,46,0,0
509825,Haven,s0m,NRG,Viper,0,2,0,0,0,0,0,0,0,71,0,1
509825,Haven,mada,NRG,Neon,5,0,0,0,0,0,0,0,0,42,0,0
509825,Haven,skuba,NRG,Killjoy,3,2,0,0,0,0,0,0,0,71,0,0
509825,Haven,Ethan,NRG,Omen,4,1,1,0,0,1,1,0,0,76,2,1
509826,Haven,Asuna,100T,Neon,1,0,0,0,0,0,0,0,0,35,2,0
509826,Haven,eeiu,100T,Sova,2,1,0,0,0,0,0,0,0,54,0,3
509826,Haven,Cryocells,100T,Yoru,6,2,0,0,0,0,0,0,0,76,0,1
509826,Haven,zander,100T,Omen,2,2,1,0,0,0,0,0,0,58,3,0
509826,Haven,Kess,100T,Cypher,4,0,0,0,0,1,0,0,0,48,1,0
509826,Haven,C0M,LEV,Sova,3,1,0,0,0,0,0,0,0,60,2,1
509826,Haven,tex,LEV,Cypher,3,2,0,1,1,0,1,0,0,63,1,1
509826,Haven,Okeanos,LEV,Neon,3,0,1,0,0,0,0,0,0,51,1,1
509826,Haven,kiNgg,LEV,Omen,3,0,0,0,0,0,0,0,0,38,0,0
509826,Haven,Sato,LEV,Yoru,2,2,0,0,0,0,0,0,0,52,1,0
509826,Sunset,Asuna,100T,Neon,3,0,1,0,0,0,0,0,0,44,0,0
509826,Sunset,eeiu,100T,Sova,2,0,0,0,0,0,0,0,0,35,0,0
509826,Sunset,Cryocells,100T,Yoru,2,2,1,0,2,0,0,0,0,50,1,0
509826,Sunset,zander,100T,Omen,0,0,0,1,1,0,0,0,0,62,6,1
509826,Sunset,Kess,100T,Cypher,1,0,0,0,1,0,0,0,0,39,0,0
509826,Sunset,C0M,LEV,Sova,1,3,1,0,0,0,0,0,0,58,2,1
509826,Sunset,tex,LEV,Vyse,2,1,0,0,0,0,0,0,0,54,1,2
509826,Sunset,Okeanos,LEV,Kayo,4,0,0,0,0,0,0,0,0,64,4,0
509826,Sunset,kiNgg,LEV,Omen,2,0,1,0,0,0,0,0,0,49,1,1
509826,Sunset,Sato,LEV,Neon,3,1,1,0,0,0,0,0,0,70,0,0
509826,Lotus,Asuna,100T,Raze,1,1,0,0,0,0,0,0,0,52,1,0
509826,Lotus,eeiu,100T,Fade,0,0,0,0,0,0,0,0,0,29,0,0
509826,Lotus,Cryocells,100T,Yoru,1,1,0,0,1,0,0,0,0,48,0,0
509826,Lotus,zander,100T,Omen,2,0,0,0,0,0,0,0,0,37,6,0
509826,Lotus,Kess,100T,Vyse,0,0,0,0,0,0,0,0,0,36,1,0
509826,Lotus,C0M,LEV,Fade,3,0,0,0,1,0,0,0,0,66,1,0
509826,Lotus,tex,LEV,Vyse,1,1,0,0,0,0,0,0,0,57,0,2
509826,Lotus,Okeanos,LEV,Omen,3,1,0,0,0,0,0,0,0,56,0,0
509826,Lotus,kiNgg,LEV,Viper,3,0,0,0,1,0,0,0,0,37,0,2
509826,Lotus,Sato,LEV,Raze,5,2,0,1,0,0,0,0,0,111,1,2
509827,Corrode,tuyz,FUR,Omen,2,0,0,0,0,0,0,0,0,41,0,0
509827,Corrode,adverso,FUR,Fade,3,1,0,0,1,0,0,0,0,52,1,0
509827,Corrode,Urango,FUR,Sage,3,0,0,0,0,0,0,0,0,43,3,0
509827,Corrode,heat,FUR,Viper,0,0,0,0,0,0,0,0,0,21,0,0
509827,Corrode,Palla,FUR,Neon,2,2,0,0,0,0,0,0,0,71,1,0
509827,Corrode,supamen,EG,Viper,2,2,0,0,1,0,0,0,0,67,0,0
509827,Corrode,yay,EG,Chamber,1,3,1,0,0,0,0,0,0,65,1,0
509827,Corrode,Derrek,EG,Omen,6,0,0,0,0,0,0,0,0,56,1,1
509827,Corrode,NaturE,EG,Sova,1,2,0,0,0,0,0,0,0,73,6,1
509827,Corrode,icy,EG,Neon,5,0,1,0,0,0,0,0,0,59,0,1
509827,Ascent,tuyz,FUR,Omen,4,0,0,0,0,0,0,0,0,44,1,0
509827,Ascent,adverso,FUR,Vyse,1,0,0,0,1,0,0,0,0,35,2,0
509827,Ascent,Urango,FUR,Sova,0,1,0,0,0,0,0,0,0,41,3,0
509827,Ascent,heat,FUR,Chamber,1,2,0,0,2,0,0,0,0,56,0,1
509827,Ascent,Palla,FUR,Yoru,6,0,0,0,0,0,0,0,0,52,0,0
509827,Ascent,supamen,EG,Omen,4,1,0,0,0,0,0,0,0,67,1,0
509827,Ascent,yay,EG,Jett,4,2,1,0,0,0,0,0,0,80,0,0
509827,Ascent,Derrek,EG,Sova,1,1,0,0,0,0,0,0,0,55,2,0
509827,Ascent,NaturE,EG,Kayo,1,0,0,0,0,0,0,0,0,40,4,1
509827,Ascent,icy,EG,Cypher,1,2,0,0,0,0,0,0,0,50,0,1
509829,Sunset,pryze,2G,Sova,3,1,0,0,0,0,0,0,0,56,1,2
509829,Sunset,lz,2G,Omen,2,0,0,0,0,0,0,0,0,38,0,1
509829,Sunset,silentzz,2G,Cypher,1,0,2,0,0,0,0,0,0,57,1,0
509829,Sunset,gobera,2G,Breach,6,0,0,0,0,0,0,0,0,43,6,0
509829,Sunset,spike,2G,Neon,6,1,1,0,0,0,0,0,0,70,0,1
509829,Sunset,Zellsis,SEN,Breach,1,0,0,0,0,0,0,0,0,21,4,0
509829,Sunset,johnqt,SEN,Cypher,3,0,0,0,1,0,0,0,0,47,0,0
509829,Sunset,bang,SEN,Omen,3,0,0,0,0,0,0,0,0,34,3,0
509829,Sunset,zekken,SEN,Neon,4,1,0,0,1,0,0,0,0,58,0,1
509829,Sunset,N4RRATE,SEN,Fade,0,3,0,0,0,0,0,0,0,74,4,0
509829,Lotus,pryze,2G,Fade,1,1,0,0,0,0,0,0,0,44,0,0
509829,Lotus,lz,2G,Omen,1,1,0,0,1,0,0,0,0,36,0,0
509829,Lotus,silentzz,2G,Viper,0,1,0,0,0,0,1,0,0,52,0,0
509829,Lotus,gobera,2G,Breach,0,1,0,0,0,0,0,0,0,25,6,0
509829,Lotus,spike,2G,Neon,1,1,0,0,0,0,0,0,0,41,0,0
509829,Lotus,Zellsis,SEN,Vyse,1,1,0,0,0,1,0,0,0,31,0,1
509829,Lotus,johnqt,SEN,Viper,2,0,0,0,0,0,0,0,0,78,0,1
509829,Lotus,bang,SEN,Omen,5,0,1,0,0,0,0,0,0,83,0,0
509829,Lotus,zekken,SEN,Raze,6,0,0,0,0,0,0,0,0,62,0,1
509829,Lotus,N4RRATE,SEN,Fade,1,2,0,0,0,0,0,0,0,72,3,1
509829,Haven,pryze,2G,Sova,0,0,0,0,0,0,0,0,0,23,2,0
509829,Haven,lz,2G,Omen,0,1,0,0,0,0,0,0,0,35,0,0
509829,Haven,silentzz,2G,Iso,2,3,0,0,0,0,0,0,0,76,0,0
509829,Haven,gobera,2G,Cypher,0,0,0,0,1,0,0,0,0,14,0,0
509829,Haven,spike,2G,Yoru,1,2,0,0,0,0,0,0,0,64,0,1
509829,Haven,Zellsis,SEN,Killjoy,3,1,0,0,0,0,0,0,0,45,0,0
509829,Haven,johnqt,SEN,Viper,1,2,0,0,1,0,0,0,0,69,5,0
509829,Haven,bang,SEN,Omen,3,2,0,0,0,0,0,0,0,65,1,0
509829,Haven,zekken,SEN,Neon,3,0,0,0,0,0,0,0,0,44,0,1
509829,Haven,N4RRATE,SEN,Sova,2,1,0,0,0,0,0,0,0,72,4,0
509830,Ascent,BABYBAY,G2,Chamber,3,1,1,0,0,1,0,0,0,68,1,0
509830,Ascent,valyn,G2,Omen,2,1,0,0,0,0,0,0,0,39,1,0
509830,Ascent,jawgemo,G2,Yoru,6,1,0,0,0,0,1,0,0,59,0,0
509830,Ascent,JonahP,G2,Vyse,2,1,0,0,1,0,0,0,0,42,2,1
509830,Ascent,trent,G2,Sova,2,0,0,0,0,0,0,0,0,55,3,0
509830,Ascent,mitch,C9,Sova,3,0,0,0,0,0,0,0,0,57,1,0
509830,Ascent,neT,C9,Deadlock,2,0,0,0,0,0,0,0,0,42,1,2
509830,Ascent,Xeppaa,C9,Vyse,3,0,0,0,0,0,0,0,0,47,0,0
509830,Ascent,v1c,C9,Omen,2,1,0,0,0,0,0,0,0,46,1,0
509830,Ascent,OXY,C9,Yoru,2,4,0,0,0,0,0,0,0,67,0,0
509830,Lotus,BABYBAY,G2,Viper,3,2,0,0,0,1,0,0,0,62,1,2
509830,Lotus,valyn,G2,Omen,3,1,1,0,0,0,0,0,0,63,0,0
509830,Lotus,jawgemo,G2,Yoru,1,2,1,0,1,0,0,0,0,59,0,1
509830,Lotus,JonahP,G2,Fade,5,0,0,0,0,0,0,0,0,45,4,1
509830,Lotus,trent,G2,Tejo,0,0,0,0,1,0,0,0,0,27,5,0
509830,Lotus,mitch,C9,Fade,1,1,0,0,1,0,0,0,0,36,5,2
509830,Lotus,neT,C9,Viper,2,0,1,0,0,0,0,0,0,44,0,1
509830,Lotus,Xeppaa,C9,Vyse,2,1,0,0,0,0,0,0,0,44,0,2
509830,Lotus,v1c,C9,Omen,4,1,0,0,0,0,0,0,0,59,2,0
509830,Lotus,OXY,C9,Neon,2,2,1,0,1,0,0,0,0,81,1,0
509831,Icebox,cortezia,MIBR,Killjoy,3,0,0,0,1,0,0,0,0,41,1,1
509831,Icebox,artzin,MIBR,Harbor,1,0,0,0,0,0,0,0,0,45,7,3
509831,Icebox,aspas,MIBR,Jett,3,2,0,0,0,0,0,0,0,66,0,1
509831,Icebox,xenom,MIBR,Viper,4,2,0,0,0,1,0,0,0,66,0,1
509831,Icebox,Verno,MIBR,Sova,4,0,0,0,0,1,0,0,0,29,1,1
509831,Icebox,pANcada,LOUD,Viper,2,0,0,0,0,0,0,0,0,46,1,0
509831,Icebox,Virtyy,LOUD,Jett,6,0,0,0,0,0,0,0,0,53,1,2
509831,Icebox,RobbieBk,LOUD,Killjoy,3,1,0,0,0,0,0,0,0,48,2,1
509831,Icebox,cauanzin,LOUD,Sova,6,1,0,0,0,0,0,0,0,58,6,2
509831,Icebox,lukxo,LOUD,Omen,3,0,0,0,0,0,0,0,0,43,0,0
509831,Sunset,cortezia,MIBR,Cypher,3,1,1,0,0,0,0,1,0,66,0,1
509831,Sunset,artzin,MIBR,Viper,2,2,0,0,0,0,0,0,0,57,1,0
509831,Sunset,aspas,MIBR,Neon,5,1,1,0,0,0,0,0,0,76,0,1
509831,Sunset,xenom,MIBR,Omen,7,0,0,0,0,0,0,0,0,74,1,1
509831,Sunset,Verno,MIBR,Sova,3,0,0,0,0,0,0,0,0,71,7,1
509831,Sunset,pANcada,LOUD,Omen,0,0,0,0,0,0,0,0,0,43,4,0
509831,Sunset,Virtyy,LOUD,Neon,3,1,0,0,1,0,0,0,0,42,2,2
509831,Sunset,RobbieBk,LOUD,Sova,0,0,1,0,1,0,0,0,0,38,1,1
509831,Sunset,cauanzin,LOUD,Breach,2,1,1,0,0,0,0,0,0,50,2,0
509831,Sunset,lukxo,LOUD,Cypher,4,1,0,0,1,0,0,0,0,40,0,0
530902,Corrode,C0M,LEV,Fade,1,1,0,0,0,0,0,0,0,29,4,2
530902,Corrode,tex,LEV,Chamber,1,1,0,0,0,0,1,0,0,36,1,0
530902,Corrode,Okeanos,LEV,Omen,5,1,0,0,1,0,0,0,0,52,2,1
530902,Corrode,kiNgg,LEV,Viper,1,1,0,1,0,0,0,0,0,61,0,0
530902,Corrode,Sato,LEV,Neon,5,2,0,0,0,0,0,0,0,58,0,1
530902,Corrode,mitch,C9,Skye,2,1,1,0,0,0,0,0,0,50,1,1
530902,Corrode,neT,C9,Viper,5,0,0,0,2,0,0,0,0,64,1,1
530902,Corrode,Xeppaa,C9,Vyse,2,2,0,0,1,0,0,0,0,52,1,3
530902,Corrode,v1c,C9,Omen,4,0,0,0,0,0,0,0,0,49,4,0
530902,Corrode,OXY,C9,Raze,2,1,0,1,0,0,0,0,0,53,1,1
530902,Haven,C0M,LEV,Sova,3,1,0,0,0,0,0,0,0,56,6,0
530902,Haven,tex,LEV,Cypher,0,0,0,0,0,0,0,0,0,32,1,0
530902,Haven,Okeanos,LEV,Neon,4,1,0,0,1,0,0,0,0,68,0,0
530902,Haven,kiNgg,LEV,Omen,3,1,0,0,0,0,0,0,0,51,1,0
530902,Haven,Sato,LEV,Yoru,9,0,2,0,0,0,0,0,0,91,3,1
530902,Haven,mitch,C9,Skye,1,0,0,0,0,0,0,0,0,27,7,0
530902,Haven,neT,C9,Viper,6,0,0,0,1,0,0,0,0,58,1,0
530902,Haven,Xeppaa,C9,Killjoy,3,0,0,0,0,0,0,0,0,39,1,0
530902,Haven,v1c,C9,Omen,2,0,0,0,2,0,0,0,0,33,1,0
530902,Haven,OXY,C9,Jett,2,1,1,0,0,0,0,0,0,45,1,0
530902,Lotus,C0M,LEV,Fade,2,0,0,0,1,0,0,0,0,32,6,0
530902,Lotus,tex,LEV,Vyse,3,0,0,0,0,0,0,0,0,33,1,0
530902,Lotus,Okeanos,LEV,Omen,5,2,2,0,1,0,0,0,0,83,1,1
530902,Lotus,kiNgg,LEV,Viper,3,0,0,0,0,0,0,0,0,51,2,1
530902,Lotus,Sato,LEV,Raze,2,1,0,0,0,0,0,0,0,36,0,1
530902,Lotus,mitch,C9,Fade,5,0,0,0,0,0,0,0,0,47,6,0
530902,Lotus,neT,C9,Viper,2,1,0,0,0,0,0,0,0,47,1,0
530902,Lotus,Xeppaa,C9,Vyse,6,0,0,0,1,0,0,0,0,58,0,2
530902,Lotus,v1c,C9,Omen,4,0,0,0,2,0,0,0,0,67,3,2
530902,Lotus,OXY,C9,Raze,4,1,0,0,0,0,0,0,0,58,1,0
530903,Sunset,BABYBAY,G2,Chamber,3,1,0,0,1,0,0,0,0,96,1,2
530903,Sunset,valyn,G2,Omen,2,1,0,0,0,0,0,0,0,55,0,0
530903,Sunset,jawgemo,G2,Neon,3,2,0,0,0,0,0,0,0,77,0,1
530903,Sunset,JonahP,G2,Sage,3,0,0,0,0,0,0,0,0,63,0,0
530903,Sunset,trent,G2,Fade,1,0,0,0,0,0,0,0,0,54,2,2
530903,Sunset,Asuna,100T,Neon,1,0,0,0,0,0,0,0,0,34,1,0
530903,Sunset,eeiu,100T,Sova,2,1,0,0,0,0,0,0,0,61,0,0
530903,Sunset,Cryocells,100T,Yoru,1,1,0,0,0,0,0,0,0,66,1,1
530903,Sunset,zander,100T,Omen,2,0,0,0,0,1,0,0,0,34,4,0
530903,Sunset,Kess,100T,Cypher,0,0,0,0,0,0,0,0,0,20,0,0
530903,Haven,BABYBAY,G2,Vyse,3,0,0,0,0,0,0,0,0,71,0,1
530903,Haven,valyn,G2,Omen,3,0,0,0,0,0,0,0,0,50,3,0
530903,Haven,jawgemo,G2,Yoru,3,2,0,1,1,0,0,0,0,70,2,0
530903,Haven,JonahP,G2,Viper,2,0,0,0,0,0,0,0,0,59,1,1
530903,Haven,trent,G2,Fade,3,0,0,0,0,0,0,0,0,47,5,0
530903,Haven,Asuna,100T,Neon,1,0,0,0,0,0,0,0,0,30,1,0
530903,Haven,eeiu,100T,Sova,5,1,0,0,0,0,0,0,0,69,0,2
530903,Haven,Cryocells,100T,Yoru,0,1,0,0,0,0,0,0,0,42,1,0
530903,Haven,zander,100T,Omen,2,0,0,0,0,0,0,0,0,43,2,0
530903,Haven,Kess,100T,Cypher,1,1,0,0,1,0,0,0,0,42,0,0
530906,Corrode,Zellsis,SEN,Vyse,2,0,1,0,0,0,0,0,0,62,1,1
530906,Corrode,johnqt,SEN,Viper,3,1,0,0,1,1,0,0,0,65,4,1
530906,Corrode,bang,SEN,Omen,1,1,0,0,0,0,0,0,0,32,2,0
530906,Corrode,zekken,SEN,Neon,5,2,0,0,0,0,0,0,0,61,0,0
530906,Corrode,N4RRATE,SEN,Fade,4,0,0,0,0,0,0,0,0,34,1,0
530906,Corrode,mitch,C9,Skye,2,2,0,0,2,0,0,0,0,53,3,0
530906,Corrode,neT,C9,Viper,3,0,0,0,0,0,0,0,0,31,3,1
530906,Corrode,Xeppaa,C9,Vyse,3,1,0,0,0,0,0,0,0,60,1,0
530906,Corrode,v1c,C9,Omen,3,1,0,0,0,0,0,0,0,47,0,0
530906,Corrode,OXY,C9,Raze,1,2,0,0,0,0,0,0,0,48,0,0
530906,Icebox,Zellsis,SEN,Killjoy,2,2,0,0,0,0,0,0,0,58,0,1
530906,Icebox,johnqt,SEN,Sage,0,1,0,0,0,0,0,0,0,37,8,0
530906,Icebox,bang,SEN,Viper,3,2,0,0,0,0,1,0,0,60,0,0
530906,Icebox,zekken,SEN,Jett,2,0,1,0,0,0,0,0,0,46,0,1
530906,Icebox,N4RRATE,SEN,Sova,2,0,0,0,0,0,0,0,0,37,1,0
530906,Icebox,mitch,C9,Sova,4,0,0,0,0,1,0,0,0,66,3,0
530906,Icebox,neT,C9,Viper,3,2,0,0,0,0,0,0,0,77,1,0
530906,Icebox,Xeppaa,C9,Killjoy,3,2,0,0,1,0,0,0,0,71,0,0
530906,Icebox,v1c,C9,Iso,2,0,0,0,0,0,0,0,0,44,5,3
530906,Icebox,OXY,C9,Raze,2,0,0,0,0,0,0,0,0,39,0,0
530906,Lotus,Zellsis,SEN,Vyse,3,0,1,0,0,1,0,0,0,71,4,1
530906,Lotus,johnqt,SEN,Viper,2,0,0,0,0,0,0,0,0,62,0,0
530906,Lotus,bang,SEN,Omen,3,0,0,0,0,0,0,0,0,28,2,0
530906,Lotus,zekken,SEN,Raze,2,2,1,0,0,0,0,0,0,64,0,2
530906,Lotus,N4RRATE,SEN,Fade,5,1,1,0,1,0,0,0,0,69,4,0
530906,Lotus,mitch,C9,Fade,0,0,0,0,1,0,0,0,0,31,7,0
530906,Lotus,neT,C9,Viper,4,0,0,0,1,1,0,0,0,47,0,1
530906,Lotus,Xeppaa,C9,Vyse,2,1,0,0,0,0,1,0,0,47,0,1
530906,Lotus,v1c,C9,Omen,4,0,0,0,0,0,0,0,0,57,2,0
530906,Lotus,OXY,C9,Raze,5,0,0,0,0,0,0,0,0,68,0,0
530907,Corrode,brawk,NRG,Sova,2,0,0,0,0,0,0,0,0,46,4,2
530907,Corrode,s0m,NRG,Omen,3,3,0,0,0,0,0,0,0,65,0,0
530907,Corrode,mada,NRG,Waylay,4,0,0,0,0,0,0,0,0,58,0,0
530907,Corrode,skuba,NRG,Viper,2,0,2,0,1,0,0,0,0,60,1,0
530907,Corrode,Ethan,NRG,Kayo,1,0,1,0,0,0,0,0,0,69,5,0
530907,Corrode,BABYBAY,G2,Viper,2,1,0,0,0,0,0,0,0,59,1,2
530907,Corrode,valyn,G2,Omen,7,1,0,0,0,0,0,0,0,56,1,0
530907,Corrode,jawgemo,G2,Waylay,6,0,0,0,0,0,0,0,0,48,0,2
530907,Corrode,JonahP,G2,Sage,2,0,0,0,0,0,0,0,0,30,1,0
530907,Corrode,trent,G2,Fade,0,0,0,0,0,0,0,0,0,34,2,1
530907,Sunset,brawk,NRG,Sova,3,0,0,0,0,0,0,0,0,31,1,0
530907,Sunset,s0m,NRG,Omen,4,3,0,0,0,0,0,0,0,58,2,0
530907,Sunset,mada,NRG,Neon,4,3,0,0,0,0,0,0,0,94,0,1
530907,Sunset,skuba,NRG,Cypher,2,0,0,0,0,0,0,0,0,35,0,0
530907,Sunset,Ethan,NRG,Breach,2,1,0,0,0,0,0,0,0,60,5,2
530907,Sunset,BABYBAY,G2,Chamber,7,0,0,0,1,0,0,0,0,67,0,2
530907,Sunset,valyn,G2,Omen,4,0,1,0,0,0,0,0,0,56,0,0
530907,Sunset,jawgemo,G2,Neon,4,0,0,0,0,0,0,0,0,38,0,2
530907,Sunset,JonahP,G2,Sage,3,2,0,0,0,1,0,0,0,58,3,0
530907,Sunset,trent,G2,Fade,2,0,0,0,0,0,0,0,0,28,3,0
530907,Bind,brawk,NRG,Fade,1,1,0,0,0,0,0,0,0,26,0,0
530907,Bind,s0m,NRG,Brimstone,4,0,1,0,0,0,0,1,0,65,3,2
530907,Bind,mada,NRG,Raze,3,0,0,0,0,0,0,0,0,44,0,1
530907,Bind,skuba,NRG,Viper,3,0,0,0,0,0,0,0,0,40,1,0
530907,Bind,Ethan,NRG,Kayo,2,0,0,0,0,0,0,0,0,26,3,0
530907,Bind,BABYBAY,G2,Deadlock,2,0,0,0,0,0,0,0,0,50,0,0
530907,Bind,valyn,G2,Brimstone,1,2,1,0,0,0,0,0,0,72,4,1
530907,Bind,jawgemo,G2,Yoru,0,2,0,0,0,0,0,0,0,51,0,0
530907,Bind,JonahP,G2,Fade,3,3,0,0,2,0,0,0,0,74,1,3
530907,Bind,trent,G2,Tejo,4,0,0,0,0,0,0,0,0,61,1,1
530904,Lotus,C0M,LEV,Fade,3,0,1,0,0,0,1,0,0,55,6,2
530904,Lotus,tex,LEV,Vyse,1,1,0,0,0,0,0,0,0,27,0,0
530904,Lotus,Okeanos,LEV,Omen,2,2,0,0,0,0,0,0,0,50,0,0
530904,Lotus,kiNgg,LEV,Viper,3,1,1,0,0,0,1,0,0,54,1,0
530904,Lotus,Sato,LEV,Raze,4,2,0,0,0,0,0,0,0,62,1,0
530904,Lotus,Melser,KRÜ,Omen,0,0,0,0,0,0,0,0,0,17,1,0
530904,Lotus,keznit,KRÜ,Raze,3,2,0,0,0,0,0,0,0,43,1,0
530904,Lotus,Mazino,KRÜ,Fade,5,2,0,0,0,0,0,0,0,72,5,1
530904,Lotus,Shyy,KRÜ,Viper,2,2,0,0,0,0,0,0,0,44,1,0
530904,Lotus,Dantedeu5,KRÜ,Yoru,4,1,0,0,1,0,0,0,0,50,0,1
530904,Sunset,C0M,LEV,Sova,2,0,0,0,0,0,0,0,0,37,1,3
530904,Sunset,tex,LEV,Vyse,1,1,0,0,0,0,0,0,0,49,0,1
530904,Sunset,Okeanos,LEV,Kayo,2,2,0,0,0,0,0,0,0,61,3,0
530904,Sunset,kiNgg,LEV,Omen,6,0,0,0,0,0,0,0,0,48,1,0
530904,Sunset,Sato,LEV,Neon,1,2,0,0,0,0,0,0,0,47,0,0
530904,Sunset,Melser,KRÜ,Omen,2,1,0,0,0,0,0,0,0,44,5,0
530904,Sunset,keznit,KRÜ,Yoru,2,2,1,0,0,0,0,0,0,65,2,1
530904,Sunset,Mazino,KRÜ,Sova,5,0,0,0,1,1,0,0,0,58,5,0
530904,Sunset,Shyy,KRÜ,Cypher,2,2,0,0,1,0,0,0,0,62,0,2
530904,Sunset,Dantedeu5,KRÜ,Neon,2,0,0,0,0,0,0,0,0,43,0,0
530904,Haven,C0M,LEV,Sova,5,0,0,0,0,0,0,0,0,61,2,1
530904,Haven,tex,LEV,Cypher,4,0,0,0,0,0,0,0,0,49,0,1
530904,Haven,Okeanos,LEV,Neon,1,0,0,0,0,0,0,0,0,34,0,0
530904,Haven,kiNgg,LEV,Omen,3,1,0,0,2,0,0,0,0,70,2,2
530904,Haven,Sato,LEV,Yoru,4,1,0,0,0,0,0,0,0,64,2,1
530904,Haven,Melser,KRÜ,Omen,5,0,0,0,0,0,0,0,0,53,2,0
530904,Haven,keznit,KRÜ,Iso,1,2,0,0,0,0,0,0,0,39,0,2
530904,Haven,Mazino,KRÜ,Sova,1,1,0,0,0,0,0,0,0,49,5,0
530904,Haven,Shyy,KRÜ,Cypher,0,0,1,0,0,0,0,0,0,59,1,0
530904,Haven,Dantedeu5,KRÜ,Yoru,2,2,0,0,0,0,0,0,0,33,0,1
530905,Bind,Asuna,100T,Raze,3,1,1,0,1,1,0,0,0,100,1,1
530905,Bind,eeiu,100T,Fade,2,0,0,0,1,0,0,0,0,34,1,0
530905,Bind,Cryocells,100T,Yoru,2,0,0,0,0,0,0,0,0,47,0,0
530905,Bind,zander,100T,Viper,2,0,0,0,0,0,0,0,0,52,2,2
530905,Bind,Kess,100T,Brimstone,1,2,1,0,0,0,0,0,0,50,0,0
530905,Bind,supamen,EG,Viper,0,0,0,0,0,0,0,0,0,26,0,0
530905,Bind,yay,EG,Brimstone,3,0,0,0,0,0,0,0,0,53,1,0
530905,Bind,Derrek,EG,Gekko,0,0,0,0,0,0,0,0,0,30,2,0
530905,Bind,NaturE,EG,Fade,2,0,0,0,0,0,0,0,0,43,2,0
530905,Bind,icy,EG,Raze,1,1,0,0,0,0,0,0,0,51,1,0
530905,Corrode,Asuna,100T,Yoru,0,0,0,0,0,0,0,0,0,32,2,0
530905,Corrode,eeiu,100T,Sova,5,2,0,0,0,0,0,0,0,51,1,0
530905,Corrode,Cryocells,100T,Chamber,3,2,0,0,1,0,0,0,0,69,1,0
530905,Corrode,zander,100T,Omen,5,2,0,0,0,0,1,0,0,58,4,1
530905,Corrode,Kess,100T,Fade,2,0,0,0,0,0,0,0,0,43,5,0
530905,Corrode,supamen,EG,Viper,1,2,1,0,0,1,0,0,0,49,0,1
530905,Corrode,yay,EG,Chamber,3,1,1,0,0,0,0,0,0,47,0,2
530905,Corrode,Derrek,EG,Omen,4,1,0,0,0,0,0,0,0,43,1,0
530905,Corrode,NaturE,EG,Sova,1,0,0,0,0,0,0,0,0,32,6,1
530905,Corrode,icy,EG,Neon,3,2,0,0,0,0,0,0,0,58,1,0
530908,Ascent,brawk,NRG,Sova,5,1,0,0,0,0,0,0,0,105,1,0
530908,Ascent,s0m,NRG,Omen,4,1,0,0,1,0,0,0,0,55,0,1
530908,Ascent,mada,NRG,Jett,2,0,0,0,0,0,0,0,0,83,0,0
530908,Ascent,skuba,NRG,Vyse,1,1,0,0,0,0,0,0,0,63,0,2
530908,Ascent,Ethan,NRG,Kayo,2,0,1,0,0,1,0,0,0,51,1,0
530908,Ascent,C0M,LEV,Sova,0,0,0,0,0,0,0,0,0,30,1,0
530908,Ascent,tex,LEV,Chamber,1,0,0,0,0,0,0,0,0,31,0,0
530908,Ascent,Okeanos,LEV,Omen,1,2,0,0,0,0,0,0,0,58,1,0
530908,Ascent,kiNgg,LEV,Vyse,0,0,0,0,0,0,0,0,0,22,1,0
530908,Ascent,Sato,LEV,Yoru,2,0,0,0,0,0,0,0,0,46,2,0
530908,Icebox,brawk,NRG,Sova,4,0,0,0,0,0,0,0,0,84,0,1
530908,Icebox,s0m,NRG,Killjoy,3,1,0,0,0,0,0,0,0,59,0,0
530908,Icebox,mada,NRG,Jett,3,2,0,0,0,0,0,0,0,61,0,0
530908,Icebox,skuba,NRG,Viper,2,0,0,0,0,0,0,0,0,50,0,0
530908,Icebox,Ethan,NRG,Harbor,4,1,0,0,1,1,0,0,0,70,3,3
530908,Icebox,C0M,LEV,Sova,2,0,0,0,0,1,0,0,0,44,2,0
530908,Icebox,tex,LEV,Killjoy,0,0,0,0,0,0,0,0,0,29,0,0
530908,Icebox,Okeanos,LEV,Harbor,2,0,0,0,0,0,0,0,0,39,3,0
530908,Icebox,kiNgg,LEV,Viper,1,0,0,0,1,0,0,0,0,55,1,0
530908,Icebox,Sato,LEV,Jett,1,0,0,0,0,0,0,0,0,33,0,0
530909,Haven,mitch,C9,Skye,4,0,0,0,0,0,0,0,0,57,6,0
530909,Haven,neT,C9,Viper,2,0,0,0,0,0,0,0,0,30,2,0
530909,Haven,Xeppaa,C9,Killjoy,3,1,0,0,0,1,1,0,0,55,0,1
530909,Haven,v1c,C9,Omen,3,1,0,0,0,0,0,0,0,51,2,1
530909,Haven,OXY,C9,Jett,2,2,0,0,0,0,0,0,0,51,1,1
530909,Haven,Asuna,100T,Neon,1,1,0,0,0,0,0,0,0,45,0,0
530909,Haven,eeiu,100T,Sova,3,2,0,0,0,0,0,0,0,82,2,2
530909,Haven,Cryocells,100T,Yoru,4,0,0,0,0,0,0,0,0,61,2,0
530909,Haven,zander,100T,Omen,5,0,0,0,0,0,0,0,0,53,3,0
530909,Haven,Kess,100T,Cypher,2,1,0,0,1,1,0,0,0,28,1,1
530909,Icebox,mitch,C9,Sova,1,1,0,0,0,1,0,0,0,44,4,1
530909,Icebox,neT,C9,Viper,4,0,1,0,0,1,0,0,0,54,2,0
530909,Icebox,Xeppaa,C9,Killjoy,1,1,0,0,0,0,0,0,0,43,0,1
530909,Icebox,v1c,C9,Iso,5,1,0,0,0,0,0,0,0,55,2,1
530909,Icebox,OXY,C9,Raze,4,2,0,0,0,1,0,0,0,77,0,1
530909,Icebox,Asuna,100T,Sage,3,0,0,0,0,0,0,0,0,39,6,0
530909,Icebox,eeiu,100T,Sova,4,1,0,0,0,0,0,0,0,38,1,1
530909,Icebox,Cryocells,100T,Jett,5,4,0,1,0,0,0,0,0,82,0,0
530909,Icebox,zander,100T,Viper,5,1,1,0,1,0,0,0,0,48,1,2
530909,Icebox,Kess,100T,Killjoy,0,0,1,0,0,0,0,0,0,48,0,0
530910,Bind,Zellsis,SEN,Brimstone,3,0,0,0,0,0,0,0,0,39,5,0
530910,Bind,johnqt,SEN,Fade,0,0,0,0,0,0,0,0,0,35,2,1
530910,Bind,bang,SEN,Viper,3,2,0,0,1,0,0,0,0,56,0,0
530910,Bind,zekken,SEN,Raze,2,1,0,0,0,0,0,0,0,57,1,0
530910,Bind,N4RRATE,SEN,Yoru,1,1,0,0,0,0,0,0,0,43,0,0
530910,Bind,valyn,G2,Brimstone,3,1,0,0,1,0,0,0,0,53,3,0
530910,Bind,jawgemo,G2,Yoru,2,3,0,0,0,0,0,0,0,46,0,1
530910,Bind,JonahP,G2,Fade,4,0,0,0,0,0,0,0,0,47,4,1
530910,Bind,leaf,G2,Deadlock,3,0,1,0,0,0,0,0,0,64,0,0
530910,Bind,trent,G2,Tejo,3,0,0,0,0,0,0,0,0,43,0,1
530910,Sunset,Zellsis,SEN,Breach,3,2,0,0,0,0,0,0,0,70,4,0
530910,Sunset,johnqt,SEN,Cypher,4,1,0,0,0,0,0,0,0,66,1,1
530910,Sunset,bang,SEN,Omen,2,0,1,0,1,0,0,0,0,56,0,0
530910,Sunset,zekken,SEN,Neon,1,0,0,0,0,0,0,0,0,43,0,0
530910,Sunset,N4RRATE,SEN,Fade,2,2,0,0,0,1,0,0,0,57,2,0
530910,Sunset,valyn,G2,Omen,2,0,0,0,0,0,0,0,0,35,0,0
530910,Sunset,jawgemo,G2,Neon,7,1,0,0,0,0,0,0,0,47,0,0
530910,Sunset,JonahP,G2,Sage,3,1,0,0,2,1,0,0,0,50,1,1
530910,Sunset,leaf,G2,Chamber,4,2,0,0,1,0,1,0,0,64,0,0
530910,Sunset,trent,G2,Fade,1,1,0,0,1,0,0,0,0,56,8,0
530911,Haven,brawk,NRG,Sova,3,0,0,0,0,0,0,0,0,44,1,0
530911,Haven,s0m,NRG,Viper,3,2,0,0,1,0,0,0,0,66,1,0
530911,Haven,mada,NRG,Neon,3,0,0,1,0,0,0,0,0,58,0,1
530911,Haven,skuba,NRG,Killjoy,3,0,1,0,0,0,0,0,0,59,0,0
530911,Haven,Ethan,NRG,Omen,3,0,0,0,0,0,0,0,0,47,3,1
530911,Haven,mitch,C9,Skye,0,1,0,0,0,0,0,0,0,27,4,0
530911,Haven,neT,C9,Viper,2,2,0,0,2,0,0,0,0,46,2,1
530911,Haven,Xeppaa,C9,Vyse,4,2,0,0,0,1,0,0,0,57,1,1
530911,Haven,v1c,C9,Omen,4,1,0,0,0,0,0,0,0,68,0,0
530911,Haven,OXY,C9,Neon,4,1,2,0,0,0,0,0,0,60,0,0
530911,Corrode,brawk,NRG,Sova,1,1,1,1,0,1,0,0,0,115,0,1
530911,Corrode,s0m,NRG,Omen,1,0,0,0,1,0,0,0,0,32,0,1
530911,Corrode,mada,NRG,Waylay,4,1,1,1,0,0,0,0,0,108,0,2
530911,Corrode,skuba,NRG,Viper,0,1,0,0,0,0,1,0,0,32,0,1
530911,Corrode,Ethan,NRG,Kayo,3,1,0,0,0,0,0,0,0,53,3,0
530911,Corrode,mitch,C9,Skye,0,1,0,0,0,0,0,0,0,35,3,0
530911,Corrode,neT,C9,Viper,1,0,0,0,0,0,0,0,0,54,0,0
530911,Corrode,Xeppaa,C9,Vyse,3,0,0,0,1,0,0,0,0,47,0,0
530911,Corrode,v1c,C9,Omen,2,0,0,0,0,0,0,0,0,37,4,0
530911,Corrode,OXY,C9,Neon,2,0,0,0,0,0,0,0,0,26,0,0
530911,Lotus,brawk,NRG,Vyse,2,2,1,0,0,0,0,0,0,73,2,1
530911,Lotus,s0m,NRG,Omen,4,1,0,0,1,0,0,0,0,64,4,1
530911,Lotus,mada,NRG,Raze,4,1,0,0,0,0,0,0,0,57,1,0
530911,Lotus,skuba,NRG,Viper,1,0,0,0,0,0,0,0,0,42,0,1
530911,Lotus,Ethan,NRG,Fade,3,1,1,0,0,0,1,0,0,63,4,1
530911,Lotus,mitch,C9,Fade,3,0,0,0,0,0,0,0,0,44,3,2
530911,Lotus,neT,C9,Viper,1,0,0,0,0,0,0,0,0,30,1,0
530911,Lotus,Xeppaa,C9,Vyse,1,1,0,0,0,0,0,0,0,37,2,0
530911,Lotus,v1c,C9,Omen,5,1,1,0,1,0,0,0,0,53,3,0
530911,Lotus,OXY,C9,Raze,4,1,1,0,1,1,0,0,0,61,1,2
530912,Lotus,Zellsis,SEN,Vyse,3,0,0,0,0,0,0,0,0,46,3,0
530912,Lotus,johnqt,SEN,Viper,5,0,0,0,0,0,0,0,0,63,2,0
530912,Lotus,bang,SEN,Omen,0,0,0,0,0,0,0,0,0,30,0,0
530912,Lotus,zekken,SEN,Raze,3,0,0,0,0,0,0,0,0,33,0,1
530912,Lotus,N4RRATE,SEN,Fade,1,0,0,0,0,0,0,0,0,41,2,0
530912,Lotus,brawk,NRG,Vyse,5,1,0,0,1,0,0,0,0,80,0,2
530912,Lotus,s0m,NRG,Omen,2,0,0,0,0,0,0,0,0,40,1,0
530912,Lotus,mada,NRG,Raze,0,0,0,0,0,0,0,0,0,44,0,2
530912,Lotus,skuba,NRG,Viper,4,0,0,0,0,0,0,0,0,68,1,1
530912,Lotus,Ethan,NRG,Fade,2,3,0,0,0,0,0,0,0,81,2,0
530912,Icebox,Zellsis,SEN,Killjoy,2,1,0,0,0,0,0,0,0,57,1,0
530912,Icebox,johnqt,SEN,Sage,1,0,0,0,0,0,0,0,0,20,10,0
530912,Icebox,bang,SEN,Viper,2,0,0,0,0,0,0,0,0,51,0,1
530912,Icebox,zekken,SEN,Jett,4,1,1,0,0,1,0,0,0,71,0,1
530912,Icebox,N4RRATE,SEN,Sova,5,2,1,0,0,0,0,0,0,78,1,1
530912,Icebox,brawk,NRG,Sova,5,3,0,0,1,1,0,0,0,76,5,2
530912,Icebox,s0m,NRG,Killjoy,2,0,0,0,0,0,0,0,0,33,2,0
530912,Icebox,mada,NRG,Jett,4,1,0,0,0,0,0,0,0,46,0,1
530912,Icebox,skuba,NRG,Viper,4,1,0,0,1,1,0,0,0,62,0,0
530912,Icebox,Ethan,NRG,Harbor,1,2,0,0,0,0,0,0,0,47,5,1
530912,Sunset,Zellsis,SEN,Breach,1,2,0,0,0,0,0,0,0,50,3,2
530912,Sunset,johnqt,SEN,Cypher,3,1,0,0,0,0,0,0,0,55,0,0
530912,Sunset,bang,SEN,Omen,4,0,0,0,0,0,0,0,0,58,1,1
530912,Sunset,zekken,SEN,Neon,3,1,0,0,0,0,0,0,0,50,1,0
530912,Sunset,N4RRATE,SEN,Fade,3,2,0,0,0,0,0,0,0,57,2,0
530912,Sunset,brawk,NRG,Sova,2,1,1,0,0,0,0,0,0,70,0,0
530912,Sunset,s0m,NRG,Omen,2,0,0,0,0,0,0,0,0,33,0,0
530912,Sunset,mada,NRG,Neon,5,0,0,0,0,0,0,0,0,46,1,0
530912,Sunset,skuba,NRG,Cypher,1,1,1,0,2,0,0,0,0,41,0,2
530912,Sunset,Ethan,NRG,Breach,2,0,1,0,0,0,0,0,0,54,5,1
530912,Corrode,Zellsis,SEN,Vyse,2,1,0,0,0,0,0,0,0,41,1,0
530912,Corrode,johnqt,SEN,Viper,2,3,0,0,0,0,1,0,0,70,2,0
530912,Corrode,bang,SEN,Omen,1,2,0,0,0,0,0,0,0,50,3,0
530912,Corrode,zekken,SEN,Neon,1,1,0,0,0,0,0,0,0,52,0,0
530912,Corrode,N4RRATE,SEN,Fade,0,0,0,0,0,0,0,0,0,30,2,0
530912,Corrode,brawk,NRG,Sova,4,3,0,0,0,0,0,0,0,83,3,0
530912,Corrode,s0m,NRG,Omen,2,1,0,0,0,0,0,0,0,41,1,0
530912,Corrode,mada,NRG,Waylay,4,1,0,0,0,0,0,0,0,47,2,0
530912,Corrode,skuba,NRG,Viper,1,0,1,0,0,0,0,0,0,53,0,0
530912,Corrode,Ethan,NRG,Kayo,1,2,0,0,0,0,0,0,0,60,5,1
530913,Bind,valyn,G2,Brimstone,2,1,0,0,0,0,0,0,0,52,2,0
530913,Bind,jawgemo,G2,Yoru,4,1,0,0,0,1,0,0,0,57,0,1
530913,Bind,JonahP,G2,Fade,3,2,0,0,0,0,0,0,0,50,3,0
530913,Bind,leaf,G2,Deadlock,6,0,0,0,0,0,0,0,0,39,0,0
530913,Bind,trent,G2,Tejo,3,1,1,0,0,0,0,0,0,37,0,2
530913,Bind,brawk,NRG,Fade,2,1,0,0,0,0,0,0,0,54,0,0
530913,Bind,s0m,NRG,Brimstone,4,1,0,0,0,0,0,0,0,48,2,0
530913,Bind,mada,NRG,Raze,4,1,0,0,0,0,0,0,0,40,0,0
530913,Bind,skuba,NRG,Viper,3,0,1,0,0,0,0,0,0,56,0,0
530913,Bind,Ethan,NRG,Kayo,3,2,0,0,0,0,0,0,0,55,3,2
530913,Lotus,valyn,G2,Omen,5,2,0,0,0,0,0,0,0,50,3,1
530913,Lotus,jawgemo,G2,Yoru,3,0,1,0,0,0,0,0,0,48,0,0
530913,Lotus,JonahP,G2,Fade,5,0,0,0,0,0,0,0,0,57,0,2
530913,Lotus,leaf,G2,Viper,1,0,0,0,1,0,0,0,0,52,0,1
530913,Lotus,trent,G2,Tejo,6,0,0,0,0,0,0,0,0,51,4,1
530913,Lotus,brawk,NRG,Vyse,0,1,0,0,0,0,0,0,0,34,1,0
530913,Lotus,s0m,NRG,Omen,6,0,0,0,0,0,0,0,0,49,2,0
530913,Lotus,mada,NRG,Raze,3,0,1,0,0,0,0,0,0,44,0,0
530913,Lotus,skuba,NRG,Viper,1,2,0,0,1,0,0,0,0,52,1,1
530913,Lotus,Ethan,NRG,Fade,4,0,0,0,0,0,0,0,0,45,6,0
530913,Ascent,valyn,G2,Omen,2,1,0,0,0,0,0,0,0,43,3,0
530913,Ascent,jawgemo,G2,Yoru,2,0,0,0,0,0,0,0,0,34,1,0
530913,Ascent,JonahP,G2,Vyse,2,0,1,0,0,0,0,0,0,42,0,0
530913,Ascent,leaf,G2,Chamber,2,2,1,0,0,0,0,0,0,62,0,0
530913,Ascent,trent,G2,Sova,2,3,0,0,0,2,0,0,0,66,3,2
530913,Ascent,brawk,NRG,Sova,6,0,0,0,2,0,0,0,0,78,0,0
530913,Ascent,s0m,NRG,Omen,1,1,0,0,0,0,0,0,0,31,1,0
530913,Ascent,mada,NRG,Jett,6,0,0,0,0,0,0,0,0,54,0,0
530913,Ascent,skuba,NRG,Vyse,3,0,0,0,0,0,0,0,0,40,0,0
530913,Ascent,Ethan,NRG,Kayo,0,2,0,0,0,0,0,0,0,52,6,0
