scraped_at,player,player_name,team,player_url,player_id,agents_played,agents_count,agents_display,rounds,rating,acs,kd_ratio,kast,adr,kpr,apr,fkpr,fdpr,hs_percent,cl_percent,clutches,k_max,kills,deaths,assists,first_kills,first_deaths
2025-09-01T08:47:44.558381,OXY,OXY,C9,https://www.vlr.gg/player/18796/oxy,18796,"['Jett', 'Raze', 'Neon']",4,"Jett, Raze, Neon, (+1)",442,1.17,254.6,1.25,76%,160.0,0.91,0.17,0.19,0.16,27%,20%,6/30,27,404,324,75,85,70
2025-09-01T08:47:44.559571,valyn,valyn,G2,https://www.vlr.gg/player/3885/valyn,3885,"['Omen', 'Brimstone']",2,"Omen, Brimstone",452,1.14,213.7,1.23,76%,135.6,0.79,0.39,0.08,0.07,27%,18%,5/28,26,357,290,175,37,31
2025-09-01T08:47:44.560592,N4RRATE,N4RRATE,SEN,https://www.vlr.gg/player/36245/n4rrate,36245,"['Fade', 'Sova', 'Yoru']",3,"Fade, Sova, Yoru",426,1.14,225.2,1.17,76%,144.0,0.78,0.33,0.14,0.08,26%,17%,4/24,27,332,283,141,58,36
2025-09-01T08:47:44.561587,Cryocells,Cryocells,100T,https://www.vlr.gg/player/4147/cryocells,4147,"['Yoru', 'Chamber', 'Jett']",3,"Yoru, Chamber, Jett",372,1.14,221.0,1.23,78%,145.9,0.83,0.21,0.15,0.09,30%,18%,7/40,35,310,252,79,56,33
2025-09-01T08:47:44.562091,JonahP,JonahP,G2,https://www.vlr.gg/player/4581/jonahp,4581,"['Viper', 'Vyse', 'Fade']",4,"Viper, Vyse, Fade, (+1)",452,1.13,206.4,1.20,77%,129.3,0.74,0.33,0.10,0.08,23%,27%,15/55,23,333,278,150,46,34
2025-09-01T08:47:44.563159,brawk,brawk,NRG,https://www.vlr.gg/player/2172/brawk,2172,"['Fade', 'Sova', 'Vyse']",3,"Fade, Sova, Vyse",568,1.13,213.7,1.15,74%,139.2,0.72,0.32,0.07,0.04,19%,10%,8/80,25,411,356,179,41,22
2025-09-01T08:47:44.563159,Sato,Sato,LEV,https://www.vlr.gg/player/21659/sato,21659,"['Yoru', 'Jett', 'Raze']",4,"Yoru, Jett, Raze, (+1)",463,1.12,254.0,1.20,71%,163.7,0.90,0.17,0.19,0.18,33%,13%,2/15,35,418,349,79,86,85
2025-09-01T08:47:44.564207,aspas,aspas,MIBR,https://www.vlr.gg/player/8480/aspas,8480,"['Raze', 'Jett', 'Yoru']",4,"Raze, Jett, Yoru, (+1)",242,1.12,227.4,1.22,74%,147.3,0.80,0.16,0.19,0.09,26%,17%,4/23,24,194,159,39,46,21
2025-09-01T08:47:44.565199,keznit,keznit,KRÜ,https://www.vlr.gg/player/2462/keznit,2462,"['Omen', 'Yoru', 'Iso']",5,"Omen, Yoru, Iso, (+2)",334,1.12,234.1,1.15,72%,151.3,0.80,0.28,0.12,0.12,23%,16%,5/31,22,268,234,93,41,41
2025-09-01T08:47:44.566101,johnqt,johnqt,SEN,https://www.vlr.gg/player/1265/johnqt,1265,"['Viper', 'Cypher', 'Sage']",4,"Viper, Cypher, Sage, (+1)",426,1.11,184.2,1.18,80%,119.8,0.65,0.40,0.06,0.03,25%,10%,7/68,20,276,234,171,25,14
2025-09-01T08:47:44.566101,zekken,zekken,SEN,https://www.vlr.gg/player/4004/zekken,4004,"['Neon', 'Yoru', 'Raze']",4,"Neon, Yoru, Raze, (+1)",426,1.09,234.0,1.18,71%,148.9,0.83,0.18,0.22,0.18,24%,18%,4/22,27,355,300,76,94,75
2025-09-01T08:47:44.567201,trent,trent,G2,https://www.vlr.gg/player/15500/trent,15500,"['Sova', 'Tejo', 'Fade']",3,"Sova, Tejo, Fade",452,1.08,192.1,1.14,75%,126.1,0.69,0.33,0.07,0.07,26%,19%,10/54,21,310,273,147,30,31
2025-09-01T08:47:44.568102,kiNgg,kiNgg,LEV,https://www.vlr.gg/player/8549/kingg,8549,"['Viper', 'Omen', 'Vyse']",3,"Viper, Omen, Vyse",463,1.08,194.4,1.04,73%,126.4,0.67,0.33,0.08,0.07,27%,17%,11/64,25,308,297,154,35,33
2025-09-01T08:47:44.569098,leaf,leaf,G2,https://www.vlr.gg/player/7873/leaf,7873,"['Deadlock', 'Chamber', 'Viper']",3,"Deadlock, Chamber, Viper",111,1.07,211.4,1.11,66%,139.5,0.75,0.20,0.14,0.11,26%,23%,3/13,20,83,75,22,16,12
2025-09-01T08:47:44.569098,skuba,skuba,NRG,https://www.vlr.gg/player/11118/skuba,11118,"['Viper', 'Killjoy', 'Omen']",5,"Viper, Killjoy, Omen, (+2)",568,1.07,189.8,1.14,75%,126.7,0.70,0.28,0.06,0.07,25%,14%,13/91,26,397,347,161,35,41
2025-09-01T08:47:44.570096,Derrek,Derrek,EG,https://www.vlr.gg/player/1533/derrek,1533,"['Sova', 'Chamber', 'Tejo']",5,"Sova, Chamber, Tejo, (+2)",289,1.07,210.1,1.00,70%,147.9,0.73,0.29,0.07,0.04,31%,8%,4/50,30,210,209,84,20,13
2025-09-01T08:47:44.570096,silentzz,silentzz,2G,https://www.vlr.gg/player/11921/silentzz,11921,"['Cypher', 'Jett', 'Iso']",6,"Cypher, Jett, Iso, (+3)",252,1.07,198.5,1.14,69%,134.6,0.75,0.14,0.12,0.10,37%,9%,3/34,26,189,166,36,29,26
2025-09-01T08:47:44.571600,eeiu,eeiu,100T,https://www.vlr.gg/player/796/eeiu,796,"['Fade', 'Sova']",2,"Fade, Sova",372,1.06,194.4,1.11,74%,127.9,0.72,0.28,0.06,0.07,31%,6%,3/47,26,266,239,103,24,26
2025-09-01T08:47:44.572611,cortezia,cortezia,MIBR,https://www.vlr.gg/player/5395/cortezia,5395,"['Vyse', 'Killjoy', 'Cypher']",4,"Vyse, Killjoy, Cypher, (+1)",242,1.06,202.7,1.11,69%,138.9,0.75,0.20,0.07,0.09,33%,21%,7/34,28,182,164,49,16,21
2025-09-01T08:47:44.574616,v1c,v1c,C9,https://www.vlr.gg/player/17433/v1c,17433,"['Omen', 'Brimstone', 'Iso']",3,"Omen, Brimstone, Iso",442,1.06,199.9,1.08,78%,129.4,0.71,0.38,0.09,0.07,30%,16%,7/43,22,315,292,169,40,32
2025-09-01T08:47:44.574616,jawgemo,jawgemo,G2,https://www.vlr.gg/player/3993/jawgemo,3993,"['Yoru', 'Neon', 'Waylay']",3,"Yoru, Neon, Waylay",452,1.05,227.5,1.14,74%,142.2,0.81,0.24,0.16,0.13,23%,16%,4/25,25,364,318,109,72,59
2025-09-01T08:47:44.575614,bang,bang,SEN,https://www.vlr.gg/player/3880/bang,3880,"['Omen', 'Viper']",2,"Omen, Viper",426,1.05,194.6,1.09,76%,118.8,0.68,0.38,0.08,0.08,29%,14%,5/35,20,289,265,160,32,33
2025-09-01T08:47:44.576613,s0m,s0m,NRG,https://www.vlr.gg/player/4164/s0m,4164,"['Brimstone', 'Deadlock', 'Viper']",6,"Brimstone, Deadlock, Viper, (+3)",568,1.04,197.0,1.03,74%,128.5,0.69,0.40,0.09,0.11,26%,23%,11/47,22,393,380,229,50,61
2025-09-01T08:47:44.576613,mada,mada,NRG,https://www.vlr.gg/player/5132/mada,5132,"['Raze', 'Neon', 'Waylay']",4,"Raze, Neon, Waylay, (+1)",568,1.04,222.9,1.11,70%,142.0,0.78,0.17,0.22,0.20,26%,12%,2/17,26,442,400,97,124,111
2025-09-01T08:47:44.577613,lukxo,lukxo,LOUD,https://www.vlr.gg/player/28716/lukxo,28716,"['Viper', 'Cypher', 'Omen']",3,"Viper, Cypher, Omen",276,1.03,211.4,1.06,68%,139.5,0.76,0.18,0.14,0.08,34%,8%,3/39,28,209,198,49,40,23
2025-09-01T08:47:44.578613,BABYBAY,BABYBAY,G2,https://www.vlr.gg/player/2170/babybay,2170,"['Vyse', 'Chamber', 'Viper']",4,"Vyse, Chamber, Viper, (+1)",341,1.02,197.5,1.09,76%,128.7,0.69,0.25,0.13,0.11,22%,15%,6/40,23,234,215,84,45,39
2025-09-01T08:47:44.578613,Okeanos,Okeanos,LEV,https://www.vlr.gg/player/8373/okeanos,8373,"['Brimstone', 'Kayo', 'Harbor']",6,"Brimstone, Kayo, Harbor, (+3)",463,1.02,200.8,1.02,75%,132.7,0.71,0.38,0.09,0.09,33%,11%,5/44,30,331,326,176,42,41
2025-09-01T08:47:44.579613,Ethan,Ethan,NRG,https://www.vlr.gg/player/11225/ethan,11225,"['Kayo', 'Omen', 'Fade']",5,"Kayo, Omen, Fade, (+2)",568,1.02,195.0,0.96,75%,124.1,0.65,0.45,0.07,0.07,23%,13%,6/48,23,367,384,257,41,42
2025-09-01T08:47:44.579613,Asuna,Asuna,100T,https://www.vlr.gg/player/601/asuna,601,"['Raze', 'Neon', 'Yoru']",5,"Raze, Neon, Yoru, (+2)",372,1.01,207.3,1.00,74%,135.4,0.68,0.29,0.13,0.15,21%,18%,5/28,24,253,253,107,48,54
2025-09-01T08:47:44.580901,Virtyy,Virtyy,LOUD,https://www.vlr.gg/player/3983/virtyy,3983,"['Raze', 'Jett', 'Neon']",3,"Raze, Jett, Neon",276,1.01,214.0,1.03,68%,133.2,0.74,0.18,0.19,0.22,25%,9%,2/22,25,203,198,49,53,60
2025-09-01T08:47:44.581504,Zellsis,Zellsis,SEN,https://www.vlr.gg/player/729/zellsis,729,"['Vyse', 'Deadlock', 'Breach']",5,"Vyse, Deadlock, Breach, (+2)",426,1.01,190.0,1.04,75%,122.4,0.66,0.34,0.07,0.07,22%,15%,8/53,18,281,271,145,28,31
2025-09-01T08:47:44.581504,spike,spike,2G,https://www.vlr.gg/player/21661/spike,21661,"['Neon', 'Kayo', 'Yoru']",3,"Neon, Kayo, Yoru",252,0.99,232.5,1.03,66%,149.2,0.80,0.27,0.19,0.20,25%,19%,3/16,27,202,196,69,49,50
2025-09-01T08:47:44.582517,Xeppaa,Xeppaa,C9,https://www.vlr.gg/player/7871/xeppaa,7871,"['Killjoy', 'Vyse']",2,"Killjoy, Vyse",442,0.98,200.7,0.99,76%,132.4,0.69,0.28,0.07,0.06,23%,16%,9/57,22,306,308,123,33,26
2025-09-01T08:47:44.583623,Shyy,Shyy,KRÜ,https://www.vlr.gg/player/24007/shyy,24007,"['Vyse', 'Cypher', 'Viper']",3,"Vyse, Cypher, Viper",334,0.97,182.9,0.96,71%,123.6,0.64,0.23,0.07,0.07,30%,12%,6/51,23,214,222,76,23,23
2025-09-01T08:47:44.583623,C0M,C0M,LEV,https://www.vlr.gg/player/619/c0m,619,"['Fade', 'Sova']",2,"Fade, Sova",463,0.96,170.5,0.93,72%,117.9,0.59,0.29,0.06,0.06,27%,14%,10/69,22,271,290,135,26,26
2025-09-01T08:47:44.584612,zander,zander,100T,https://www.vlr.gg/player/8082/zander,8082,"['Viper', 'Omen']",2,"Viper, Omen",372,0.96,198.4,0.98,72%,128.2,0.69,0.32,0.11,0.10,26%,14%,5/35,23,256,261,120,42,36
2025-09-01T08:47:44.585609,Mazino,Mazino,KRÜ,https://www.vlr.gg/player/7603/mazino,7603,"['Viper', 'Sova', 'Fade']",3,"Viper, Sova, Fade",334,0.96,191.1,0.94,70%,126.9,0.65,0.31,0.07,0.08,24%,16%,7/44,22,216,230,104,25,27
2025-09-01T08:47:44.585609,yay,yay,EG,https://www.vlr.gg/player/881/yay,881,"['Jett', 'Clove', 'Chamber']",4,"Jett, Clove, Chamber, (+1)",289,0.95,217.7,0.98,64%,142.2,0.77,0.19,0.17,0.21,29%,9%,2/23,29,223,228,56,48,60
2025-09-01T08:47:44.586607,xenom,xenom,MIBR,https://www.vlr.gg/player/20240/xenom,20240,"['Astra', 'Omen', 'Viper']",4,"Astra, Omen, Viper, (+1)",242,0.94,168.5,0.92,74%,110.9,0.60,0.34,0.07,0.04,35%,13%,4/31,20,145,157,82,17,9
2025-09-01T08:47:44.588515,Melser,Melser,KRÜ,https://www.vlr.gg/player/1311/melser,1311,"['Fade', 'Omen', 'Brimstone']",3,"Fade, Omen, Brimstone",334,0.93,159.2,0.90,73%,104.4,0.59,0.36,0.06,0.08,26%,9%,4/47,20,196,218,119,19,28
2025-09-01T08:47:44.588515,mitch,mitch,C9,https://www.vlr.gg/player/612/mitch,612,"['Skye', 'Fade', 'Sova']",3,"Skye, Fade, Sova",442,0.93,175.4,0.87,74%,115.5,0.57,0.40,0.06,0.11,19%,20%,9/46,18,252,291,178,25,49
2025-09-01T08:47:44.589513,cauanzin,cauanzin,LOUD,https://www.vlr.gg/player/6193/cauanzin,6193,"['Gekko', 'Kayo', 'Sova']",5,"Gekko, Kayo, Sova, (+2)",276,0.92,193.8,0.91,70%,125.7,0.67,0.31,0.09,0.07,25%,10%,2/20,21,185,204,86,24,20
2025-09-01T08:47:44.590512,pryze,pryze,2G,https://www.vlr.gg/player/662/pryze,662,"['Sova', 'Fade']",2,"Sova, Fade",252,0.91,178.6,0.80,65%,124.0,0.60,0.29,0.05,0.05,22%,12%,4/33,20,152,189,74,13,12
2025-09-01T08:47:44.591511,Kess,Kess,100T,https://www.vlr.gg/player/9094/kess,9094,"['Brimstone', 'Cypher', 'Fade']",5,"Brimstone, Cypher, Fade, (+2)",372,0.90,173.1,0.88,70%,112.9,0.60,0.29,0.07,0.07,28%,15%,8/52,23,224,256,107,27,26
2025-09-01T08:47:44.592015,neT,neT,C9,https://www.vlr.gg/player/6582/net,6582,"['Viper', 'Deadlock']",2,"Viper, Deadlock",442,0.90,164.1,0.91,72%,108.1,0.59,0.25,0.07,0.11,31%,21%,12/56,22,261,288,112,33,49
2025-09-01T08:47:44.592015,NaturE,NaturE,EG,https://www.vlr.gg/player/4927/nature,4927,"['Kayo', 'Fade', 'Breach']",4,"Kayo, Fade, Breach, (+1)",289,0.89,180.3,0.80,74%,113.4,0.58,0.45,0.05,0.07,21%,13%,4/30,18,169,212,130,14,21
2025-09-01T08:47:44.593117,pANcada,pANcada,LOUD,https://www.vlr.gg/player/683/pancada,683,"['Brimstone', 'Omen', 'Viper']",3,"Brimstone, Omen, Viper",276,0.89,164.1,0.81,66%,111.9,0.56,0.34,0.04,0.05,38%,13%,6/48,28,155,192,95,12,14
2025-09-01T08:47:44.594024,Dantedeu5,Dantedeu5,KRÜ,https://www.vlr.gg/player/41135/dantedeu5,41135,"['Neon', 'Jett', 'Yoru']",4,"Neon, Jett, Yoru, (+1)",334,0.87,187.8,0.87,68%,122.3,0.64,0.26,0.13,0.19,25%,13%,2/15,24,214,247,86,45,62
2025-09-01T08:47:44.594024,heat,heat,FUR,https://www.vlr.gg/player/8673/heat,8673,"['Viper', 'Cypher', 'Chamber']",3,"Viper, Cypher, Chamber",196,0.87,185.1,0.77,63%,123.5,0.62,0.19,0.08,0.10,30%,6%,3/47,18,121,158,37,16,20
2025-09-01T08:47:44.595212,lz,lz,2G,https://www.vlr.gg/player/6195/lz,6195,"['Omen', 'Brimstone']",2,"Omen, Brimstone",252,0.86,160.9,0.79,70%,103.0,0.56,0.42,0.08,0.10,40%,16%,5/32,19,140,177,106,21,26
2025-09-01T08:47:44.595212,adverso,adverso,FUR,https://www.vlr.gg/player/3826/adverso,3826,"['Sova', 'Deadlock', 'Fade']",4,"Sova, Deadlock, Fade, (+1)",196,0.85,188.3,0.76,67%,125.4,0.64,0.24,0.06,0.08,20%,17%,6/35,21,125,164,47,12,16
2025-09-01T08:47:44.596313,icy,icy,EG,https://www.vlr.gg/player/8402/icy,8402,"['Cypher', 'Raze', 'Neon']",3,"Cypher, Raze, Neon",289,0.85,167.5,0.82,65%,112.4,0.60,0.19,0.09,0.14,28%,11%,3/28,22,173,211,54,27,40
2025-09-01T08:47:44.597235,tex,tex,LEV,https://www.vlr.gg/player/1818/tex,1818,"['Gekko', 'Cypher', 'Killjoy']",5,"Gekko, Cypher, Killjoy, (+2)",463,0.83,162.1,0.85,69%,107.5,0.59,0.17,0.09,0.10,32%,12%,6/51,21,273,321,80,42,47
2025-09-01T08:47:44.597235,supamen,supamen,EG,https://www.vlr.gg/player/826/supamen,826,"['Omen', 'Viper']",2,"Omen, Viper",289,0.83,154.5,0.78,65%,102.1,0.56,0.27,0.07,0.09,35%,14%,6/43,21,161,207,79,20,26
2025-09-01T08:47:44.598306,artzin,artzin,MIBR,https://www.vlr.gg/player/5957/artzin,5957,"['Yoru', 'Kayo', 'Iso']",5,"Yoru, Kayo, Iso, (+2)",242,0.80,179.8,0.85,66%,119.1,0.63,0.21,0.11,0.20,22%,15%,3/20,22,153,180,51,26,49
2025-09-01T08:47:44.599306,gobera,gobera,2G,https://www.vlr.gg/player/14950/gobera,14950,"['Breach', 'Cypher', 'Viper']",4,"Breach, Cypher, Viper, (+1)",252,0.78,156.7,0.72,63%,101.4,0.53,0.31,0.05,0.06,27%,28%,10/36,21,133,185,79,12,14
2025-09-01T08:47:44.599306,RobbieBk,RobbieBk,LOUD,https://www.vlr.gg/player/5893/robbiebk,5893,"['Skye', 'Sova', 'Killjoy']",4,"Skye, Sova, Killjoy, (+1)",276,0.78,149.0,0.73,63%,103.3,0.51,0.24,0.04,0.07,35%,17%,5/29,17,142,194,65,10,20
2025-09-01T08:47:44.600320,Palla,Palla,FUR,https://www.vlr.gg/player/15681/palla,15681,"['Neon', 'Raze', 'Waylay']",4,"Neon, Raze, Waylay, (+1)",196,0.77,199.0,0.75,60%,130.5,0.66,0.18,0.15,0.22,30%,0%,0/10,24,130,174,35,30,44
2025-09-01T08:47:44.600320,tuyz,tuyz,FUR,https://www.vlr.gg/player/2408/tuyz,2408,"['Omen', 'Brimstone']",2,"Omen, Brimstone",196,0.72,135.7,0.61,67%,93.5,0.47,0.36,0.05,0.08,28%,13%,4/31,17,93,152,71,10,16
2025-09-01T08:47:44.602933,Verno,Verno,MIBR,https://www.vlr.gg/player/21668/verno,21668,"['Fade', 'Sova', 'Skye']",3,"Fade, Sova, Skye",242,0.72,140.5,0.64,69%,96.1,0.45,0.30,0.06,0.09,27%,13%,3/23,15,110,171,73,15,22
2025-09-01T08:47:44.603944,Urango,Urango,FUR,https://www.vlr.gg/player/6238/urango,6238,"['Killjoy', 'Skye', 'Sage']",6,"Killjoy, Skye, Sage, (+3)",196,0.59,139.9,0.55,63%,94.4,0.47,0.26,0.03,0.14,31%,13%,3/24,14,93,168,50,5,27
