match_id,match_title,event,date,format,teams,score,maps_played,patch,pick_ban_info,match_url
N/A,Team 1 vs Team 2,N/A,N/A,N/A,Team 1 vs Team 2,0 - 0,0,N/A,N/A,N/A
508816,Nongshim RedForce vs Team Secret,VCT 2025: Pacific Stage 2,2025-07-15 06:15:00,Bo3,Nongshim RedForce vs Team Secret,2 - 1,3,Patch 11.0,NS ban Icebox; TS ban Bind; NS pick Sunset; TS pick Ascent; NS ban Corrode; TS ban Haven; Lotus remains,https://www.vlr.gg/508816/nongshim-redforce-vs-team-secret-vct-2025-pacific-stage-2-w1
508817,T1 vs Paper Rex,VCT 2025: Pacific Stage 2,2025-07-16 04:00:00,Bo3,T1 vs Paper Rex,0 - 2,2,Patch 11.0,T1 ban Icebox; PRX ban Corrode; T1 pick Haven; PRX pick Lotus; T1 ban Bind; PRX ban Ascent; Sunset remains,https://www.vlr.gg/508817/t1-vs-paper-rex-vct-2025-pacific-stage-2-w1
508818,DRX vs Gen.G,VCT 2025: Pacific Stage 2,2025-07-16 06:35:00,Bo3,DRX vs Gen.G,0 - 2,2,Patch 11.0,DRX ban Sunset; GEN ban Bind; DRX pick Corrode; GEN pick Haven; DRX ban Lotus; GEN ban Ascent; Icebox remains,https://www.vlr.gg/508818/drx-vs-gen-g-vct-2025-pacific-stage-2-w1
508819,Rex Regum Qeon vs Global Esports,VCT 2025: Pacific Stage 2,2025-07-17 04:00:00,Bo3,Rex Regum Qeon vs Global Esports,0 - 2,2,Patch 11.0,RRQ ban Lotus; GE ban Sunset; RRQ pick Haven; GE pick Corrode; RRQ ban Icebox; GE ban Ascent; Bind remains,https://www.vlr.gg/508819/rex-regum-qeon-vs-global-esports-vct-2025-pacific-stage-2-w1
508820,ZETA DIVISION vs DetonatioN FocusMe,VCT 2025: Pacific Stage 2,2025-07-17 06:15:00,Bo3,ZETA DIVISION vs DetonatioN FocusMe,1 - 2,3,Patch 11.0,ZETA ban Ascent; DFM ban Bind; ZETA pick Haven; DFM pick Lotus; ZETA ban Corrode; DFM ban Sunset; Icebox remains,https://www.vlr.gg/508820/zeta-division-vs-detonation-focusme-vct-2025-pacific-stage-2-w1
508821,DRX vs Nongshim RedForce,VCT 2025: Pacific Stage 2,2025-07-18 04:00:00,Bo3,DRX vs Nongshim RedForce,2 - 1,3,Patch 11.0,DRX ban Sunset; NS ban Corrode; DRX pick Icebox; NS pick Bind; DRX ban Ascent; NS ban Haven; Lotus remains,https://www.vlr.gg/508821/drx-vs-nongshim-redforce-vct-2025-pacific-stage-2-w1
508822,BOOM Esports vs T1,VCT 2025: Pacific Stage 2,2025-07-18 07:10:00,Bo3,BOOM Esports vs T1,0 - 2,2,Patch 11.0,T1 ban Bind; BME ban Icebox; T1 pick Ascent; BME pick Corrode; T1 ban Haven; BME ban Lotus; Sunset remains,https://www.vlr.gg/508822/boom-esports-vs-t1-vct-2025-pacific-stage-2-w1
508823,Global Esports vs Team Secret,VCT 2025: Pacific Stage 2,2025-07-19 04:00:00,Bo3,Global Esports vs Team Secret,1 - 2,3,Patch 11.0,GE ban Sunset; TS ban Haven; GE pick Bind; TS pick Corrode; GE ban Ascent; TS ban Icebox; Lotus remains,https://www.vlr.gg/508823/global-esports-vs-team-secret-vct-2025-pacific-stage-2-w1
508824,Paper Rex vs DetonatioN FocusMe,VCT 2025: Pacific Stage 2,2025-07-19 07:20:00,Bo3,Paper Rex vs DetonatioN FocusMe,2 - 0,2,Patch 11.0,PRX ban Corrode; DFM ban Bind; PRX pick Lotus; DFM pick Haven; PRX ban Ascent; DFM ban Sunset; Icebox remains,https://www.vlr.gg/508824/paper-rex-vs-detonation-focusme-vct-2025-pacific-stage-2-w1
508825,TALON vs ZETA DIVISION,VCT 2025: Pacific Stage 2,2025-07-20 04:00:00,Bo3,TALON vs ZETA DIVISION,2 - 0,2,Patch 11.0,TLN ban Ascent; ZETA ban Corrode; TLN pick Icebox; ZETA pick Bind; TLN ban Lotus; ZETA ban Sunset; Haven remains,https://www.vlr.gg/508825/talon-vs-zeta-division-vct-2025-pacific-stage-2-w1
508826,Rex Regum Qeon vs Gen.G,VCT 2025: Pacific Stage 2,2025-07-20 06:00:00,Bo3,Rex Regum Qeon vs Gen.G,2 - 1,3,Patch 11.0,GEN ban Bind; RRQ ban Lotus; GEN pick Sunset; RRQ pick Ascent; GEN ban Corrode; RRQ ban Icebox; Haven remains,https://www.vlr.gg/508826/rex-regum-qeon-vs-gen-g-vct-2025-pacific-stage-2-w1
508828,Gen.G vs Global Esports,VCT 2025: Pacific Stage 2,2025-07-25 04:00:00,Bo3,Gen.G vs Global Esports,2 - 1,3,Patch 11.0,GE ban Lotus; GEN ban Bind; GE pick Icebox; GEN pick Haven; GE ban Sunset; GEN ban Ascent; Corrode remains,https://www.vlr.gg/508828/gen-g-vs-global-esports-vct-2025-pacific-stage-2-w2
508829,TALON vs DetonatioN FocusMe,VCT 2025: Pacific Stage 2,2025-07-25 06:50:00,Bo3,TALON vs DetonatioN FocusMe,1 - 2,3,Patch 11.0,TLN ban Ascent; DFM ban Bind; TLN pick Sunset; DFM pick Corrode; TLN ban Haven; DFM ban Lotus; Icebox remains,https://www.vlr.gg/508829/talon-vs-detonation-focusme-vct-2025-pacific-stage-2-w2
508830,T1 vs ZETA DIVISION,VCT 2025: Pacific Stage 2,2025-07-26 04:00:00,Bo3,T1 vs ZETA DIVISION,2 - 0,2,Patch 11.0,ZETA ban Ascent; T1 ban Lotus; ZETA pick Corrode; T1 pick Sunset; ZETA ban Icebox; T1 ban Bind; Haven remains,https://www.vlr.gg/508830/t1-vs-zeta-division-vct-2025-pacific-stage-2-w2
508831,Rex Regum Qeon vs Nongshim RedForce,VCT 2025: Pacific Stage 2,2025-07-26 06:05:00,Bo3,Rex Regum Qeon vs Nongshim RedForce,2 - 1,3,Patch 11.0,NS ban Sunset; RRQ ban Lotus; NS pick Corrode; RRQ pick Haven; NS ban Bind; RRQ ban Ascent; Icebox remains,https://www.vlr.gg/508831/rex-regum-qeon-vs-nongshim-redforce-vct-2025-pacific-stage-2-w2
508832,DRX vs Team Secret,VCT 2025: Pacific Stage 2,2025-07-27 04:00:00,Bo3,DRX vs Team Secret,2 - 0,2,Patch 11.0,DRX ban Sunset; TS ban Haven; DRX pick Icebox; TS pick Corrode; DRX ban Bind; TS ban Lotus; Ascent remains,https://www.vlr.gg/508832/drx-vs-team-secret-vct-2025-pacific-stage-2-w2
508833,BOOM Esports vs Paper Rex,VCT 2025: Pacific Stage 2,2025-07-27 06:00:00,Bo3,BOOM Esports vs Paper Rex,0 - 2,2,Patch 11.0,BME ban Icebox; PRX ban Ascent; BME pick Bind; PRX pick Lotus; BME ban Sunset; PRX ban Haven; Corrode remains,https://www.vlr.gg/508833/boom-esports-vs-paper-rex-vct-2025-pacific-stage-2-w2
508834,Gen.G vs Team Secret,VCT 2025: Pacific Stage 2,2025-08-01 04:00:00,Bo3,Gen.G vs Team Secret,2 - 0,2,Patch 11.0,GEN ban Sunset; TS ban Haven; GEN pick Lotus; TS pick Ascent; GEN ban Bind; TS ban Icebox; Corrode remains,https://www.vlr.gg/508834/gen-g-vs-team-secret-vct-2025-pacific-stage-2-w3
508835,TALON vs T1,VCT 2025: Pacific Stage 2,2025-08-01 06:00:00,Bo3,TALON vs T1,2 - 0,2,Patch 11.0,TLN ban Ascent; T1 ban Icebox; TLN pick Corrode; T1 pick Lotus; TLN ban Haven; T1 ban Bind; Sunset remains,https://www.vlr.gg/508835/talon-vs-t1-vct-2025-pacific-stage-2-w3
508836,BOOM Esports vs DetonatioN FocusMe,VCT 2025: Pacific Stage 2,2025-08-02 04:00:00,Bo3,BOOM Esports vs DetonatioN FocusMe,0 - 2,2,Patch 11.0,BME ban Icebox; DFM ban Bind; BME pick Lotus; DFM pick Corrode; BME ban Sunset; DFM ban Haven; Ascent remains,https://www.vlr.gg/508836/boom-esports-vs-detonation-focusme-vct-2025-pacific-stage-2-w3
508837,Rex Regum Qeon vs DRX,VCT 2025: Pacific Stage 2,2025-08-02 06:05:00,Bo3,Rex Regum Qeon vs DRX,0 - 2,2,Patch 11.0,RRQ ban Lotus; DRX ban Sunset; RRQ pick Bind; DRX pick Ascent; RRQ ban Corrode; DRX ban Icebox; Haven remains,https://www.vlr.gg/508837/rex-regum-qeon-vs-drx-vct-2025-pacific-stage-2-w3
508838,Nongshim RedForce vs Global Esports,VCT 2025: Pacific Stage 2,2025-08-03 04:00:00,Bo3,Nongshim RedForce vs Global Esports,2 - 0,2,Patch 11.0,GE ban Sunset; NS ban Icebox; GE pick Corrode; NS pick Bind; GE ban Haven; NS ban Lotus; Ascent remains,https://www.vlr.gg/508838/nongshim-redforce-vs-global-esports-vct-2025-pacific-stage-2-w3
508839,Paper Rex vs ZETA DIVISION,VCT 2025: Pacific Stage 2,2025-08-03 06:10:00,Bo3,Paper Rex vs ZETA DIVISION,0 - 2,2,Patch 11.0,ZETA ban Icebox; PRX ban Ascent; ZETA pick Lotus; PRX pick Sunset; ZETA ban Corrode; PRX ban Bind; Haven remains,https://www.vlr.gg/508839/paper-rex-vs-zeta-division-vct-2025-pacific-stage-2-w3
508840,Gen.G vs Nongshim RedForce,VCT 2025: Pacific Stage 2,2025-08-08 04:00:00,Bo3,Gen.G vs Nongshim RedForce,0 - 2,2,Patch 11.0,GEN ban Bind; NS ban Haven; GEN pick Lotus; NS pick Ascent; GEN ban Sunset; NS ban Icebox; Corrode remains,https://www.vlr.gg/508840/gen-g-vs-nongshim-redforce-vct-2025-pacific-stage-2-w4
508841,TALON vs Paper Rex,VCT 2025: Pacific Stage 2,2025-08-08 06:30:00,Bo3,TALON vs Paper Rex,0 - 2,2,Patch 11.0,TLN ban Sunset; PRX ban Corrode; TLN pick Bind; PRX pick Icebox; TLN ban Haven; PRX ban Ascent; Lotus remains,https://www.vlr.gg/508841/talon-vs-paper-rex-vct-2025-pacific-stage-2-w4
508842,DRX vs Global Esports,VCT 2025: Pacific Stage 2,2025-08-09 04:00:00,Bo3,DRX vs Global Esports,2 - 0,2,Patch 11.0,DRX ban Sunset; GE ban Bind; DRX pick Lotus; GE pick Icebox; DRX ban Ascent; GE ban Haven; Corrode remains,https://www.vlr.gg/508842/drx-vs-global-esports-vct-2025-pacific-stage-2-w4
508843,BOOM Esports vs ZETA DIVISION,VCT 2025: Pacific Stage 2,2025-08-09 06:25:00,Bo3,BOOM Esports vs ZETA DIVISION,1 - 2,3,Patch 11.0,BME ban Icebox; ZETA ban Bind; BME pick Lotus; ZETA pick Corrode; BME ban Haven; ZETA ban Sunset; Ascent remains,https://www.vlr.gg/508843/boom-esports-vs-zeta-division-vct-2025-pacific-stage-2-w4
508844,Rex Regum Qeon vs Team Secret,VCT 2025: Pacific Stage 2,2025-08-10 04:00:00,Bo3,Rex Regum Qeon vs Team Secret,2 - 1,3,Patch 11.0,TS ban Haven; RRQ ban Lotus; TS pick Ascent; RRQ pick Icebox; TS ban Corrode; RRQ ban Bind; Sunset remains,https://www.vlr.gg/508844/rex-regum-qeon-vs-team-secret-vct-2025-pacific-stage-2-w4
508845,T1 vs DetonatioN FocusMe,VCT 2025: Pacific Stage 2,2025-08-10 07:05:00,Bo3,T1 vs DetonatioN FocusMe,2 - 0,2,Patch 11.0,DFM ban Bind; T1 ban Icebox; DFM pick Sunset; T1 pick Haven; DFM ban Lotus; T1 ban Ascent; Corrode remains,https://www.vlr.gg/508845/t1-vs-detonation-focusme-vct-2025-pacific-stage-2-w4
530354,TALON vs Nongshim RedForce,VCT 2025: Pacific Stage 2,2025-08-13 04:00:00,Bo3,TALON vs Nongshim RedForce,2 - 0,2,Patch 11.0,NS ban Icebox; TLN ban Ascent; NS pick Lotus; TLN pick Corrode; NS ban Haven; TLN ban Sunset; Bind remains,https://www.vlr.gg/530354/talon-vs-nongshim-redforce-vct-2025-pacific-stage-2-ur1
530355,Rex Regum Qeon vs T1,VCT 2025: Pacific Stage 2,2025-08-13 06:35:00,Bo3,Rex Regum Qeon vs T1,1 - 2,3,Patch 11.0,T1 ban Icebox; RRQ ban Lotus; T1 pick Bind; RRQ pick Haven; T1 ban Corrode; RRQ ban Ascent; Sunset remains,https://www.vlr.gg/530355/rex-regum-qeon-vs-t1-vct-2025-pacific-stage-2-ur1
530356,DRX vs TALON,VCT 2025: Pacific Stage 2,2025-08-14 04:00:00,Bo3,DRX vs TALON,1 - 2,3,Patch 11.0,TLN ban Ascent; DRX ban Sunset; TLN pick Bind; DRX pick Haven; TLN ban Corrode; DRX ban Icebox; Lotus remains,https://www.vlr.gg/530356/drx-vs-talon-vct-2025-pacific-stage-2-ubsf
530357,Paper Rex vs T1,VCT 2025: Pacific Stage 2,2025-08-14 07:10:00,Bo3,Paper Rex vs T1,2 - 0,2,Patch 11.0,T1 ban Icebox; PRX ban Corrode; T1 pick Sunset; PRX pick Bind; T1 ban Lotus; PRX ban Haven; Ascent remains,https://www.vlr.gg/530357/paper-rex-vs-t1-vct-2025-pacific-stage-2-ubsf
530358,Nongshim RedForce vs DetonatioN FocusMe,VCT 2025: Pacific Stage 2,2025-08-15 04:00:00,Bo3,Nongshim RedForce vs DetonatioN FocusMe,2 - 0,2,Patch 11.0,DFM ban Bind; NS ban Icebox; DFM pick Lotus; NS pick Ascent; DFM ban Haven; NS ban Sunset; Corrode remains,https://www.vlr.gg/530358/nongshim-redforce-vs-detonation-focusme-vct-2025-pacific-stage-2-lr1
530359,Rex Regum Qeon vs Gen.G,VCT 2025: Pacific Stage 2,2025-08-15 06:05:00,Bo3,Rex Regum Qeon vs Gen.G,2 - 1,3,Patch 11.0,GEN ban Icebox; RRQ ban Lotus; GEN pick Haven; RRQ pick Sunset; GEN ban Bind; RRQ ban Ascent; Corrode remains,https://www.vlr.gg/530359/rex-regum-qeon-vs-gen-g-vct-2025-pacific-stage-2-lr1
530360,T1 vs Nongshim RedForce,VCT 2025: Pacific Stage 2,2025-08-16 04:00:00,Bo3,T1 vs Nongshim RedForce,2 - 0,2,Patch 11.0,NS ban Sunset; T1 ban Corrode; NS pick Lotus; T1 pick Ascent; NS ban Bind; T1 ban Icebox; Haven remains,https://www.vlr.gg/530360/t1-vs-nongshim-redforce-vct-2025-pacific-stage-2-lr2
530361,DRX vs Rex Regum Qeon,VCT 2025: Pacific Stage 2,2025-08-16 06:05:00,Bo3,DRX vs Rex Regum Qeon,0 - 2,2,Patch 11.0,RRQ ban Lotus; DRX ban Sunset; RRQ pick Icebox; DRX pick Corrode; RRQ ban Bind; DRX ban Haven; Ascent remains,https://www.vlr.gg/530361/drx-vs-rex-regum-qeon-vct-2025-pacific-stage-2-lr2
530362,TALON vs Paper Rex,VCT 2025: Pacific Stage 2,2025-08-17 04:00:00,Bo3,TALON vs Paper Rex,0 - 2,2,Patch 11.0,TLN ban Ascent; PRX ban Corrode; TLN pick Haven; PRX pick Bind; TLN ban Sunset; PRX ban Icebox; Lotus remains,https://www.vlr.gg/530362/talon-vs-paper-rex-vct-2025-pacific-stage-2-ubf
530363,T1 vs Rex Regum Qeon,VCT 2025: Pacific Stage 2,2025-08-17 06:00:00,Bo3,T1 vs Rex Regum Qeon,1 - 2,3,Patch 11.0,T1 ban Icebox; RRQ ban Lotus; T1 pick Ascent; RRQ pick Sunset; T1 ban Corrode; RRQ ban Bind; Haven remains,https://www.vlr.gg/530363/t1-vs-rex-regum-qeon-vct-2025-pacific-stage-2-lr3
530514,Team World vs Glory Once Again,VCT 2025: Pacific Stage 2,2025-08-30 01:00:00,Bo1,Team World vs Glory Once Again,1 - 0,1,Patch 11.0,N/A,https://www.vlr.gg/530514/team-world-vs-glory-once-again-vct-2025-pacific-stage-2-main-event
530364,TALON vs Rex Regum Qeon,VCT 2025: Pacific Stage 2,2025-08-30 02:00:00,Bo5,TALON vs Rex Regum Qeon,2 - 3,5,Patch 11.0,TLN ban Ascent; RRQ ban Lotus; TLN pick Bind; RRQ pick Haven; TLN pick Corrode; RRQ pick Icebox; Sunset remains,https://www.vlr.gg/530364/talon-vs-rex-regum-qeon-vct-2025-pacific-stage-2-lf
530365,Paper Rex vs Rex Regum Qeon,VCT 2025: Pacific Stage 2,2025-08-31 01:50:00,Bo5,Paper Rex vs Rex Regum Qeon,3 - 1,4,Patch 11.0,PRX ban Corrode; PRX ban Icebox; PRX pick Bind; RRQ pick Ascent; PRX pick Lotus; RRQ pick Haven; Sunset remains,https://www.vlr.gg/530365/paper-rex-vs-rex-regum-qeon-vct-2025-pacific-stage-2-gf
