scraped_at,date,match_url,match_id,time,team1,score1,team2,score2,score,winner,status,week,stage
2025-09-01T08:20:11.154571,"Tue, July 15, 2025",https://www.vlr.gg/508815/boom-esports-vs-talon-vct-2025-pacific-stage-2-w1,508815,1:30 PM,BOOM Esports,0,TALON,2,0-2,TALON,Completed,Week 1,Group Stage
2025-09-01T08:20:11.271781,"Tue, July 15, 2025",https://www.vlr.gg/508816/nongshim-redforce-vs-team-secret-vct-2025-pacific-stage-2-w1,508816,3:45 PM,Nongshim RedForce,2,Team Secret,1,2-1,Nongshim RedForce,Completed,Week 1,Group Stage
2025-09-01T08:20:11.373096,"Wed, July 16, 2025",https://www.vlr.gg/508817/t1-vs-paper-rex-vct-2025-pacific-stage-2-w1,508817,1:30 PM,T1,0,Paper Rex,2,0-2,Paper Rex,Completed,Week 1,Group Stage
2025-09-01T08:20:11.475166,"Wed, July 16, 2025",https://www.vlr.gg/508818/drx-vs-gen-g-vct-2025-pacific-stage-2-w1,508818,4:05 PM,DRX,0,Gen.G,2,0-2,Gen.G,Completed,Week 1,Group Stage
2025-09-01T08:20:11.576789,"Thu, July 17, 2025",https://www.vlr.gg/508819/rex-regum-qeon-vs-global-esports-vct-2025-pacific-stage-2-w1,508819,1:30 PM,Rex Regum Qeon,0,Global Esports,2,0-2,Global Esports,Completed,Week 1,Group Stage
2025-09-01T08:20:11.678016,"Thu, July 17, 2025",https://www.vlr.gg/508820/zeta-division-vs-detonation-focusme-vct-2025-pacific-stage-2-w1,508820,3:45 PM,ZETA DIVISION,1,DetonatioN FocusMe,2,1-2,DetonatioN FocusMe,Completed,Week 1,Group Stage
2025-09-01T08:20:11.779363,"Fri, July 18, 2025",https://www.vlr.gg/508821/drx-vs-nongshim-redforce-vct-2025-pacific-stage-2-w1,508821,1:30 PM,DRX,2,Nongshim RedForce,1,2-1,DRX,Completed,Week 1,Group Stage
2025-09-01T08:20:11.881345,"Fri, July 18, 2025",https://www.vlr.gg/508822/boom-esports-vs-t1-vct-2025-pacific-stage-2-w1,508822,4:40 PM,BOOM Esports,0,T1,2,0-2,T1,Completed,Week 1,Group Stage
2025-09-01T08:20:11.983782,"Sat, July 19, 2025",https://www.vlr.gg/508823/global-esports-vs-team-secret-vct-2025-pacific-stage-2-w1,508823,1:30 PM,Global Esports,1,Team Secret,2,1-2,Team Secret,Completed,Week 1,Group Stage
2025-09-01T08:20:12.085767,"Sat, July 19, 2025",https://www.vlr.gg/508824/paper-rex-vs-detonation-focusme-vct-2025-pacific-stage-2-w1,508824,4:50 PM,Paper Rex,2,DetonatioN FocusMe,0,2-0,Paper Rex,Completed,Week 1,Group Stage
2025-09-01T08:20:12.188022,"Sun, July 20, 2025",https://www.vlr.gg/508825/talon-vs-zeta-division-vct-2025-pacific-stage-2-w1,508825,1:30 PM,TALON,2,ZETA DIVISION,0,2-0,TALON,Completed,Week 1,Group Stage
2025-09-01T08:20:12.289749,"Sun, July 20, 2025",https://www.vlr.gg/508826/rex-regum-qeon-vs-gen-g-vct-2025-pacific-stage-2-w1,508826,3:30 PM,Rex Regum Qeon,2,Gen.G,1,2-1,Rex Regum Qeon,Completed,Week 1,Group Stage
2025-09-01T08:20:12.390898,"Fri, July 25, 2025",https://www.vlr.gg/508828/gen-g-vs-global-esports-vct-2025-pacific-stage-2-w2,508828,1:30 PM,Gen.G,2,Global Esports,1,2-1,Gen.G,Completed,Week 2,Group Stage
2025-09-01T08:20:12.492513,"Fri, July 25, 2025",https://www.vlr.gg/508829/talon-vs-detonation-focusme-vct-2025-pacific-stage-2-w2,508829,4:20 PM,TALON,1,DetonatioN FocusMe,2,1-2,DetonatioN FocusMe,Completed,Week 2,Group Stage
2025-09-01T08:20:12.593962,"Sat, July 26, 2025",https://www.vlr.gg/508830/t1-vs-zeta-division-vct-2025-pacific-stage-2-w2,508830,1:30 PM,T1,2,ZETA DIVISION,0,2-0,T1,Completed,Week 2,Group Stage
2025-09-01T08:20:12.695248,"Sat, July 26, 2025",https://www.vlr.gg/508831/rex-regum-qeon-vs-nongshim-redforce-vct-2025-pacific-stage-2-w2,508831,3:35 PM,Rex Regum Qeon,2,Nongshim RedForce,1,2-1,Rex Regum Qeon,Completed,Week 2,Group Stage
2025-09-01T08:20:12.797000,"Sun, July 27, 2025",https://www.vlr.gg/508832/drx-vs-team-secret-vct-2025-pacific-stage-2-w2,508832,1:30 PM,DRX,2,Team Secret,0,2-0,DRX,Completed,Week 2,Group Stage
2025-09-01T08:20:12.898209,"Sun, July 27, 2025",https://www.vlr.gg/508833/boom-esports-vs-paper-rex-vct-2025-pacific-stage-2-w2,508833,3:30 PM,BOOM Esports,0,Paper Rex,2,0-2,Paper Rex,Completed,Week 2,Group Stage
2025-09-01T08:20:13.000039,"Fri, August 1, 2025",https://www.vlr.gg/508834/gen-g-vs-team-secret-vct-2025-pacific-stage-2-w3,508834,1:30 PM,Gen.G,2,Team Secret,0,2-0,Gen.G,Completed,Week 3,Group Stage
2025-09-01T08:20:13.101535,"Fri, August 1, 2025",https://www.vlr.gg/508835/talon-vs-t1-vct-2025-pacific-stage-2-w3,508835,3:30 PM,TALON,2,T1,0,2-0,TALON,Completed,Week 3,Group Stage
2025-09-01T08:20:13.204063,"Sat, August 2, 2025",https://www.vlr.gg/508836/boom-esports-vs-detonation-focusme-vct-2025-pacific-stage-2-w3,508836,1:30 PM,BOOM Esports,0,DetonatioN FocusMe,2,0-2,DetonatioN FocusMe,Completed,Week 3,Group Stage
2025-09-01T08:20:13.305940,"Sat, August 2, 2025",https://www.vlr.gg/508837/rex-regum-qeon-vs-drx-vct-2025-pacific-stage-2-w3,508837,3:35 PM,Rex Regum Qeon,0,DRX,2,0-2,DRX,Completed,Week 3,Group Stage
2025-09-01T08:20:13.407272,"Sun, August 3, 2025",https://www.vlr.gg/508838/nongshim-redforce-vs-global-esports-vct-2025-pacific-stage-2-w3,508838,1:30 PM,Nongshim RedForce,2,Global Esports,0,2-0,Nongshim RedForce,Completed,Week 3,Group Stage
2025-09-01T08:20:13.509182,"Sun, August 3, 2025",https://www.vlr.gg/508839/paper-rex-vs-zeta-division-vct-2025-pacific-stage-2-w3,508839,3:40 PM,Paper Rex,0,ZETA DIVISION,2,0-2,ZETA DIVISION,Completed,Week 3,Group Stage
2025-09-01T08:20:13.610436,"Fri, August 8, 2025",https://www.vlr.gg/508840/gen-g-vs-nongshim-redforce-vct-2025-pacific-stage-2-w4,508840,1:30 PM,Gen.G,0,Nongshim RedForce,2,0-2,Nongshim RedForce,Completed,Week 4,Group Stage
2025-09-01T08:20:13.712461,"Fri, August 8, 2025",https://www.vlr.gg/508841/talon-vs-paper-rex-vct-2025-pacific-stage-2-w4,508841,4:00 PM,TALON,0,Paper Rex,2,0-2,Paper Rex,Completed,Week 4,Group Stage
2025-09-01T08:20:13.814205,"Sat, August 9, 2025",https://www.vlr.gg/508842/drx-vs-global-esports-vct-2025-pacific-stage-2-w4,508842,1:30 PM,DRX,2,Global Esports,0,2-0,DRX,Completed,Week 4,Group Stage
2025-09-01T08:20:13.915682,"Sat, August 9, 2025",https://www.vlr.gg/508843/boom-esports-vs-zeta-division-vct-2025-pacific-stage-2-w4,508843,3:55 PM,BOOM Esports,1,ZETA DIVISION,2,1-2,ZETA DIVISION,Completed,Week 4,Group Stage
2025-09-01T08:20:14.017470,"Sun, August 10, 2025",https://www.vlr.gg/508844/rex-regum-qeon-vs-team-secret-vct-2025-pacific-stage-2-w4,508844,1:30 PM,Rex Regum Qeon,2,Team Secret,1,2-1,Rex Regum Qeon,Completed,Week 4,Group Stage
2025-09-01T08:20:14.119126,"Sun, August 10, 2025",https://www.vlr.gg/508845/t1-vs-detonation-focusme-vct-2025-pacific-stage-2-w4,508845,4:35 PM,T1,2,DetonatioN FocusMe,0,2-0,T1,Completed,Week 4,Group Stage
2025-09-01T08:20:14.221615,"Wed, August 13, 2025",https://www.vlr.gg/530354/talon-vs-nongshim-redforce-vct-2025-pacific-stage-2-ur1,530354,1:30 PM,TALON,2,Nongshim RedForce,0,2-0,TALON,Completed,Upper Round 1,Playoffs
2025-09-01T08:20:14.323255,"Wed, August 13, 2025",https://www.vlr.gg/530355/rex-regum-qeon-vs-t1-vct-2025-pacific-stage-2-ur1,530355,4:05 PM,Rex Regum Qeon,1,T1,2,1-2,T1,Completed,Upper Round 1,Playoffs
2025-09-01T08:20:14.424520,"Thu, August 14, 2025",https://www.vlr.gg/530356/drx-vs-talon-vct-2025-pacific-stage-2-ubsf,530356,1:30 PM,DRX,1,TALON,2,1-2,TALON,Completed,Upper Semifinals,Playoffs
2025-09-01T08:20:14.526086,"Thu, August 14, 2025",https://www.vlr.gg/530357/paper-rex-vs-t1-vct-2025-pacific-stage-2-ubsf,530357,4:40 PM,Paper Rex,2,T1,0,2-0,Paper Rex,Completed,Upper Semifinals,Playoffs
2025-09-01T08:20:14.627892,"Fri, August 15, 2025",https://www.vlr.gg/530358/nongshim-redforce-vs-detonation-focusme-vct-2025-pacific-stage-2-lr1,530358,1:30 PM,Nongshim RedForce,2,DetonatioN FocusMe,0,2-0,Nongshim RedForce,Completed,Lower Round 1,Playoffs
2025-09-01T08:20:14.729483,"Fri, August 15, 2025",https://www.vlr.gg/530359/rex-regum-qeon-vs-gen-g-vct-2025-pacific-stage-2-lr1,530359,3:35 PM,Rex Regum Qeon,2,Gen.G,1,2-1,Rex Regum Qeon,Completed,Lower Round 1,Playoffs
2025-09-01T08:20:14.830827,"Sat, August 16, 2025",https://www.vlr.gg/530360/t1-vs-nongshim-redforce-vct-2025-pacific-stage-2-lr2,530360,1:30 PM,T1,2,Nongshim RedForce,0,2-0,T1,Completed,Lower Round 2,Playoffs
2025-09-01T08:20:14.931995,"Sat, August 16, 2025",https://www.vlr.gg/530361/drx-vs-rex-regum-qeon-vct-2025-pacific-stage-2-lr2,530361,3:35 PM,DRX,0,Rex Regum Qeon,2,0-2,Rex Regum Qeon,Completed,Lower Round 2,Playoffs
2025-09-01T08:20:15.033673,"Sun, August 17, 2025",https://www.vlr.gg/530362/talon-vs-paper-rex-vct-2025-pacific-stage-2-ubf,530362,1:30 PM,TALON,0,Paper Rex,2,0-2,Paper Rex,Completed,Upper Final,Playoffs
2025-09-01T08:20:15.135100,"Sun, August 17, 2025",https://www.vlr.gg/530363/t1-vs-rex-regum-qeon-vct-2025-pacific-stage-2-lr3,530363,3:30 PM,T1,1,Rex Regum Qeon,2,1-2,Rex Regum Qeon,Completed,Lower Round 3,Playoffs
2025-09-01T08:20:15.237697,"Sat, August 30, 2025",https://www.vlr.gg/530514/team-world-vs-glory-once-again-vct-2025-pacific-stage-2-main-event,530514,10:30 AM,Team World,13,Glory Once Again,8,13-8,Team World,Completed,Main Event,Showmatch
2025-09-01T08:20:15.339498,"Sat, August 30, 2025",https://www.vlr.gg/530364/talon-vs-rex-regum-qeon-vct-2025-pacific-stage-2-lf,530364,11:30 AM,TALON,2,Rex Regum Qeon,3,2-3,Rex Regum Qeon,Completed,Lower Final,Playoffs
2025-09-01T08:20:15.440486,"Sun, August 31, 2025Yesterday",https://www.vlr.gg/530365/paper-rex-vs-rex-regum-qeon-vct-2025-pacific-stage-2-gf,530365,11:20 AM,Paper Rex,3,Rex Regum Qeon,1,3-1,Paper Rex,Completed,Grand Final,Playoffs
