Match ID,Map,Player,Team,Agent,2K,3K,4K,5K,1v1,1v2,1v3,1v4,1v5,ECON,PL,DE
508815,Bind,Famouz,BME,Raze,1,1,0,1,0,0,0,0,0,58,0,0
508815,Bind,BerserX,BME,Viper,1,0,0,0,0,0,0,0,0,34,0,0
508815,Bind,NcSlasher,BME,Fade,2,0,0,0,0,0,0,0,0,59,5,0
508815,Bind,Shiro,BME,Kayo,1,1,1,0,0,0,0,0,0,58,1,1
508815,Bind,dos9,BME,Brimstone,3,1,0,0,0,0,0,0,0,45,1,0
508815,Bind,Crws,TLN,Fade,3,0,0,0,0,0,0,0,0,34,1,0
508815,Bind,Killua,TLN,Gekko,3,1,1,0,0,1,0,0,0,68,7,1
508815,Bind,JitBoyS,TLN,Astra,3,0,0,0,0,0,0,0,0,30,1,0
508815,Bind,primmie,TLN,Deadlock,2,2,0,0,0,0,0,0,0,56,0,1
508815,Bind,thyy,TLN,Raze,4,1,0,0,0,0,0,0,0,46,1,0
508815,Icebox,Famouz,BME,Neon,1,1,0,0,0,0,0,0,0,42,0,0
508815,Icebox,BerserX,BME,Killjoy,2,0,0,0,0,0,0,0,0,49,0,0
508815,Icebox,NcSlasher,BME,Omen,1,0,0,0,0,0,0,0,0,31,0,0
508815,Icebox,Shiro,BME,Sova,2,1,0,0,0,0,0,0,0,50,8,0
508815,Icebox,dos9,BME,Viper,2,1,0,0,0,0,0,0,0,72,0,0
508815,Icebox,Crws,TLN,Viper,2,2,0,0,0,2,0,0,0,79,0,1
508815,Icebox,Killua,TLN,Sova,1,0,0,0,0,0,0,0,0,44,0,2
508815,Icebox,JitBoyS,TLN,Killjoy,2,0,0,0,1,0,0,0,0,62,2,1
508815,Icebox,primmie,TLN,Sage,3,1,0,0,0,0,0,0,0,57,1,1
508815,Icebox,thyy,TLN,Jett,1,3,0,0,0,0,0,0,0,62,0,1
508816,Sunset,Rb,NS,Sova,2,1,1,0,0,0,0,0,0,88,3,0
508816,Sunset,Persia,NS,Omen,4,0,0,0,0,0,0,0,0,39,0,0
508816,Sunset,Dambi,NS,Neon,3,1,0,0,0,0,0,0,0,57,0,0
508816,Sunset,Francis,NS,Viper,3,2,0,0,0,0,0,0,0,63,0,0
508816,Sunset,Ivy,NS,Deadlock,2,1,0,0,0,0,0,0,0,41,6,1
508816,Sunset,ZesBeeW,TS,Neon,6,0,0,0,0,0,0,0,0,41,1,0
508816,Sunset,kellyS,TS,Breach,3,0,1,0,1,0,0,0,0,44,2,2
508816,Sunset,invy,TS,Sova,3,1,1,0,0,0,0,0,0,63,3,1
508816,Sunset,Wild0reoo,TS,Omen,6,0,0,0,2,0,0,0,0,53,0,1
508816,Sunset,n1zzy,TS,Cypher,2,0,0,0,1,0,0,0,0,33,0,1
508816,Ascent,Rb,NS,Sova,3,1,0,0,0,0,0,0,0,74,3,1
508816,Ascent,Persia,NS,Omen,6,2,0,0,1,0,0,0,0,55,4,0
508816,Ascent,Dambi,NS,Neon,5,1,0,0,0,0,0,0,0,54,1,0
508816,Ascent,Francis,NS,Viper,3,0,0,0,0,0,0,0,0,51,1,0
508816,Ascent,Ivy,NS,Killjoy,2,1,0,0,0,0,0,0,0,47,1,0
508816,Ascent,ZesBeeW,TS,Omen,2,0,0,0,0,0,0,0,0,43,0,1
508816,Ascent,kellyS,TS,Deadlock,5,1,0,0,0,0,0,0,0,57,4,1
508816,Ascent,invy,TS,Sova,7,0,0,0,0,0,0,0,0,55,1,0
508816,Ascent,Wild0reoo,TS,Cypher,1,1,0,0,0,1,0,0,0,26,1,1
508816,Ascent,n1zzy,TS,Yoru,3,1,0,0,0,1,0,0,0,53,1,0
508816,Lotus,Rb,NS,Sova,2,0,0,0,0,0,0,0,0,58,0,1
508816,Lotus,Persia,NS,Omen,1,0,0,0,0,0,0,0,0,44,2,0
508816,Lotus,Dambi,NS,Neon,2,3,1,0,0,0,0,0,0,84,1,0
508816,Lotus,Francis,NS,Viper,3,3,0,0,1,0,0,0,0,91,0,1
508816,Lotus,Ivy,NS,Deadlock,2,1,0,0,0,0,0,0,0,46,0,0
508816,Lotus,ZesBeeW,TS,Omen,1,0,0,0,0,0,0,0,0,22,2,0
508816,Lotus,kellyS,TS,Raze,2,0,0,0,0,0,0,0,0,49,0,0
508816,Lotus,invy,TS,Fade,1,0,0,0,0,0,0,0,0,30,3,0
508816,Lotus,Wild0reoo,TS,Cypher,0,0,0,0,0,0,0,0,0,41,0,0
508816,Lotus,n1zzy,TS,Viper,2,1,0,0,1,0,0,0,0,77,0,0
508817,Haven,stax,T1,Sova,1,1,0,0,1,0,1,0,0,26,5,1
508817,Haven,BuZz,T1,Yoru,7,2,0,1,1,1,0,0,0,51,2,3
508817,Haven,Meteor,T1,Cypher,4,0,0,0,0,0,0,0,0,34,0,0
508817,Haven,iZu,T1,Neon,8,1,0,0,1,0,0,0,0,51,1,1
508817,Haven,DH,T1,Omen,4,3,0,0,0,0,0,0,0,44,1,0
508817,Haven,Jinggg,PRX,Omen,4,2,0,0,0,0,0,0,0,42,0,2
508817,Haven,f0rsakeN,PRX,Waylay,6,0,1,0,0,0,0,0,0,49,1,1
508817,Haven,d4v41,PRX,Vyse,2,2,0,0,1,0,0,0,0,45,1,0
508817,Haven,PatMen,PRX,Fade,7,0,0,0,0,0,0,0,0,42,5,2
508817,Haven,something,PRX,Yoru,6,2,1,0,0,0,1,0,0,60,1,2
508817,Lotus,stax,T1,Fade,5,1,0,0,0,0,0,0,0,53,6,1
508817,Lotus,BuZz,T1,Yoru,4,0,1,0,0,0,0,0,0,42,1,0
508817,Lotus,Meteor,T1,Vyse,2,2,0,0,0,1,0,0,0,43,0,2
508817,Lotus,iZu,T1,Neon,3,0,0,0,0,0,0,0,0,29,0,0
508817,Lotus,DH,T1,Omen,7,0,0,0,1,0,0,0,0,62,0,0
508817,Lotus,Jinggg,PRX,Raze,2,2,0,0,0,1,0,0,0,55,3,2
508817,Lotus,f0rsakeN,PRX,Omen,6,0,0,0,1,0,0,0,0,55,1,0
508817,Lotus,d4v41,PRX,Vyse,6,4,0,0,0,0,0,0,0,74,0,0
508817,Lotus,PatMen,PRX,Fade,1,0,0,0,0,0,0,0,0,30,5,0
508817,Lotus,something,PRX,Yoru,6,0,0,0,1,0,0,0,0,59,0,0
508818,Corrode,free1ng,DRX,Sova,1,1,0,0,0,0,0,0,0,48,4,0
508818,Corrode,MaKo,DRX,Omen,4,1,0,0,1,0,0,0,0,63,0,1
508818,Corrode,Estrella,DRX,Viper,1,0,0,0,0,0,0,0,0,36,0,1
508818,Corrode,HYUNMIN,DRX,Jett,1,1,0,0,0,0,0,0,0,38,0,0
508818,Corrode,Flashback,DRX,Cypher,1,2,0,0,0,0,0,0,0,65,0,0
508818,Corrode,Munchkin,GEN,Viper,2,0,0,0,0,0,0,0,0,53,0,1
508818,Corrode,t3xture,GEN,Neon,3,1,1,0,1,0,0,0,0,73,0,0
508818,Corrode,Foxy9,GEN,Sage,3,0,0,0,0,0,0,0,0,43,3,0
508818,Corrode,Ash,GEN,Fade,2,1,1,0,1,0,0,0,0,71,2,1
508818,Corrode,Karon,GEN,Omen,2,2,0,0,0,0,0,0,0,40,0,0
508818,Haven,free1ng,DRX,Sova,1,0,0,0,0,0,0,0,0,23,3,0
508818,Haven,MaKo,DRX,Omen,4,2,0,0,0,0,0,0,0,74,3,0
508818,Haven,Estrella,DRX,Viper,3,0,0,0,1,0,0,0,0,39,1,0
508818,Haven,HYUNMIN,DRX,Neon,1,0,0,0,0,0,0,0,0,37,0,0
508818,Haven,Flashback,DRX,Cypher,3,2,0,0,0,0,0,0,0,61,1,1
508818,Haven,Munchkin,GEN,Viper,1,2,0,0,0,0,0,0,0,50,0,0
508818,Haven,t3xture,GEN,Neon,1,2,0,0,0,0,0,0,0,69,0,1
508818,Haven,Foxy9,GEN,Killjoy,3,0,0,0,0,0,0,0,0,47,0,0
508818,Haven,Ash,GEN,Sova,2,0,0,0,1,0,0,0,0,66,8,1
508818,Haven,Karon,GEN,Omen,5,1,0,0,1,0,0,0,0,34,2,1
508819,Haven,crazyguy,RRQ,Omen,0,0,0,0,0,0,0,0,0,30,2,1
508819,Haven,Kushy,RRQ,Sova,3,0,1,0,0,1,0,0,0,66,5,0
508819,Haven,xffero,RRQ,Cypher,3,1,0,0,0,0,0,0,0,51,1,0
508819,Haven,Monyet,RRQ,Neon,1,2,0,0,0,0,0,0,0,45,1,0
508819,Haven,Jemkin,RRQ,Yoru,1,1,0,0,0,0,0,0,0,58,0,0
508819,Haven,UdoTan,GE,Neon,2,1,1,2,1,0,0,0,0,114,0,0
508819,Haven,ban,GE,Cypher,1,0,0,0,1,0,0,0,0,33,1,1
508819,Haven,Kr1stal,GE,Deadlock,3,0,1,0,1,1,0,0,0,46,1,2
508819,Haven,Papi,GE,Omen,3,0,0,0,0,0,0,0,0,52,1,1
508819,Haven,yoman,GE,Sova,2,0,0,0,1,0,0,0,0,46,2,2
508819,Corrode,crazyguy,RRQ,Fade,4,0,0,0,0,0,0,0,0,39,2,0
508819,Corrode,Kushy,RRQ,Vyse,2,0,0,0,0,0,0,0,0,48,0,2
508819,Corrode,xffero,RRQ,Viper,1,0,0,0,0,0,0,0,0,22,2,0
508819,Corrode,Monyet,RRQ,Omen,2,1,0,0,1,0,0,0,0,45,0,1
508819,Corrode,Jemkin,RRQ,Yoru,4,0,0,0,0,0,0,0,0,46,2,0
508819,Corrode,UdoTan,GE,Raze,0,3,0,0,0,0,0,0,0,76,0,0
508819,Corrode,ban,GE,Iso,3,1,0,0,0,0,0,0,0,68,0,0
508819,Corrode,Kr1stal,GE,Fade,4,1,0,0,0,0,0,0,0,56,1,0
508819,Corrode,Papi,GE,Astra,1,1,1,0,0,0,0,1,0,73,2,2
508819,Corrode,yoman,GE,Sage,2,0,0,0,0,0,0,0,0,38,4,1
508820,Haven,Dep,ZETA,Viper,2,0,0,0,0,0,0,0,0,47,0,0
508820,Haven,CLZ,ZETA,Killjoy,0,0,0,0,0,0,0,0,0,33,0,0
508820,Haven,SugarZ3ro,ZETA,Omen,1,0,0,0,0,0,0,0,0,21,0,0
508820,Haven,Xdll,ZETA,Sova,1,0,0,0,0,0,0,0,0,34,0,0
508820,Haven,TenTen,ZETA,Neon,1,0,0,0,0,0,0,0,0,35,0,0
508820,Haven,Jinboong,DFM,Cypher,4,1,1,0,1,0,0,0,0,150,2,0
508820,Haven,Meiy,DFM,Yoru,4,0,0,0,0,0,0,0,0,70,1,0
508820,Haven,Akame,DFM,Iso,3,0,1,0,0,0,0,0,0,92,2,0
508820,Haven,SSeeS,DFM,Sova,1,1,0,0,0,0,0,0,0,42,3,0
508820,Haven,gyen,DFM,Omen,0,0,0,0,0,0,0,0,0,36,2,0
508820,Lotus,Dep,ZETA,Viper,2,0,0,0,0,0,0,0,0,66,1,0
508820,Lotus,CLZ,ZETA,Vyse,2,1,0,0,0,1,0,0,0,56,1,0
508820,Lotus,SugarZ3ro,ZETA,Omen,3,0,0,0,0,0,0,0,0,37,1,0
508820,Lotus,Xdll,ZETA,Fade,1,0,1,0,0,0,0,0,0,53,8,0
508820,Lotus,TenTen,ZETA,Raze,2,1,1,0,0,0,0,0,0,109,0,0
508820,Lotus,Jinboong,DFM,Vyse,0,0,0,0,0,0,0,0,0,36,0,0
508820,Lotus,Meiy,DFM,Yoru,3,0,0,0,0,0,0,0,0,45,0,0
508820,Lotus,Akame,DFM,Raze,1,0,0,0,0,1,0,0,0,54,0,0
508820,Lotus,SSeeS,DFM,Fade,1,0,0,0,0,0,0,0,0,31,0,0
508820,Lotus,gyen,DFM,Omen,1,0,0,0,0,0,0,0,0,31,0,0
508820,Icebox,Dep,ZETA,Killjoy,1,0,0,0,0,0,0,0,0,50,1,0
508820,Icebox,CLZ,ZETA,Sova,1,1,0,0,2,0,0,0,0,31,0,0
508820,Icebox,SugarZ3ro,ZETA,Viper,3,2,0,0,0,0,0,0,0,57,0,1
508820,Icebox,Xdll,ZETA,Sage,2,0,0,0,0,0,0,0,0,34,3,0
508820,Icebox,TenTen,ZETA,Omen,1,1,0,0,0,0,0,0,0,39,1,1
508820,Icebox,Jinboong,DFM,Killjoy,3,0,0,0,0,0,0,0,0,60,0,0
508820,Icebox,Meiy,DFM,Jett,4,1,3,1,1,0,0,0,0,114,2,0
508820,Icebox,Akame,DFM,Harbor,6,1,0,0,1,0,0,0,0,72,2,2
508820,Icebox,SSeeS,DFM,Sova,1,0,0,0,0,0,0,0,0,31,3,0
508820,Icebox,gyen,DFM,Viper,1,1,0,0,1,0,0,0,0,58,3,0
508821,Icebox,free1ng,DRX,Sova,2,2,0,0,0,1,0,0,0,74,0,2
508821,Icebox,MaKo,DRX,Viper,3,1,0,0,0,0,0,0,0,85,0,0
508821,Icebox,Estrella,DRX,Sage,0,1,0,0,1,0,1,0,0,24,4,1
508821,Icebox,HYUNMIN,DRX,Jett,2,0,0,0,0,0,0,0,0,54,1,0
508821,Icebox,Flashback,DRX,Killjoy,3,1,0,0,0,0,0,0,0,59,0,1
508821,Icebox,Rb,NS,Sova,0,0,1,0,0,0,0,0,0,51,1,0
508821,Icebox,Persia,NS,Viper,3,1,0,0,0,0,0,0,0,92,1,0
508821,Icebox,Dambi,NS,Jett,1,0,0,0,0,0,0,0,0,46,0,0
508821,Icebox,Francis,NS,Harbor,0,0,0,0,0,0,0,0,0,23,7,0
508821,Icebox,Ivy,NS,Killjoy,5,0,0,0,0,0,0,0,0,59,0,0
508821,Bind,free1ng,DRX,Skye,0,1,0,0,0,0,0,0,0,29,1,0
508821,Bind,MaKo,DRX,Brimstone,1,0,0,0,0,0,0,0,0,48,0,0
508821,Bind,Estrella,DRX,Gekko,0,1,0,0,0,0,0,0,0,34,6,0
508821,Bind,HYUNMIN,DRX,Waylay,2,1,1,0,0,1,0,0,0,71,1,0
508821,Bind,Flashback,DRX,Viper,1,0,0,0,0,0,0,0,0,42,0,0
508821,Bind,Rb,NS,Kayo,1,1,0,0,0,0,0,0,0,49,4,0
508821,Bind,Persia,NS,Astra,2,1,0,0,0,0,0,0,1,47,0,1
508821,Bind,Dambi,NS,Raze,4,1,1,0,0,1,0,0,0,100,0,1
508821,Bind,Francis,NS,Viper,1,1,1,0,1,0,0,0,0,54,0,2
508821,Bind,Ivy,NS,Deadlock,3,1,0,0,0,0,0,0,0,37,0,0
508821,Lotus,free1ng,DRX,Fade,3,0,0,0,1,1,0,0,0,43,8,0
508821,Lotus,MaKo,DRX,Omen,2,1,0,0,1,0,0,0,0,28,1,1
508821,Lotus,Estrella,DRX,Viper,2,3,0,0,1,0,0,0,0,52,0,0
508821,Lotus,HYUNMIN,DRX,Raze,7,1,1,0,0,0,0,0,0,73,0,0
508821,Lotus,Flashback,DRX,Vyse,3,0,0,0,0,0,0,0,0,52,0,4
508821,Lotus,Rb,NS,Fade,1,2,0,0,1,0,0,0,0,31,2,2
508821,Lotus,Persia,NS,Omen,1,2,0,0,0,0,0,0,0,43,1,0
508821,Lotus,Dambi,NS,Neon,1,1,1,0,0,0,0,0,0,50,0,0
508821,Lotus,Francis,NS,Viper,5,1,1,0,0,0,0,0,0,60,0,1
508821,Lotus,Ivy,NS,Deadlock,4,1,0,0,0,0,0,0,0,42,7,0
508822,Ascent,Famouz,BME,Yoru,1,1,0,0,0,0,0,0,0,33,0,0
508822,Ascent,BerserX,BME,Cypher,2,0,0,0,1,0,0,0,0,39,0,0
508822,Ascent,NcSlasher,BME,Deadlock,2,1,1,0,0,0,0,0,0,47,1,0
508822,Ascent,Shiro,BME,Sova,3,3,0,0,0,0,0,0,0,54,4,0
508822,Ascent,dos9,BME,Omen,2,0,0,0,2,0,0,0,0,49,0,2
508822,Ascent,stax,T1,Sova,5,1,0,0,0,0,0,0,0,51,6,0
508822,Ascent,BuZz,T1,Chamber,5,1,1,0,0,0,0,0,0,60,0,0
508822,Ascent,Meteor,T1,Vyse,6,0,0,0,0,0,0,0,0,51,0,0
508822,Ascent,iZu,T1,Yoru,3,2,0,0,0,0,0,0,0,62,2,0
508822,Ascent,DH,T1,Omen,2,0,0,0,1,0,0,0,0,34,1,0
508822,Corrode,Famouz,BME,Neon,2,2,0,0,0,0,0,0,0,49,0,0
508822,Corrode,BerserX,BME,Deadlock,3,2,0,0,0,0,0,0,0,49,0,0
508822,Corrode,NcSlasher,BME,Sova,3,1,0,0,0,0,0,0,0,38,2,1
508822,Corrode,Shiro,BME,Viper,2,0,0,0,0,0,0,0,0,41,0,0
508822,Corrode,dos9,BME,Omen,5,0,0,0,1,0,0,0,0,57,3,0
508822,Corrode,stax,T1,Fade,2,1,0,0,0,1,0,0,0,63,5,0
508822,Corrode,BuZz,T1,Chamber,3,1,0,0,1,0,0,0,0,42,1,0
508822,Corrode,Meteor,T1,Astra,6,1,0,0,0,0,0,0,0,67,0,1
508822,Corrode,iZu,T1,Yoru,0,1,0,0,0,0,0,0,0,41,0,0
508822,Corrode,DH,T1,Omen,4,0,0,0,0,0,0,0,0,66,1,0
508823,Bind,UdoTan,GE,Raze,1,0,0,0,0,0,0,0,0,41,0,0
508823,Bind,ban,GE,Viper,1,0,1,0,0,0,0,0,0,56,1,0
508823,Bind,Kr1stal,GE,Deadlock,1,0,0,0,0,0,0,0,0,22,5,0
508823,Bind,Papi,GE,Brimstone,2,1,0,0,0,0,0,0,0,57,0,0
508823,Bind,yoman,GE,Skye,1,0,0,0,0,1,0,0,0,35,1,1
508823,Bind,ZesBeeW,TS,Viper,3,0,0,0,0,0,0,0,0,44,1,0
508823,Bind,kellyS,TS,Raze,3,0,0,0,0,0,0,0,0,42,0,1
508823,Bind,invy,TS,Gekko,1,2,0,0,0,0,0,0,0,59,5,2
508823,Bind,Wild0reoo,TS,Skye,5,2,0,0,0,0,0,0,0,104,0,0
508823,Bind,n1zzy,TS,Brimstone,3,1,0,0,2,0,0,0,0,64,0,0
508823,Corrode,UdoTan,GE,Raze,1,1,0,0,0,0,0,0,0,40,0,0
508823,Corrode,ban,GE,Iso,1,2,0,0,0,0,0,0,0,43,0,3
508823,Corrode,Kr1stal,GE,Fade,2,3,0,0,2,1,0,0,0,72,0,2
508823,Corrode,Papi,GE,Astra,2,0,0,0,0,0,0,0,0,48,2,0
508823,Corrode,yoman,GE,Sage,2,2,0,0,0,0,0,0,0,66,3,0
508823,Corrode,ZesBeeW,TS,Neon,3,1,0,0,0,0,0,0,0,40,0,0
508823,Corrode,kellyS,TS,Deadlock,2,1,0,0,0,0,0,0,0,55,1,0
508823,Corrode,invy,TS,Fade,1,0,0,0,0,0,0,0,0,40,4,0
508823,Corrode,Wild0reoo,TS,Omen,5,1,0,0,1,0,0,0,0,58,2,0
508823,Corrode,n1zzy,TS,Viper,5,1,1,0,0,0,0,0,0,78,1,1
508823,Lotus,UdoTan,GE,Neon,5,0,0,0,0,0,0,0,0,36,0,0
508823,Lotus,ban,GE,Viper,3,2,0,0,1,0,0,0,0,62,0,1
508823,Lotus,Kr1stal,GE,Tejo,1,1,1,0,1,0,0,0,0,50,3,0
508823,Lotus,Papi,GE,Omen,3,2,0,0,0,0,0,0,0,57,5,0
508823,Lotus,yoman,GE,Fade,1,1,0,0,0,0,0,0,0,32,3,0
508823,Lotus,ZesBeeW,TS,Omen,4,3,0,0,2,0,0,0,0,72,2,1
508823,Lotus,kellyS,TS,Raze,4,0,1,0,0,0,0,0,0,55,2,0
508823,Lotus,invy,TS,Fade,2,0,0,0,0,0,0,0,0,42,6,1
508823,Lotus,Wild0reoo,TS,Viper,3,2,0,0,0,0,0,0,0,45,1,0
508823,Lotus,n1zzy,TS,Killjoy,2,2,0,0,0,0,1,0,0,57,0,0
508824,Lotus,Jinggg,PRX,Raze,5,1,1,0,1,0,0,0,0,62,3,0
508824,Lotus,f0rsakeN,PRX,Omen,0,2,1,0,0,0,0,0,0,62,0,0
508824,Lotus,d4v41,PRX,Vyse,2,2,0,0,0,0,0,0,0,67,0,0
508824,Lotus,PatMen,PRX,Fade,3,0,0,0,0,0,0,0,0,47,5,1
508824,Lotus,something,PRX,Yoru,2,1,0,0,0,0,0,0,0,48,0,0
508824,Lotus,Jinboong,DFM,Vyse,1,0,0,0,0,0,0,0,0,28,1,0
508824,Lotus,Meiy,DFM,Yoru,4,1,0,0,0,1,0,0,0,53,0,1
508824,Lotus,Akame,DFM,Raze,2,0,0,0,1,0,0,0,0,58,1,0
508824,Lotus,SSeeS,DFM,Fade,1,1,0,0,1,0,0,0,0,41,5,0
508824,Lotus,gyen,DFM,Omen,3,1,0,0,0,0,0,0,0,55,0,0
508824,Haven,Jinggg,PRX,Omen,0,0,0,0,0,0,0,0,0,36,0,0
508824,Haven,f0rsakeN,PRX,Waylay,3,1,0,0,0,0,0,0,0,55,1,0
508824,Haven,d4v41,PRX,Vyse,5,2,1,0,0,0,0,0,0,84,1,1
508824,Haven,PatMen,PRX,Fade,2,1,0,0,0,0,0,0,0,53,5,1
508824,Haven,something,PRX,Yoru,3,3,0,0,0,1,0,0,0,58,0,1
508824,Haven,Jinboong,DFM,Cypher,1,0,0,0,0,0,0,0,0,30,3,0
508824,Haven,Meiy,DFM,Yoru,2,1,0,0,0,0,0,0,0,43,2,1
508824,Haven,Akame,DFM,Iso,1,2,0,0,0,0,0,0,0,54,0,1
508824,Haven,SSeeS,DFM,Sova,2,0,0,0,0,0,0,0,0,25,2,0
508824,Haven,gyen,DFM,Omen,2,3,0,0,1,1,0,0,0,80,0,0
508825,Icebox,Crws,TLN,Viper,2,0,0,0,0,0,0,0,0,48,0,0
508825,Icebox,Killua,TLN,Sova,6,0,0,0,1,1,0,0,0,82,1,1
508825,Icebox,JitBoyS,TLN,Killjoy,5,1,0,0,0,0,0,0,0,80,0,0
508825,Icebox,primmie,TLN,Sage,3,1,0,0,0,1,0,0,0,59,8,1
508825,Icebox,thyy,TLN,Jett,2,0,0,0,0,0,0,0,0,33,0,0
508825,Icebox,Dep,ZETA,Killjoy,2,1,1,0,0,0,0,0,0,61,0,0
508825,Icebox,CLZ,ZETA,Omen,2,0,0,0,0,0,0,0,0,30,2,0
508825,Icebox,SugarZ3ro,ZETA,Viper,1,1,0,0,1,0,0,0,0,55,0,1
508825,Icebox,Xdll,ZETA,Sova,4,0,0,0,1,0,0,0,0,74,1,0
508825,Icebox,TenTen,ZETA,Jett,1,0,0,0,0,0,0,0,0,31,0,0
508825,Bind,Crws,TLN,Fade,3,2,1,0,0,0,0,1,0,97,3,1
508825,Bind,Killua,TLN,Gekko,3,0,0,0,0,0,0,0,0,39,7,0
508825,Bind,JitBoyS,TLN,Astra,2,0,0,0,1,0,0,0,0,46,0,0
508825,Bind,primmie,TLN,Deadlock,5,2,0,0,0,1,0,0,0,72,1,1
508825,Bind,thyy,TLN,Raze,2,0,1,0,0,0,0,0,0,38,0,0
508825,Bind,Dep,ZETA,Vyse,7,0,0,0,1,0,0,0,0,65,2,0
508825,Bind,CLZ,ZETA,Deadlock,3,0,0,0,1,0,0,0,0,35,2,1
508825,Bind,SugarZ3ro,ZETA,Brimstone,3,1,1,0,0,0,0,0,0,60,0,1
508825,Bind,Xdll,ZETA,Skye,1,2,0,0,1,0,0,0,0,39,0,0
508825,Bind,TenTen,ZETA,Raze,1,0,0,0,1,0,0,0,0,47,0,1
508826,Sunset,crazyguy,RRQ,Breach,1,1,0,0,0,0,0,0,0,38,1,0
508826,Sunset,Kushy,RRQ,Fade,2,1,1,0,0,1,0,0,0,64,4,3
508826,Sunset,xffero,RRQ,Cypher,1,2,0,0,1,0,0,0,0,43,0,1
508826,Sunset,Monyet,RRQ,Omen,5,3,0,0,0,0,0,0,0,82,2,0
508826,Sunset,Jemkin,RRQ,Waylay,4,1,0,0,0,0,0,0,0,71,0,1
508826,Sunset,Munchkin,GEN,Viper,1,0,1,0,0,0,1,0,0,59,2,0
508826,Sunset,t3xture,GEN,Neon,3,0,0,0,0,0,0,0,0,32,0,0
508826,Sunset,Foxy9,GEN,Deadlock,3,0,0,0,1,0,0,0,0,42,2,1
508826,Sunset,Ash,GEN,Sova,1,1,0,0,0,0,0,0,0,55,3,0
508826,Sunset,Karon,GEN,Omen,1,0,0,0,0,0,0,0,0,35,3,0
508826,Ascent,crazyguy,RRQ,Sova,2,1,0,0,0,0,0,0,0,53,1,0
508826,Ascent,Kushy,RRQ,Deadlock,0,2,0,0,0,1,0,0,0,35,2,0
508826,Ascent,xffero,RRQ,Cypher,1,0,0,0,0,0,0,0,0,23,0,0
508826,Ascent,Monyet,RRQ,Omen,2,1,0,0,0,0,0,0,0,44,0,0
508826,Ascent,Jemkin,RRQ,Yoru,3,1,0,0,0,0,0,0,0,45,0,0
508826,Ascent,Munchkin,GEN,Kayo,7,2,0,0,0,1,0,0,0,82,0,1
508826,Ascent,t3xture,GEN,Jett,2,2,0,0,0,0,0,0,0,54,0,0
508826,Ascent,Foxy9,GEN,Killjoy,3,0,0,0,0,0,0,0,0,53,0,0
508826,Ascent,Ash,GEN,Sova,3,0,0,0,0,0,0,0,0,56,2,0
508826,Ascent,Karon,GEN,Omen,3,1,0,0,0,0,0,0,0,67,1,0
508826,Haven,crazyguy,RRQ,Omen,1,0,0,0,0,0,0,0,0,35,2,0
508826,Haven,Kushy,RRQ,Sova,2,1,0,0,0,0,0,0,0,38,0,2
508826,Haven,xffero,RRQ,Cypher,3,1,0,0,0,0,0,0,0,59,1,1
508826,Haven,Monyet,RRQ,Neon,3,3,1,0,0,0,0,0,0,69,1,1
508826,Haven,Jemkin,RRQ,Yoru,1,1,0,0,0,0,0,0,0,47,0,2
508826,Haven,Munchkin,GEN,Viper,2,1,0,0,0,0,0,0,0,41,1,0
508826,Haven,t3xture,GEN,Neon,2,2,0,0,0,0,0,0,0,39,0,0
508826,Haven,Foxy9,GEN,Killjoy,2,0,1,0,0,0,0,0,0,49,1,0
508826,Haven,Ash,GEN,Sova,2,1,0,0,0,0,0,0,0,46,2,0
508826,Haven,Karon,GEN,Omen,1,0,1,0,0,0,1,0,0,42,5,0
508828,Icebox,Munchkin,GEN,Viper,1,0,0,0,0,0,0,0,0,36,0,0
508828,Icebox,t3xture,GEN,Jett,1,1,0,1,0,0,0,0,0,58,0,0
508828,Icebox,Foxy9,GEN,Killjoy,1,1,0,0,0,0,0,0,0,46,0,0
508828,Icebox,Ash,GEN,Sova,1,0,0,0,0,0,0,0,0,27,3,0
508828,Icebox,Karon,GEN,Omen,1,1,0,0,0,0,0,0,0,36,0,0
508828,Icebox,UdoTan,GE,Chamber,2,2,0,0,0,0,0,0,0,78,1,0
508828,Icebox,ban,GE,Iso,3,0,0,0,0,0,0,0,0,59,0,0
508828,Icebox,Kr1stal,GE,Sova,3,1,0,0,0,0,0,0,0,96,0,0
508828,Icebox,Papi,GE,Viper,3,1,0,0,0,0,0,0,0,70,1,0
508828,Icebox,yoman,GE,Sage,0,1,0,0,0,2,0,0,0,39,8,1
508828,Haven,Munchkin,GEN,Viper,2,2,0,0,0,0,0,0,0,57,1,0
508828,Haven,t3xture,GEN,Neon,1,3,0,0,1,0,0,0,0,49,0,0
508828,Haven,Foxy9,GEN,Killjoy,6,0,0,0,0,0,0,0,0,63,1,0
508828,Haven,Ash,GEN,Sova,3,2,0,0,1,0,0,0,0,75,7,0
508828,Haven,Karon,GEN,Omen,3,0,0,0,1,0,0,0,0,68,2,0
508828,Haven,UdoTan,GE,Neon,1,0,0,0,0,0,0,0,0,42,0,0
508828,Haven,ban,GE,Cypher,2,1,0,0,0,0,0,0,0,51,0,0
508828,Haven,Kr1stal,GE,Deadlock,4,0,0,0,0,0,0,0,0,62,0,0
508828,Haven,Papi,GE,Omen,0,0,0,0,0,0,0,0,0,32,1,0
508828,Haven,yoman,GE,Sova,1,1,0,0,1,0,0,0,0,43,0,0
508828,Corrode,Munchkin,GEN,Viper,3,1,0,0,0,0,0,0,0,52,2,0
508828,Corrode,t3xture,GEN,Neon,1,0,1,0,0,0,0,0,0,82,0,1
508828,Corrode,Foxy9,GEN,Sage,2,2,0,0,0,0,1,0,0,63,2,0
508828,Corrode,Ash,GEN,Fade,3,1,0,0,0,0,0,0,0,43,6,1
508828,Corrode,Karon,GEN,Omen,1,2,1,0,0,0,0,0,0,68,0,0
508828,Corrode,UdoTan,GE,Raze,0,2,0,0,0,0,0,0,0,46,1,0
508828,Corrode,ban,GE,Iso,5,1,1,0,0,0,0,0,0,61,0,0
508828,Corrode,Kr1stal,GE,Fade,3,0,0,0,0,0,0,0,0,46,2,0
508828,Corrode,Papi,GE,Astra,0,1,0,0,0,1,0,0,0,24,2,2
508828,Corrode,yoman,GE,Sage,1,0,1,0,0,0,0,0,0,39,1,0
508829,Sunset,Crws,TLN,Omen,1,1,0,0,0,0,0,0,0,34,1,0
508829,Sunset,Killua,TLN,Sova,4,2,0,0,0,1,0,0,0,69,1,1
508829,Sunset,JitBoyS,TLN,Viper,1,2,0,0,0,0,0,0,0,38,0,0
508829,Sunset,primmie,TLN,Deadlock,2,1,1,0,2,0,0,0,0,52,3,2
508829,Sunset,thyy,TLN,Neon,2,1,0,0,0,0,1,0,0,38,0,0
508829,Sunset,Jinboong,DFM,Deadlock,2,0,0,0,1,0,0,0,0,46,5,2
508829,Sunset,Meiy,DFM,Neon,5,3,0,0,0,0,0,0,0,74,0,1
508829,Sunset,Akame,DFM,Omen,7,1,0,0,0,0,0,0,0,62,2,0
508829,Sunset,SSeeS,DFM,Sova,1,2,0,0,1,0,0,0,0,33,1,0
508829,Sunset,gyen,DFM,Viper,3,1,0,0,0,0,0,0,0,55,1,0
508829,Corrode,Crws,TLN,Omen,3,0,0,0,0,0,0,0,0,32,2,1
508829,Corrode,Killua,TLN,Sova,1,1,0,0,0,0,0,0,0,55,0,1
508829,Corrode,JitBoyS,TLN,Cypher,4,0,0,0,0,0,0,0,0,47,0,1
508829,Corrode,primmie,TLN,Deadlock,2,2,1,0,0,0,0,0,0,67,4,0
508829,Corrode,thyy,TLN,Yoru,1,3,0,0,0,1,0,0,0,80,2,0
508829,Corrode,Jinboong,DFM,Fade,3,1,0,0,0,1,0,0,0,56,3,0
508829,Corrode,Meiy,DFM,Waylay,4,2,0,0,0,0,0,0,0,55,0,1
508829,Corrode,Akame,DFM,Yoru,0,0,0,0,0,0,0,0,0,31,0,1
508829,Corrode,SSeeS,DFM,Omen,1,1,0,0,1,0,1,0,0,29,0,1
508829,Corrode,gyen,DFM,Viper,3,1,0,0,0,0,0,0,0,40,2,0
508829,Icebox,Crws,TLN,Viper,1,0,0,0,0,0,0,0,0,39,1,0
508829,Icebox,Killua,TLN,Sova,3,0,2,0,0,0,0,0,0,64,1,0
508829,Icebox,JitBoyS,TLN,Killjoy,2,0,0,0,0,0,0,0,0,33,1,1
508829,Icebox,primmie,TLN,Sage,0,0,0,0,0,0,0,0,0,16,6,0
508829,Icebox,thyy,TLN,Jett,1,2,0,0,0,0,0,0,0,55,0,0
508829,Icebox,Jinboong,DFM,Killjoy,2,0,0,0,0,0,0,0,0,50,1,0
508829,Icebox,Meiy,DFM,Jett,2,2,0,0,0,0,0,0,0,71,0,1
508829,Icebox,Akame,DFM,Harbor,4,2,0,0,0,0,0,0,0,69,4,1
508829,Icebox,SSeeS,DFM,Sova,1,0,0,0,0,0,0,0,0,41,4,0
508829,Icebox,gyen,DFM,Viper,2,2,0,0,0,0,0,0,0,65,0,0
508830,Corrode,stax,T1,Fade,1,1,0,0,0,0,0,0,0,42,6,1
508830,Corrode,BuZz,T1,Chamber,4,1,0,0,0,0,0,0,0,57,0,0
508830,Corrode,Meteor,T1,Astra,2,3,0,0,0,0,0,0,0,58,0,0
508830,Corrode,iZu,T1,Yoru,4,3,0,0,0,0,0,0,0,67,2,0
508830,Corrode,DH,T1,Omen,5,2,0,0,1,0,0,0,0,64,2,0
508830,Corrode,Dep,ZETA,Viper,1,1,2,0,0,0,1,0,0,72,2,0
508830,Corrode,CLZ,ZETA,Deadlock,0,1,0,0,0,0,0,0,0,34,0,0
508830,Corrode,SugarZ3ro,ZETA,Omen,1,2,0,0,1,0,0,0,0,49,1,1
508830,Corrode,Xdll,ZETA,Sova,0,0,0,0,0,0,0,0,0,28,1,0
508830,Corrode,TenTen,ZETA,Yoru,3,0,1,0,0,0,0,0,0,38,0,1
508830,Sunset,stax,T1,Sova,5,2,0,0,2,0,0,0,0,95,4,1
508830,Sunset,BuZz,T1,Yoru,1,0,0,0,0,0,0,0,0,33,0,0
508830,Sunset,Meteor,T1,Cypher,3,0,0,0,0,0,0,0,0,42,0,0
508830,Sunset,iZu,T1,Neon,2,2,0,0,0,0,0,0,0,62,0,0
508830,Sunset,DH,T1,Omen,3,1,1,0,1,0,0,0,0,60,0,1
508830,Sunset,Dep,ZETA,Viper,0,2,0,0,0,0,0,0,0,63,0,0
508830,Sunset,CLZ,ZETA,Cypher,2,1,0,0,0,0,0,0,0,54,1,0
508830,Sunset,SugarZ3ro,ZETA,Omen,5,1,0,0,0,0,0,0,0,60,0,0
508830,Sunset,Xdll,ZETA,Sova,0,0,1,0,0,0,0,0,0,41,4,0
508830,Sunset,TenTen,ZETA,Neon,3,0,0,0,0,0,0,0,0,34,0,0
508831,Corrode,crazyguy,RRQ,Fade,2,1,0,0,0,0,0,0,0,38,3,0
508831,Corrode,Kushy,RRQ,Vyse,1,1,0,0,0,0,0,0,0,28,0,0
508831,Corrode,xffero,RRQ,Viper,6,1,0,0,0,1,0,0,0,57,1,1
508831,Corrode,Monyet,RRQ,Omen,4,1,0,0,1,0,0,0,0,59,1,0
508831,Corrode,Jemkin,RRQ,Neon,4,1,1,0,0,0,0,0,0,64,1,1
508831,Corrode,Rb,NS,Sova,5,0,0,0,0,1,0,0,0,46,8,0
508831,Corrode,Persia,NS,Omen,2,0,0,0,0,0,0,0,0,34,0,0
508831,Corrode,Dambi,NS,Neon,2,1,0,0,0,0,0,0,0,40,0,1
508831,Corrode,Francis,NS,Viper,3,0,0,0,1,0,0,0,0,57,0,0
508831,Corrode,Ivy,NS,Deadlock,7,0,0,0,1,0,0,0,0,57,0,1
508831,Haven,crazyguy,RRQ,Omen,3,0,0,0,0,0,0,0,0,51,1,0
508831,Haven,Kushy,RRQ,Sova,1,0,0,0,0,0,0,0,0,43,3,2
508831,Haven,xffero,RRQ,Cypher,4,0,0,0,1,0,0,0,0,53,0,0
508831,Haven,Monyet,RRQ,Neon,3,2,0,0,0,0,0,0,0,59,0,0
508831,Haven,Jemkin,RRQ,Yoru,3,3,0,0,0,0,0,0,0,70,1,1
508831,Haven,Rb,NS,Sova,2,0,0,0,0,0,0,0,0,49,2,0
508831,Haven,Persia,NS,Omen,4,0,0,0,0,0,0,0,0,42,5,0
508831,Haven,Dambi,NS,Neon,2,0,0,0,0,0,0,0,0,31,0,0
508831,Haven,Francis,NS,Viper,4,0,1,0,0,1,0,0,0,55,0,0
508831,Haven,Ivy,NS,Killjoy,0,1,0,0,0,0,0,0,0,26,0,0
508831,Icebox,crazyguy,RRQ,Sage,1,0,0,0,0,0,0,0,0,29,9,0
508831,Icebox,Kushy,RRQ,Sova,4,1,0,0,0,0,0,0,0,67,0,0
508831,Icebox,xffero,RRQ,Killjoy,1,0,0,0,1,0,0,0,0,46,0,1
508831,Icebox,Monyet,RRQ,Viper,4,2,0,0,0,0,0,0,0,86,1,0
508831,Icebox,Jemkin,RRQ,Jett,5,2,0,0,0,0,0,0,0,86,1,0
508831,Icebox,Rb,NS,Sova,0,0,0,0,0,0,0,0,0,37,1,0
508831,Icebox,Persia,NS,Viper,3,0,0,0,1,0,0,0,0,75,0,1
508831,Icebox,Dambi,NS,Jett,1,1,0,0,0,0,1,0,0,60,0,1
508831,Icebox,Francis,NS,Harbor,0,0,0,0,0,0,0,0,0,28,0,0
508831,Icebox,Ivy,NS,Killjoy,2,0,0,0,0,0,0,0,0,53,0,0
508832,Icebox,free1ng,DRX,Sova,2,2,0,0,0,0,0,0,0,92,0,1
508832,Icebox,MaKo,DRX,Viper,3,1,1,0,0,0,0,0,0,94,2,0
508832,Icebox,Estrella,DRX,Sage,1,1,0,0,0,0,0,0,0,55,9,0
508832,Icebox,HYUNMIN,DRX,Jett,2,3,1,0,0,0,0,0,0,97,0,0
508832,Icebox,Flashback,DRX,Killjoy,1,1,0,0,0,0,0,0,0,49,1,0
508832,Icebox,ZesBeeW,TS,Omen,1,1,0,0,1,0,0,0,0,35,0,0
508832,Icebox,kellyS,TS,Kayo,0,0,0,0,0,0,0,0,0,37,2,0
508832,Icebox,invy,TS,Sova,2,1,0,0,0,1,0,0,0,44,0,2
508832,Icebox,Wild0reoo,TS,Viper,1,0,0,0,0,0,0,0,0,33,0,0
508832,Icebox,n1zzy,TS,Killjoy,3,0,0,0,1,0,0,0,0,52,0,1
508832,Corrode,free1ng,DRX,Viper,4,1,0,0,1,0,0,0,0,83,2,0
508832,Corrode,MaKo,DRX,Omen,5,0,0,0,0,0,0,0,0,67,0,0
508832,Corrode,Estrella,DRX,Fade,2,0,0,0,1,0,0,0,0,51,0,0
508832,Corrode,HYUNMIN,DRX,Neon,2,1,0,0,0,0,1,0,0,57,0,1
508832,Corrode,Flashback,DRX,Vyse,2,0,1,0,0,0,0,0,0,66,0,2
508832,Corrode,ZesBeeW,TS,Omen,0,1,0,0,1,0,0,0,0,32,0,0
508832,Corrode,kellyS,TS,Deadlock,1,0,0,0,0,0,0,0,0,31,2,0
508832,Corrode,invy,TS,Fade,3,1,0,0,0,0,0,0,0,58,3,1
508832,Corrode,Wild0reoo,TS,Neon,3,0,0,0,0,0,0,0,0,39,0,0
508832,Corrode,n1zzy,TS,Viper,0,0,0,0,0,0,0,0,0,21,0,0
508833,Bind,Famouz,BME,Raze,3,0,0,0,0,0,0,0,0,47,0,0
508833,Bind,BerserX,BME,Viper,5,1,0,0,1,0,0,0,0,52,1,1
508833,Bind,NcSlasher,BME,Fade,2,2,0,0,0,0,0,0,0,47,3,0
508833,Bind,Shiro,BME,Kayo,2,1,0,0,0,0,0,0,0,40,2,0
508833,Bind,dos9,BME,Brimstone,2,1,0,0,1,0,0,0,0,52,2,1
508833,Bind,Jinggg,PRX,Raze,3,2,0,0,0,0,0,0,0,54,0,0
508833,Bind,f0rsakeN,PRX,Brimstone,1,1,0,0,0,1,0,0,0,55,0,1
508833,Bind,d4v41,PRX,Viper,0,1,0,0,1,0,0,0,0,46,0,1
508833,Bind,PatMen,PRX,Fade,4,1,0,0,0,0,0,0,0,55,5,2
508833,Bind,something,PRX,Yoru,3,1,0,0,3,0,0,0,0,60,1,0
508833,Lotus,Famouz,BME,Raze,3,2,0,0,1,0,0,0,0,54,0,1
508833,Lotus,BerserX,BME,Killjoy,4,1,0,0,0,0,1,0,0,58,0,0
508833,Lotus,NcSlasher,BME,Fade,4,0,0,0,1,0,0,0,0,29,6,0
508833,Lotus,Shiro,BME,Viper,4,1,0,0,0,0,0,0,0,60,1,0
508833,Lotus,dos9,BME,Omen,2,1,0,0,0,0,0,0,0,46,0,1
508833,Lotus,Jinggg,PRX,Raze,3,0,1,0,0,0,0,0,0,50,1,0
508833,Lotus,f0rsakeN,PRX,Omen,3,2,1,0,1,0,0,0,0,55,1,0
508833,Lotus,d4v41,PRX,Vyse,4,1,0,0,0,0,0,0,0,51,0,0
508833,Lotus,PatMen,PRX,Fade,1,0,0,0,1,0,0,0,0,40,8,0
508833,Lotus,something,PRX,Yoru,3,0,0,0,0,0,0,0,0,73,0,0
508834,Lotus,Munchkin,GEN,Viper,2,0,0,0,0,0,0,0,0,37,1,0
508834,Lotus,t3xture,GEN,Raze,2,0,0,0,0,0,0,0,0,65,0,0
508834,Lotus,Foxy9,GEN,Killjoy,3,0,1,0,0,0,0,0,0,75,1,0
508834,Lotus,Ash,GEN,Fade,2,2,1,0,0,1,0,0,0,68,8,0
508834,Lotus,Karon,GEN,Omen,1,2,1,0,1,0,0,0,0,86,1,0
508834,Lotus,ZesBeeW,TS,Omen,0,0,0,0,0,0,0,0,0,22,0,0
508834,Lotus,kellyS,TS,Raze,1,0,0,0,0,0,0,0,0,44,0,0
508834,Lotus,invy,TS,Fade,2,1,0,0,0,0,0,0,0,61,1,0
508834,Lotus,Wild0reoo,TS,Viper,0,1,0,0,0,0,0,0,0,39,0,0
508834,Lotus,n1zzy,TS,Killjoy,1,1,0,0,1,0,0,0,0,55,0,1
508834,Ascent,Munchkin,GEN,Kayo,3,1,0,0,0,0,0,0,0,82,1,0
508834,Ascent,t3xture,GEN,Jett,6,2,0,0,0,0,0,0,0,88,0,0
508834,Ascent,Foxy9,GEN,Killjoy,4,1,0,0,0,0,0,0,0,70,1,1
508834,Ascent,Ash,GEN,Sova,6,0,0,0,0,0,0,0,0,56,4,0
508834,Ascent,Karon,GEN,Omen,3,1,0,0,1,0,0,0,0,65,0,0
508834,Ascent,ZesBeeW,TS,Omen,1,0,1,0,0,1,0,0,0,26,0,0
508834,Ascent,kellyS,TS,Deadlock,0,0,0,0,0,0,0,0,0,28,2,0
508834,Ascent,invy,TS,Sova,5,2,0,0,1,0,0,0,0,70,1,0
508834,Ascent,Wild0reoo,TS,Cypher,1,0,0,0,0,1,0,0,0,43,0,0
508834,Ascent,n1zzy,TS,Yoru,2,0,0,0,1,0,0,0,0,45,1,2
508835,Corrode,Crws,TLN,Omen,2,0,0,0,0,0,0,0,0,41,1,2
508835,Corrode,Killua,TLN,Sova,7,1,0,0,0,0,0,0,0,73,1,1
508835,Corrode,JitBoyS,TLN,Cypher,3,0,0,0,1,0,0,0,0,46,0,0
508835,Corrode,primmie,TLN,Deadlock,1,1,1,0,0,0,0,1,0,52,4,1
508835,Corrode,thyy,TLN,Yoru,4,0,0,0,0,0,0,0,0,47,1,0
508835,Corrode,stax,T1,Fade,0,1,0,0,0,0,0,0,0,38,3,3
508835,Corrode,BuZz,T1,Chamber,1,0,0,0,0,0,0,0,0,49,0,0
508835,Corrode,Meteor,T1,Astra,4,1,0,1,0,0,0,0,0,50,1,0
508835,Corrode,iZu,T1,Yoru,2,1,0,0,0,0,0,0,0,36,0,0
508835,Corrode,DH,T1,Omen,4,0,0,0,0,0,0,0,0,51,3,0
508835,Lotus,Crws,TLN,Omen,2,0,0,0,0,0,0,0,0,44,3,1
508835,Lotus,Killua,TLN,Fade,3,1,0,0,1,0,0,0,0,48,2,0
508835,Lotus,JitBoyS,TLN,Vyse,3,0,0,0,0,0,0,0,0,43,2,0
508835,Lotus,primmie,TLN,Yoru,2,2,0,0,1,0,0,0,0,70,0,0
508835,Lotus,thyy,TLN,Raze,4,1,2,0,0,0,0,0,0,81,1,2
508835,Lotus,stax,T1,Fade,1,0,0,0,0,0,0,0,0,40,2,0
508835,Lotus,BuZz,T1,Yoru,2,1,0,0,0,0,0,0,0,51,0,0
508835,Lotus,Meteor,T1,Viper,4,0,0,0,0,0,0,0,0,55,1,0
508835,Lotus,iZu,T1,Neon,2,1,1,0,0,0,0,0,0,47,1,0
508835,Lotus,DH,T1,Omen,6,0,0,0,0,0,0,0,0,70,1,1
508836,Lotus,Famouz,BME,Raze,3,1,0,0,0,0,0,0,0,47,1,1
508836,Lotus,BerserX,BME,Killjoy,3,3,0,0,0,0,0,0,0,61,1,1
508836,Lotus,NcSlasher,BME,Fade,3,0,0,0,0,0,0,0,0,26,5,0
508836,Lotus,Shiro,BME,Viper,6,0,0,0,0,1,0,0,0,61,1,1
508836,Lotus,dos9,BME,Omen,1,0,1,0,0,0,0,0,0,41,0,0
508836,Lotus,Jinboong,DFM,Fade,3,0,0,0,0,0,0,0,0,42,4,2
508836,Lotus,Meiy,DFM,Yoru,4,0,1,0,1,0,0,0,0,54,3,1
508836,Lotus,Akame,DFM,Raze,3,1,0,0,0,0,0,0,0,58,1,0
508836,Lotus,SSeeS,DFM,Omen,1,0,0,0,1,0,0,0,0,37,1,1
508836,Lotus,gyen,DFM,Viper,3,1,0,0,0,0,0,0,0,64,0,1
508836,Corrode,Famouz,BME,Neon,4,0,0,0,0,0,0,0,0,54,0,0
508836,Corrode,BerserX,BME,Vyse,2,0,0,0,0,0,0,0,0,59,0,0
508836,Corrode,NcSlasher,BME,Fade,0,0,0,0,0,0,0,0,0,14,1,0
508836,Corrode,Shiro,BME,Viper,2,0,0,0,0,1,0,0,0,48,1,0
508836,Corrode,dos9,BME,Omen,1,2,0,0,0,0,0,0,0,60,0,0
508836,Corrode,Jinboong,DFM,Fade,2,0,1,0,0,0,0,0,0,68,4,1
508836,Corrode,Meiy,DFM,Waylay,4,1,1,0,0,1,0,0,0,66,1,0
508836,Corrode,Akame,DFM,Yoru,2,0,0,0,0,0,0,0,0,47,0,0
508836,Corrode,SSeeS,DFM,Omen,1,1,0,0,0,0,0,0,0,47,3,0
508836,Corrode,gyen,DFM,Viper,2,2,0,0,1,0,0,0,0,95,2,0
508837,Bind,crazyguy,RRQ,Gekko,0,3,0,0,0,0,0,0,0,50,7,1
508837,Bind,Kushy,RRQ,Deadlock,1,0,0,0,0,0,0,0,0,34,0,1
508837,Bind,xffero,RRQ,Astra,3,1,0,0,0,0,0,0,0,42,1,0
508837,Bind,Monyet,RRQ,Waylay,4,0,0,0,0,1,0,0,0,34,1,1
508837,Bind,Jemkin,RRQ,Yoru,4,2,0,0,0,0,0,0,0,53,2,1
508837,Bind,free1ng,DRX,Viper,3,1,0,0,0,0,0,0,0,43,1,0
508837,Bind,MaKo,DRX,Brimstone,3,0,0,0,0,0,0,0,0,40,1,0
508837,Bind,Estrella,DRX,Fade,2,0,0,0,0,0,0,0,0,30,6,0
508837,Bind,HYUNMIN,DRX,Raze,5,0,0,0,0,0,0,0,0,42,1,3
508837,Bind,Flashback,DRX,Vyse,2,2,1,0,0,2,0,0,0,57,2,1
508837,Ascent,crazyguy,RRQ,Sova,2,2,0,0,0,0,0,0,0,63,1,1
508837,Ascent,Kushy,RRQ,Killjoy,2,0,0,0,0,0,0,0,0,42,1,0
508837,Ascent,xffero,RRQ,Omen,1,0,0,0,0,0,0,0,0,28,2,0
508837,Ascent,Monyet,RRQ,Neon,2,2,0,0,0,0,0,0,0,50,0,0
508837,Ascent,Jemkin,RRQ,Waylay,2,0,1,0,0,0,0,0,0,42,0,0
508837,Ascent,free1ng,DRX,Sova,0,1,1,0,0,0,0,0,0,40,2,1
508837,Ascent,MaKo,DRX,Omen,4,0,0,0,0,0,0,0,0,78,0,1
508837,Ascent,Estrella,DRX,Kayo,1,0,0,0,0,0,0,0,0,33,4,0
508837,Ascent,HYUNMIN,DRX,Jett,5,4,0,0,0,0,0,0,0,87,0,0
508837,Ascent,Flashback,DRX,Cypher,5,1,0,0,1,0,0,0,0,89,0,0
508838,Corrode,Rb,NS,Viper,3,0,0,0,0,1,0,0,0,56,0,1
508838,Corrode,Persia,NS,Omen,1,1,1,0,1,0,0,0,0,56,1,0
508838,Corrode,Dambi,NS,Neon,4,2,0,0,0,0,0,0,0,42,0,0
508838,Corrode,Francis,NS,Fade,2,1,0,0,0,0,0,0,0,41,5,0
508838,Corrode,Ivy,NS,Deadlock,3,3,0,0,0,0,1,0,0,76,2,1
508838,Corrode,UdoTan,GE,Raze,4,0,0,0,1,0,0,0,0,66,0,0
508838,Corrode,ban,GE,Clove,1,1,0,0,0,0,0,0,0,39,1,0
508838,Corrode,Kr1stal,GE,Sova,3,1,0,0,0,0,0,0,0,49,5,0
508838,Corrode,Papi,GE,Viper,0,1,0,0,0,0,0,0,0,28,0,0
508838,Corrode,yoman,GE,Vyse,3,1,0,0,0,1,0,0,0,81,0,0
508838,Bind,Rb,NS,Cypher,2,2,0,0,1,0,0,0,0,36,1,0
508838,Bind,Persia,NS,Astra,0,0,1,0,1,0,0,0,0,45,0,0
508838,Bind,Dambi,NS,Raze,4,2,0,0,0,0,0,0,0,57,1,2
508838,Bind,Francis,NS,Kayo,4,3,1,0,1,0,0,0,0,87,6,0
508838,Bind,Ivy,NS,Deadlock,1,1,0,0,0,0,0,0,0,34,2,0
508838,Bind,UdoTan,GE,Raze,2,2,0,0,0,0,0,0,0,58,0,1
508838,Bind,ban,GE,Viper,6,0,0,0,1,0,0,0,0,61,1,0
508838,Bind,Kr1stal,GE,Fade,0,0,0,0,0,0,0,0,0,34,0,0
508838,Bind,Papi,GE,Brimstone,1,0,1,0,0,0,0,0,0,48,1,0
508838,Bind,yoman,GE,Deadlock,2,1,0,0,1,0,0,0,0,39,4,1
508839,Lotus,Jinggg,PRX,Raze,0,1,1,0,0,0,0,0,0,63,0,0
508839,Lotus,f0rsakeN,PRX,Omen,2,0,0,0,0,0,0,0,0,38,0,0
508839,Lotus,d4v41,PRX,Vyse,4,1,1,0,0,1,0,0,0,66,0,1
508839,Lotus,PatMen,PRX,Fade,3,0,0,0,0,0,0,0,0,38,5,0
508839,Lotus,something,PRX,Yoru,0,2,0,0,1,1,0,0,0,37,0,0
508839,Lotus,Dep,ZETA,Viper,3,1,0,0,1,0,0,0,0,50,0,2
508839,Lotus,CLZ,ZETA,Vyse,4,3,0,0,1,0,1,0,0,72,1,0
508839,Lotus,SugarZ3ro,ZETA,Omen,4,0,1,0,0,0,0,0,0,62,0,0
508839,Lotus,Xdll,ZETA,Fade,1,3,0,0,0,0,0,0,0,47,6,0
508839,Lotus,TenTen,ZETA,Raze,2,1,0,0,0,0,0,0,0,46,1,0
508839,Sunset,Jinggg,PRX,Raze,4,2,0,0,1,0,0,0,0,84,0,0
508839,Sunset,f0rsakeN,PRX,Omen,2,0,0,0,0,0,0,0,0,42,2,0
508839,Sunset,d4v41,PRX,Sage,0,0,0,0,0,0,0,0,0,33,2,0
508839,Sunset,PatMen,PRX,Viper,3,1,0,0,0,0,0,0,0,60,0,0
508839,Sunset,something,PRX,Sova,2,1,0,0,0,1,0,0,0,69,0,0
508839,Sunset,Dep,ZETA,Viper,4,1,0,0,0,0,0,0,0,73,0,0
508839,Sunset,CLZ,ZETA,Cypher,2,3,0,0,1,1,0,0,0,56,1,1
508839,Sunset,SugarZ3ro,ZETA,Omen,5,0,0,0,1,1,0,0,0,53,1,0
508839,Sunset,Xdll,ZETA,Sova,4,1,0,0,0,0,0,0,0,57,5,0
508839,Sunset,TenTen,ZETA,Neon,1,1,0,0,0,0,0,0,0,37,0,0
508840,Lotus,Munchkin,GEN,Viper,4,0,1,0,0,0,0,0,0,55,0,1
508840,Lotus,t3xture,GEN,Raze,2,0,0,0,0,0,0,0,0,25,0,0
508840,Lotus,Foxy9,GEN,Killjoy,3,0,0,0,0,0,0,0,0,45,0,0
508840,Lotus,Ash,GEN,Fade,2,1,0,0,0,0,1,0,0,51,7,0
508840,Lotus,Karon,GEN,Omen,6,2,0,0,0,0,0,0,0,64,0,0
508840,Lotus,Rb,NS,Cypher,1,1,0,0,0,0,0,0,0,48,0,0
508840,Lotus,Persia,NS,Omen,5,1,1,0,0,1,0,0,0,72,0,1
508840,Lotus,Dambi,NS,Waylay,5,0,0,1,0,0,0,1,0,72,1,1
508840,Lotus,Francis,NS,Breach,3,0,0,0,0,0,0,0,0,43,6,1
508840,Lotus,Ivy,NS,Fade,3,0,0,0,0,0,0,0,0,29,0,0
508840,Ascent,Munchkin,GEN,Kayo,1,0,0,0,0,0,0,0,0,24,1,0
508840,Ascent,t3xture,GEN,Jett,7,0,0,0,1,0,0,0,0,52,0,1
508840,Ascent,Foxy9,GEN,Killjoy,6,0,0,0,0,0,0,0,0,58,1,0
508840,Ascent,Ash,GEN,Sova,3,1,1,0,0,1,0,0,0,41,6,0
508840,Ascent,Karon,GEN,Omen,4,3,0,0,1,0,0,0,0,51,2,0
508840,Ascent,Rb,NS,Viper,4,2,1,0,2,0,0,0,0,58,3,2
508840,Ascent,Persia,NS,Omen,7,0,0,0,1,0,0,0,0,50,1,0
508840,Ascent,Dambi,NS,Neon,6,0,1,0,0,0,0,0,0,50,1,0
508840,Ascent,Francis,NS,Sova,2,1,0,0,0,0,0,0,0,43,3,1
508840,Ascent,Ivy,NS,Killjoy,2,0,0,0,0,0,0,0,0,53,2,0
508841,Bind,Crws,TLN,Fade,0,0,0,0,0,0,0,0,0,25,0,1
508841,Bind,Killua,TLN,Gekko,4,1,0,0,0,0,0,0,0,62,3,1
508841,Bind,JitBoyS,TLN,Astra,3,1,0,0,0,0,0,0,0,33,1,0
508841,Bind,primmie,TLN,Deadlock,3,1,0,0,0,0,0,0,0,48,0,1
508841,Bind,thyy,TLN,Raze,4,1,0,1,0,0,0,0,0,62,1,0
508841,Bind,Jinggg,PRX,Raze,3,0,0,0,0,0,0,0,0,54,0,0
508841,Bind,f0rsakeN,PRX,Brimstone,2,1,0,0,0,0,0,0,0,37,2,0
508841,Bind,d4v41,PRX,Viper,3,1,2,0,1,0,0,0,0,78,1,0
508841,Bind,PatMen,PRX,Fade,3,1,0,0,1,0,0,0,0,46,5,0
508841,Bind,something,PRX,Yoru,3,1,0,0,0,0,0,0,0,47,2,0
508841,Icebox,Crws,TLN,Viper,4,3,0,0,0,1,1,0,0,61,2,0
508841,Icebox,Killua,TLN,Sova,3,0,0,0,0,0,0,0,0,29,1,0
508841,Icebox,JitBoyS,TLN,Killjoy,2,0,0,0,0,0,0,0,0,25,0,1
508841,Icebox,primmie,TLN,Sage,6,0,0,0,0,1,0,0,0,41,8,3
508841,Icebox,thyy,TLN,Jett,3,2,0,0,0,1,0,0,0,41,0,0
508841,Icebox,Jinggg,PRX,Omen,6,0,0,0,0,0,0,0,0,40,2,1
508841,Icebox,f0rsakeN,PRX,Sova,4,0,0,0,1,0,0,0,0,35,9,1
508841,Icebox,d4v41,PRX,Killjoy,2,1,1,0,0,0,0,0,0,55,1,0
508841,Icebox,PatMen,PRX,Viper,6,2,0,0,1,0,0,0,0,62,1,0
508841,Icebox,something,PRX,Jett,2,4,1,0,0,0,0,0,0,54,1,1
508842,Lotus,free1ng,DRX,Viper,2,2,1,0,1,0,0,0,0,70,1,0
508842,Lotus,MaKo,DRX,Omen,2,0,0,1,0,0,0,0,0,58,1,0
508842,Lotus,Estrella,DRX,Fade,4,3,0,0,0,0,0,0,0,67,6,0
508842,Lotus,HYUNMIN,DRX,Raze,2,1,0,0,0,0,0,0,0,47,1,1
508842,Lotus,Flashback,DRX,Vyse,0,0,0,0,0,0,0,0,0,33,0,0
508842,Lotus,UdoTan,GE,Raze,3,3,1,0,1,1,0,0,0,75,0,1
508842,Lotus,ban,GE,Omen,3,0,0,0,0,0,0,0,0,32,0,0
508842,Lotus,Kr1stal,GE,Sova,2,1,0,0,0,0,0,0,0,42,5,0
508842,Lotus,Papi,GE,Viper,3,0,0,0,0,0,0,0,0,32,2,0
508842,Lotus,yoman,GE,Vyse,1,0,0,0,0,0,0,0,0,39,1,0
508842,Icebox,free1ng,DRX,Sova,1,1,0,0,1,0,0,0,0,35,0,1
508842,Icebox,MaKo,DRX,Viper,5,2,1,0,0,0,0,0,0,84,0,0
508842,Icebox,Estrella,DRX,Sage,1,0,0,0,0,0,0,0,0,30,8,3
508842,Icebox,HYUNMIN,DRX,Jett,2,2,0,1,0,0,0,0,0,80,0,0
508842,Icebox,Flashback,DRX,Killjoy,3,1,0,0,0,0,0,0,0,51,1,0
508842,Icebox,UdoTan,GE,Chamber,3,1,1,1,1,0,0,0,0,66,0,0
508842,Icebox,ban,GE,Iso,3,2,0,0,0,0,0,0,0,64,1,0
508842,Icebox,Kr1stal,GE,Sova,2,1,0,0,0,0,0,0,0,55,1,0
508842,Icebox,Papi,GE,Viper,3,1,0,0,0,0,0,0,0,54,2,0
508842,Icebox,yoman,GE,Sage,1,0,0,0,0,0,0,0,0,23,5,2
508843,Lotus,Famouz,BME,Raze,1,2,0,0,0,0,0,0,0,42,1,0
508843,Lotus,BerserX,BME,Killjoy,3,0,0,0,0,0,0,0,0,31,0,0
508843,Lotus,NcSlasher,BME,Fade,4,1,0,0,0,0,0,0,0,40,7,1
508843,Lotus,Shiro,BME,Viper,3,3,0,0,0,0,1,0,0,50,1,0
508843,Lotus,dos9,BME,Omen,6,1,0,0,0,0,0,0,0,57,1,0
508843,Lotus,Dep,ZETA,Viper,3,0,0,0,0,0,0,0,0,38,0,0
508843,Lotus,CLZ,ZETA,Vyse,1,0,0,0,0,0,0,0,0,45,0,2
508843,Lotus,SugarZ3ro,ZETA,Omen,5,0,0,0,0,0,0,0,0,40,2,1
508843,Lotus,Xdll,ZETA,Fade,5,3,1,0,0,0,2,0,0,59,4,0
508843,Lotus,TenTen,ZETA,Raze,1,1,1,0,0,0,0,0,0,42,0,0
508843,Corrode,Famouz,BME,Neon,3,1,0,0,0,0,0,0,0,56,1,0
508843,Corrode,BerserX,BME,Viper,3,0,0,0,0,0,0,0,0,37,0,0
508843,Corrode,NcSlasher,BME,Fade,3,1,0,0,0,0,0,0,0,45,4,0
508843,Corrode,Shiro,BME,Kayo,4,0,0,0,0,0,0,0,0,52,3,0
508843,Corrode,dos9,BME,Astra,4,1,0,0,0,0,0,0,0,52,1,0
508843,Corrode,Dep,ZETA,Astra,3,1,0,0,0,1,0,0,0,42,0,1
508843,Corrode,CLZ,ZETA,Vyse,1,1,0,0,1,0,0,0,0,37,0,1
508843,Corrode,SugarZ3ro,ZETA,Omen,3,0,0,0,0,1,0,0,0,63,3,1
508843,Corrode,Xdll,ZETA,Fade,4,0,1,0,0,0,0,0,0,73,5,0
508843,Corrode,TenTen,ZETA,Neon,1,3,0,0,0,0,0,0,0,67,1,0
508843,Ascent,Famouz,BME,Jett,3,1,0,0,0,0,0,0,0,51,0,0
508843,Ascent,BerserX,BME,Killjoy,2,0,1,1,0,0,0,0,0,58,2,1
508843,Ascent,NcSlasher,BME,Kayo,1,1,0,0,0,0,0,0,0,47,3,1
508843,Ascent,Shiro,BME,Sova,1,0,0,0,0,0,0,0,0,31,0,1
508843,Ascent,dos9,BME,Omen,2,1,0,0,1,0,0,0,0,41,1,0
508843,Ascent,Dep,ZETA,Chamber,4,1,0,0,0,0,0,0,0,75,0,1
508843,Ascent,CLZ,ZETA,Kayo,1,0,0,0,0,0,0,0,0,30,1,0
508843,Ascent,SugarZ3ro,ZETA,Omen,1,1,0,0,0,0,0,0,0,56,4,0
508843,Ascent,Xdll,ZETA,Sova,3,1,0,0,0,0,0,0,0,56,2,1
508843,Ascent,TenTen,ZETA,Jett,6,0,1,0,1,0,0,0,0,92,1,2
508844,Ascent,crazyguy,RRQ,Sova,1,1,0,0,0,0,0,0,0,38,4,0
508844,Ascent,Kushy,RRQ,Vyse,4,0,0,0,0,1,0,0,0,29,1,1
508844,Ascent,xffero,RRQ,Omen,4,2,1,0,0,0,0,0,0,45,2,0
508844,Ascent,Monyet,RRQ,Neon,2,1,0,0,0,0,0,0,0,42,0,0
508844,Ascent,Jemkin,RRQ,Waylay,4,1,0,0,2,0,0,0,0,40,0,1
508844,Ascent,JessieVash,TS,Sova,3,1,0,0,0,0,0,0,0,42,1,1
508844,Ascent,kellyS,TS,Vyse,5,1,1,0,0,0,0,0,0,68,1,0
508844,Ascent,invy,TS,Chamber,3,4,0,0,0,0,0,0,0,67,1,1
508844,Ascent,Wild0reoo,TS,Omen,2,0,0,0,0,0,0,0,0,28,2,2
508844,Ascent,n1zzy,TS,Yoru,5,1,1,0,0,0,0,0,0,52,1,0
508844,Icebox,crazyguy,RRQ,Sage,2,1,0,0,0,0,0,0,0,48,2,2
508844,Icebox,Kushy,RRQ,Sova,5,0,0,0,1,0,0,0,0,75,1,0
508844,Icebox,xffero,RRQ,Killjoy,4,0,1,0,0,0,0,0,0,109,0,3
508844,Icebox,Monyet,RRQ,Viper,3,0,0,0,1,0,0,0,0,43,0,1
508844,Icebox,Jemkin,RRQ,Jett,5,1,0,0,0,0,0,0,0,87,0,0
508844,Icebox,JessieVash,TS,Sova,1,0,0,0,0,0,0,0,0,28,3,0
508844,Icebox,kellyS,TS,Killjoy,1,0,1,0,0,0,0,0,0,65,1,0
508844,Icebox,invy,TS,Sage,1,0,1,0,0,0,0,0,0,46,2,1
508844,Icebox,Wild0reoo,TS,Viper,2,0,0,0,1,0,0,0,0,27,0,0
508844,Icebox,n1zzy,TS,Jett,4,0,1,0,0,0,0,0,0,58,0,1
508844,Sunset,crazyguy,RRQ,Breach,5,1,0,0,0,0,0,0,0,66,3,0
508844,Sunset,Kushy,RRQ,Fade,1,1,0,0,0,1,0,0,0,74,1,0
508844,Sunset,xffero,RRQ,Cypher,2,0,0,0,1,0,0,0,0,53,0,0
508844,Sunset,Monyet,RRQ,Omen,5,0,0,0,0,0,0,0,0,65,0,1
508844,Sunset,Jemkin,RRQ,Waylay,6,1,0,0,0,0,0,0,0,64,0,1
508844,Sunset,JessieVash,TS,Sova,1,1,0,0,0,0,0,0,0,45,0,0
508844,Sunset,kellyS,TS,Cypher,0,1,0,0,0,0,0,0,0,43,0,0
508844,Sunset,invy,TS,Breach,1,1,0,0,0,1,0,0,0,62,4,0
508844,Sunset,Wild0reoo,TS,Omen,0,0,0,0,0,0,0,0,0,29,1,0
508844,Sunset,n1zzy,TS,Neon,0,1,0,0,0,0,0,0,0,27,0,0
508845,Sunset,stax,T1,Sova,2,1,0,0,0,0,0,0,0,38,6,0
508845,Sunset,BuZz,T1,Yoru,2,0,0,0,1,0,0,0,0,36,2,0
508845,Sunset,Meteor,T1,Cypher,3,1,0,0,1,0,0,0,0,48,1,0
508845,Sunset,iZu,T1,Neon,4,1,1,0,0,0,0,1,0,80,0,1
508845,Sunset,DH,T1,Omen,4,0,0,0,0,1,0,0,0,66,1,1
508845,Sunset,Jinboong,DFM,Deadlock,3,0,0,0,1,0,0,0,0,36,1,1
508845,Sunset,Meiy,DFM,Neon,4,1,0,0,0,0,0,0,0,56,0,0
508845,Sunset,Akame,DFM,Omen,4,0,0,0,0,0,0,0,0,54,1,0
508845,Sunset,SSeeS,DFM,Sova,1,0,0,0,0,0,0,0,0,39,2,0
508845,Sunset,gyen,DFM,Viper,2,0,0,0,0,0,0,0,0,67,1,0
508845,Haven,stax,T1,Sova,3,1,0,0,1,0,0,0,0,53,2,0
508845,Haven,BuZz,T1,Yoru,3,1,0,0,0,0,0,0,0,48,1,1
508845,Haven,Meteor,T1,Cypher,2,2,0,0,0,0,0,0,0,48,0,0
508845,Haven,iZu,T1,Neon,2,0,1,0,0,0,0,0,0,59,2,1
508845,Haven,DH,T1,Omen,0,0,1,0,1,0,0,0,0,56,3,0
508845,Haven,Jinboong,DFM,Cypher,2,4,0,0,0,0,0,0,0,74,0,0
508845,Haven,Meiy,DFM,Yoru,4,2,0,0,0,0,0,0,0,57,0,1
508845,Haven,Akame,DFM,Iso,0,0,0,0,0,0,0,0,0,24,2,0
508845,Haven,SSeeS,DFM,Sova,0,1,0,0,0,0,0,0,0,39,2,2
508845,Haven,gyen,DFM,Omen,2,0,0,0,0,0,0,0,0,44,1,0
530354,Lotus,Crws,TLN,Omen,1,0,0,0,0,0,0,0,0,36,2,0
530354,Lotus,Killua,TLN,Fade,2,0,0,0,0,0,0,0,0,54,5,0
530354,Lotus,JitBoyS,TLN,Vyse,0,0,0,0,0,0,0,0,0,33,4,0
530354,Lotus,primmie,TLN,Yoru,5,0,0,0,0,0,0,0,0,46,1,0
530354,Lotus,thyy,TLN,Raze,4,2,0,1,0,1,0,0,0,92,0,0
530354,Lotus,Rb,NS,Viper,3,0,0,0,0,0,0,0,0,36,0,0
530354,Lotus,Persia,NS,Omen,0,0,0,0,1,0,0,0,0,25,0,0
530354,Lotus,Dambi,NS,Waylay,2,0,0,0,0,0,0,0,0,45,1,0
530354,Lotus,Francis,NS,Breach,2,0,0,0,0,0,0,0,0,34,2,1
530354,Lotus,Ivy,NS,Fade,0,0,2,0,0,0,0,0,0,48,0,1
530354,Corrode,Crws,TLN,Omen,2,0,2,0,0,0,0,0,0,41,0,2
530354,Corrode,Killua,TLN,Sova,7,2,0,0,0,0,0,0,0,52,1,0
530354,Corrode,JitBoyS,TLN,Cypher,5,1,0,0,1,0,0,0,0,43,1,2
530354,Corrode,primmie,TLN,Deadlock,7,2,0,0,1,0,0,0,0,50,5,2
530354,Corrode,thyy,TLN,Yoru,1,1,1,0,0,0,0,0,0,27,2,1
530354,Corrode,Rb,NS,Viper,6,0,0,0,0,1,0,0,0,41,3,1
530354,Corrode,Persia,NS,Omen,5,4,0,0,0,1,0,0,0,60,4,0
530354,Corrode,Dambi,NS,Neon,2,1,1,0,0,0,0,0,0,36,0,0
530354,Corrode,Francis,NS,Fade,2,2,1,0,0,0,0,0,0,35,2,0
530354,Corrode,Ivy,NS,Deadlock,4,1,0,0,0,0,0,0,0,35,3,2
530355,Bind,crazyguy,RRQ,Gekko,4,0,0,0,0,0,0,0,0,75,3,0
530355,Bind,Kushy,RRQ,Deadlock,0,0,0,0,0,0,0,0,0,26,2,1
530355,Bind,xffero,RRQ,Astra,4,0,0,0,0,0,0,0,0,38,1,0
530355,Bind,Monyet,RRQ,Waylay,0,1,1,0,0,0,0,0,0,38,1,0
530355,Bind,Jemkin,RRQ,Yoru,5,1,1,0,0,0,0,0,0,50,0,0
530355,Bind,stax,T1,Kayo,2,0,0,0,0,0,0,0,0,34,3,0
530355,Bind,BuZz,T1,Raze,3,1,0,0,0,0,0,0,0,49,0,1
530355,Bind,Meteor,T1,Viper,4,1,1,0,0,0,0,0,0,67,0,1
530355,Bind,iZu,T1,Gekko,2,2,0,0,0,0,0,0,0,58,5,1
530355,Bind,DH,T1,Brimstone,3,0,0,0,0,0,0,0,0,50,0,0
530355,Haven,crazyguy,RRQ,Omen,0,0,0,1,0,0,0,0,0,36,0,0
530355,Haven,Kushy,RRQ,Sova,1,0,1,0,0,1,0,0,0,54,4,1
530355,Haven,xffero,RRQ,Cypher,5,1,0,0,1,0,0,0,0,81,1,0
530355,Haven,Monyet,RRQ,Neon,5,0,0,0,0,0,0,0,0,62,0,2
530355,Haven,Jemkin,RRQ,Yoru,6,0,0,0,0,0,0,0,0,54,1,1
530355,Haven,stax,T1,Sova,0,1,0,0,0,0,0,0,0,51,7,0
530355,Haven,BuZz,T1,Yoru,0,1,0,0,0,0,0,0,0,29,1,0
530355,Haven,Meteor,T1,Cypher,0,1,0,0,0,0,0,0,0,26,0,0
530355,Haven,iZu,T1,Neon,2,1,0,0,0,0,0,0,0,60,0,0
530355,Haven,DH,T1,Omen,2,2,0,0,0,0,0,0,0,61,1,0
530355,Sunset,crazyguy,RRQ,Breach,0,1,0,0,0,0,0,0,0,38,0,1
530355,Sunset,Kushy,RRQ,Fade,5,0,0,0,1,0,0,0,0,49,3,0
530355,Sunset,xffero,RRQ,Cypher,3,0,0,0,0,0,0,0,0,49,0,0
530355,Sunset,Monyet,RRQ,Omen,4,1,0,0,0,0,0,0,0,52,0,0
530355,Sunset,Jemkin,RRQ,Waylay,4,2,0,0,0,0,0,0,0,58,0,1
530355,Sunset,stax,T1,Sova,2,1,0,0,2,0,0,0,0,51,2,1
530355,Sunset,BuZz,T1,Yoru,3,3,0,0,0,0,0,0,0,59,0,0
530355,Sunset,Meteor,T1,Cypher,0,3,0,0,0,0,0,0,0,57,0,0
530355,Sunset,iZu,T1,Neon,2,2,0,0,1,0,0,0,0,57,1,0
530355,Sunset,DH,T1,Omen,2,1,0,0,0,0,0,0,0,43,5,0
530356,Bind,free1ng,DRX,Viper,3,1,0,0,0,0,0,0,0,61,0,1
530356,Bind,MaKo,DRX,Brimstone,3,1,0,0,0,0,0,0,0,56,1,1
530356,Bind,Estrella,DRX,Fade,3,1,0,0,0,0,0,0,0,48,6,0
530356,Bind,HYUNMIN,DRX,Raze,2,2,0,1,0,0,0,0,0,55,0,0
530356,Bind,Flashback,DRX,Vyse,1,0,0,0,1,0,0,0,0,42,1,0
530356,Bind,Crws,TLN,Fade,1,0,0,0,1,0,0,0,0,36,1,1
530356,Bind,Killua,TLN,Gekko,1,2,0,0,0,0,0,0,0,32,5,0
530356,Bind,JitBoyS,TLN,Astra,2,0,0,0,1,0,0,0,0,52,0,1
530356,Bind,primmie,TLN,Deadlock,2,2,0,0,0,0,0,0,0,48,0,0
530356,Bind,thyy,TLN,Raze,2,2,0,0,0,0,0,0,0,52,0,1
530356,Haven,free1ng,DRX,Viper,2,0,0,0,1,0,0,0,0,41,0,0
530356,Haven,MaKo,DRX,Omen,1,0,0,0,0,0,0,0,0,25,2,0
530356,Haven,Estrella,DRX,Fade,1,1,0,0,0,0,0,0,0,38,3,0
530356,Haven,HYUNMIN,DRX,Neon,5,0,0,0,0,0,0,0,0,51,0,0
530356,Haven,Flashback,DRX,Vyse,3,5,0,0,1,0,0,0,0,69,2,0
530356,Haven,Crws,TLN,Deadlock,5,0,0,0,1,0,0,0,0,46,3,0
530356,Haven,Killua,TLN,Sova,3,1,0,0,0,0,1,0,0,51,3,0
530356,Haven,JitBoyS,TLN,Cypher,4,1,1,0,0,0,0,0,0,63,1,1
530356,Haven,primmie,TLN,Yoru,5,0,0,0,0,0,0,0,0,53,0,0
530356,Haven,thyy,TLN,Omen,1,2,0,0,0,0,0,0,0,50,2,0
530356,Lotus,free1ng,DRX,Viper,4,0,0,0,1,0,0,0,0,52,0,1
530356,Lotus,MaKo,DRX,Omen,1,0,0,0,0,0,0,0,0,29,2,0
530356,Lotus,Estrella,DRX,Fade,1,1,0,0,0,0,0,0,0,53,4,0
530356,Lotus,HYUNMIN,DRX,Raze,2,1,0,0,0,0,0,0,0,50,0,0
530356,Lotus,Flashback,DRX,Vyse,2,1,0,0,0,0,0,0,0,47,0,0
530356,Lotus,Crws,TLN,Omen,1,0,0,0,0,0,0,0,0,38,3,1
530356,Lotus,Killua,TLN,Fade,0,3,1,0,0,0,0,0,0,68,4,2
530356,Lotus,JitBoyS,TLN,Vyse,3,1,0,0,1,0,0,0,0,58,2,0
530356,Lotus,primmie,TLN,Yoru,1,0,0,0,0,0,0,0,0,32,0,0
530356,Lotus,thyy,TLN,Raze,0,2,1,0,0,0,0,0,0,59,0,0
530357,Sunset,Jinggg,PRX,Raze,5,0,0,0,0,0,0,0,0,72,2,0
530357,Sunset,f0rsakeN,PRX,Omen,1,3,0,0,1,0,0,0,0,65,1,2
530357,Sunset,d4v41,PRX,Sage,3,0,0,0,0,0,0,0,0,45,4,0
530357,Sunset,PatMen,PRX,Viper,1,1,0,0,0,0,0,0,0,41,0,0
530357,Sunset,something,PRX,Sova,3,1,0,0,0,0,0,0,0,61,1,1
530357,Sunset,stax,T1,Sova,0,1,0,0,0,0,0,0,0,33,7,0
530357,Sunset,BuZz,T1,Yoru,1,2,0,1,0,0,0,0,0,52,0,1
530357,Sunset,Meteor,T1,Cypher,2,2,1,0,0,0,0,0,0,52,0,1
530357,Sunset,iZu,T1,Neon,2,0,0,0,0,0,0,0,0,40,0,0
530357,Sunset,DH,T1,Omen,2,0,0,0,0,1,0,0,0,43,1,0
530357,Bind,Jinggg,PRX,Raze,6,1,1,0,0,0,0,0,0,87,1,1
530357,Bind,f0rsakeN,PRX,Brimstone,0,1,1,0,0,1,0,0,0,70,2,0
530357,Bind,d4v41,PRX,Viper,2,0,0,0,1,0,0,0,0,41,1,1
530357,Bind,PatMen,PRX,Fade,2,0,0,0,0,0,0,0,0,38,2,1
530357,Bind,something,PRX,Yoru,0,1,0,0,0,0,0,0,0,50,0,0
530357,Bind,stax,T1,Kayo,1,2,0,0,0,0,0,0,0,59,2,0
530357,Bind,BuZz,T1,Raze,2,0,0,0,0,0,0,0,0,39,1,0
530357,Bind,Meteor,T1,Viper,1,1,0,0,0,0,0,0,0,57,0,0
530357,Bind,iZu,T1,Gekko,2,0,0,0,0,0,0,0,0,53,4,1
530357,Bind,DH,T1,Brimstone,3,0,0,0,0,0,0,0,0,33,0,0
530358,Lotus,Rb,NS,Viper,0,1,0,0,0,0,0,0,0,40,0,0
530358,Lotus,Persia,NS,Omen,2,2,0,0,0,0,0,0,0,78,0,0
530358,Lotus,Dambi,NS,Neon,3,1,0,0,0,0,0,0,0,65,0,1
530358,Lotus,Francis,NS,Fade,4,1,0,0,0,0,0,0,0,59,2,0
530358,Lotus,Ivy,NS,Deadlock,3,0,0,0,0,0,0,0,0,41,6,0
530358,Lotus,Jinboong,DFM,Fade,0,0,0,0,0,0,0,0,0,40,1,0
530358,Lotus,Meiy,DFM,Yoru,4,0,0,0,0,1,0,0,0,56,1,0
530358,Lotus,Akame,DFM,Raze,1,2,0,0,1,0,0,0,0,64,0,0
530358,Lotus,SSeeS,DFM,Omen,1,0,0,0,1,0,0,0,0,27,0,0
530358,Lotus,gyen,DFM,Viper,2,1,0,0,0,0,0,0,0,38,1,0
530358,Ascent,Rb,NS,Viper,5,1,0,0,0,1,0,0,0,74,2,0
530358,Ascent,Persia,NS,Omen,2,0,0,0,0,0,0,0,0,40,0,0
530358,Ascent,Dambi,NS,Neon,4,0,0,0,0,0,0,0,0,48,1,0
530358,Ascent,Francis,NS,Sova,5,0,0,0,0,0,0,0,0,57,5,0
530358,Ascent,Ivy,NS,Killjoy,3,0,0,0,0,0,0,0,0,50,2,0
530358,Ascent,Jinboong,DFM,Killjoy,3,2,0,0,1,0,0,0,0,70,1,0
530358,Ascent,Meiy,DFM,Jett,2,1,1,0,0,0,0,0,0,45,0,0
530358,Ascent,Akame,DFM,Kayo,0,0,0,0,0,0,0,0,0,31,1,0
530358,Ascent,SSeeS,DFM,Sova,3,0,0,0,0,0,0,0,0,48,2,0
530358,Ascent,gyen,DFM,Omen,3,1,1,0,1,0,0,0,0,61,3,0
530359,Haven,crazyguy,RRQ,Omen,1,1,1,0,0,0,0,0,0,64,0,0
530359,Haven,Kushy,RRQ,Sova,0,0,0,0,0,0,0,0,0,30,6,0
530359,Haven,xffero,RRQ,Cypher,1,1,0,0,1,0,0,0,0,25,0,1
530359,Haven,Monyet,RRQ,Neon,4,1,0,0,0,0,0,0,0,59,0,0
530359,Haven,Jemkin,RRQ,Yoru,2,1,1,0,0,0,0,0,0,56,0,2
530359,Haven,Munchkin,GEN,Viper,3,1,0,0,0,0,0,0,0,40,0,0
530359,Haven,t3xture,GEN,Neon,5,0,2,0,0,0,0,0,0,71,1,0
530359,Haven,Foxy9,GEN,Killjoy,2,1,0,0,0,0,0,0,0,55,0,0
530359,Haven,Ash,GEN,Sova,4,0,0,0,0,1,0,0,0,49,6,0
530359,Haven,Karon,GEN,Omen,3,1,0,0,0,0,0,0,0,38,3,1
530359,Sunset,crazyguy,RRQ,Breach,6,0,0,0,0,0,0,0,0,62,2,0
530359,Sunset,Kushy,RRQ,Fade,4,0,0,0,1,0,0,0,0,30,6,0
530359,Sunset,xffero,RRQ,Cypher,3,0,0,0,0,0,0,0,0,40,2,0
530359,Sunset,Monyet,RRQ,Omen,4,0,0,0,0,0,0,0,0,65,1,0
530359,Sunset,Jemkin,RRQ,Waylay,4,2,0,1,0,0,0,0,0,72,0,1
530359,Sunset,Munchkin,GEN,Viper,4,0,0,0,0,0,0,0,0,40,0,0
530359,Sunset,t3xture,GEN,Neon,1,0,0,0,0,0,0,0,0,45,0,0
530359,Sunset,Foxy9,GEN,Deadlock,1,1,0,0,0,0,0,0,0,37,2,0
530359,Sunset,Ash,GEN,Sova,3,0,0,0,0,0,0,0,0,51,7,0
530359,Sunset,Karon,GEN,Omen,4,1,0,0,0,1,0,0,0,49,2,0
530359,Corrode,crazyguy,RRQ,Omen,3,1,0,0,1,1,0,0,0,55,0,0
530359,Corrode,Kushy,RRQ,Fade,4,1,0,0,0,0,0,0,0,60,4,0
530359,Corrode,xffero,RRQ,Viper,6,0,0,0,1,0,0,0,0,97,1,0
530359,Corrode,Monyet,RRQ,Neon,3,1,1,0,0,0,0,0,0,78,0,0
530359,Corrode,Jemkin,RRQ,Waylay,5,0,0,0,0,0,0,0,0,43,0,0
530359,Corrode,Munchkin,GEN,Viper,2,1,0,0,0,0,0,0,0,48,1,0
530359,Corrode,t3xture,GEN,Neon,2,1,0,0,1,0,0,0,0,53,0,0
530359,Corrode,Foxy9,GEN,Sage,0,1,0,0,0,0,0,0,0,39,1,0
530359,Corrode,Ash,GEN,Fade,3,0,0,0,0,0,0,0,0,33,2,0
530359,Corrode,Karon,GEN,Omen,3,0,0,0,0,0,0,0,0,45,0,0
530360,Lotus,stax,T1,Fade,3,0,0,0,0,1,0,0,0,59,9,1
530360,Lotus,BuZz,T1,Yoru,5,1,0,0,0,0,0,0,0,66,2,0
530360,Lotus,Meteor,T1,Vyse,2,1,0,0,0,0,0,0,0,61,1,1
530360,Lotus,iZu,T1,Neon,4,2,0,0,0,0,0,0,0,67,0,0
530360,Lotus,DH,T1,Omen,3,0,0,0,0,0,0,0,0,57,0,0
530360,Lotus,Rb,NS,Viper,0,2,0,0,0,0,0,0,0,40,1,0
530360,Lotus,Persia,NS,Omen,3,0,0,0,0,0,0,0,0,33,0,0
530360,Lotus,Dambi,NS,Neon,3,1,1,0,1,0,0,0,0,55,0,0
530360,Lotus,Francis,NS,Fade,0,0,0,0,0,0,0,0,0,40,4,1
530360,Lotus,Ivy,NS,Deadlock,2,2,0,0,0,0,0,0,0,55,1,1
530360,Ascent,stax,T1,Sova,1,0,0,0,0,0,0,0,0,38,4,0
530360,Ascent,BuZz,T1,Chamber,4,0,0,0,0,0,0,0,0,73,0,0
530360,Ascent,Meteor,T1,Vyse,0,2,1,0,0,0,0,0,0,54,0,2
530360,Ascent,iZu,T1,Yoru,3,0,1,0,0,0,0,0,0,40,1,0
530360,Ascent,DH,T1,Omen,4,3,0,0,1,1,0,0,0,46,2,0
530360,Ascent,Rb,NS,Viper,6,3,1,0,0,0,0,0,0,85,1,1
530360,Ascent,Persia,NS,Omen,2,0,0,0,0,0,0,0,0,29,3,0
530360,Ascent,Dambi,NS,Neon,2,0,0,0,0,0,0,0,0,34,0,0
530360,Ascent,Francis,NS,Sova,3,1,0,0,0,0,0,0,0,58,0,1
530360,Ascent,Ivy,NS,Killjoy,2,1,0,0,0,0,0,0,0,41,0,0
530361,Icebox,free1ng,DRX,Sova,2,0,0,0,0,0,0,0,0,57,1,1
530361,Icebox,MaKo,DRX,Viper,5,0,0,0,1,0,0,0,0,66,1,0
530361,Icebox,Estrella,DRX,Sage,0,0,0,0,0,0,0,0,0,29,7,0
530361,Icebox,HYUNMIN,DRX,Jett,2,0,1,0,0,0,0,0,0,48,0,1
530361,Icebox,Flashback,DRX,Killjoy,1,1,1,0,0,0,0,0,0,50,0,0
530361,Icebox,crazyguy,RRQ,Sage,1,2,0,0,1,0,0,0,0,55,7,1
530361,Icebox,Kushy,RRQ,Sova,7,1,0,0,0,0,0,0,0,81,0,0
530361,Icebox,xffero,RRQ,Killjoy,3,0,1,0,0,0,0,0,0,59,0,3
530361,Icebox,Monyet,RRQ,Viper,1,1,0,0,0,0,0,0,0,59,0,0
530361,Icebox,Jemkin,RRQ,Jett,1,2,0,0,0,1,0,0,0,44,0,1
530361,Corrode,free1ng,DRX,Viper,3,0,0,0,0,0,0,0,0,53,1,1
530361,Corrode,MaKo,DRX,Omen,4,0,0,0,1,0,0,0,0,40,1,0
530361,Corrode,Estrella,DRX,Fade,1,0,0,0,0,0,0,0,0,24,7,0
530361,Corrode,HYUNMIN,DRX,Neon,4,2,0,0,0,0,1,0,0,67,0,1
530361,Corrode,Flashback,DRX,Vyse,4,2,0,0,1,0,0,0,0,62,0,1
530361,Corrode,crazyguy,RRQ,Omen,2,0,0,0,0,1,0,0,0,41,1,1
530361,Corrode,Kushy,RRQ,Fade,2,0,0,0,0,0,0,0,0,34,5,0
530361,Corrode,xffero,RRQ,Viper,4,2,0,0,3,0,0,0,0,53,4,1
530361,Corrode,Monyet,RRQ,Neon,5,2,0,0,0,0,0,0,0,70,0,0
530361,Corrode,Jemkin,RRQ,Waylay,3,1,0,0,0,0,0,0,0,50,0,1
530362,Haven,Crws,TLN,Deadlock,2,0,0,0,1,1,0,0,0,36,8,1
530362,Haven,Killua,TLN,Sova,0,0,1,0,1,0,0,0,0,44,0,0
530362,Haven,JitBoyS,TLN,Cypher,3,0,1,0,0,0,0,0,0,49,0,0
530362,Haven,primmie,TLN,Yoru,2,3,0,0,0,0,0,0,0,56,0,2
530362,Haven,thyy,TLN,Omen,2,1,0,0,1,0,0,0,0,55,1,0
530362,Haven,Jinggg,PRX,Omen,4,2,0,0,0,0,1,0,0,63,5,1
530362,Haven,f0rsakeN,PRX,Waylay,3,1,0,0,0,0,0,0,0,49,1,0
530362,Haven,d4v41,PRX,Vyse,2,0,0,0,0,0,0,0,0,48,1,1
530362,Haven,PatMen,PRX,Fade,6,0,0,0,0,0,0,0,0,44,2,0
530362,Haven,something,PRX,Yoru,5,1,2,0,0,1,0,0,0,83,0,1
530362,Bind,Crws,TLN,Fade,1,0,0,0,0,0,0,0,0,19,0,0
530362,Bind,Killua,TLN,Gekko,2,1,0,0,0,0,0,0,0,55,3,0
530362,Bind,JitBoyS,TLN,Astra,2,0,0,0,0,0,0,0,0,42,0,0
530362,Bind,primmie,TLN,Deadlock,1,2,0,0,0,0,0,0,0,50,1,0
530362,Bind,thyy,TLN,Raze,1,1,0,0,0,0,0,0,0,53,0,0
530362,Bind,Jinggg,PRX,Raze,3,1,0,0,0,0,0,0,0,56,0,0
530362,Bind,f0rsakeN,PRX,Brimstone,8,0,0,0,1,0,0,0,0,94,0,1
530362,Bind,d4v41,PRX,Viper,3,1,0,0,0,0,0,0,0,50,0,0
530362,Bind,PatMen,PRX,Fade,3,0,0,0,0,0,0,0,0,62,3,0
530362,Bind,something,PRX,Yoru,3,2,0,0,0,0,0,0,0,46,0,0
530363,Ascent,stax,T1,Sova,2,0,0,0,0,0,0,0,0,32,4,0
530363,Ascent,BuZz,T1,Chamber,4,1,0,0,0,0,0,0,0,63,0,0
530363,Ascent,Meteor,T1,Vyse,3,0,1,0,0,0,0,0,0,41,1,1
530363,Ascent,iZu,T1,Yoru,2,1,0,1,0,0,0,0,0,47,0,0
530363,Ascent,DH,T1,Omen,2,0,0,0,0,1,0,0,0,23,1,1
530363,Ascent,crazyguy,RRQ,Tejo,2,1,1,0,0,0,0,0,0,51,2,0
530363,Ascent,Kushy,RRQ,Sova,2,1,1,0,0,1,0,0,0,66,1,1
530363,Ascent,xffero,RRQ,Cypher,2,0,0,0,0,0,0,0,0,63,0,0
530363,Ascent,Monyet,RRQ,Omen,3,1,0,0,1,0,0,0,0,70,1,0
530363,Ascent,Jemkin,RRQ,Yoru,3,0,0,0,0,0,0,0,0,53,1,2
530363,Sunset,stax,T1,Sova,1,2,0,0,0,0,1,0,0,43,9,1
530363,Sunset,BuZz,T1,Yoru,1,1,0,0,0,0,0,0,0,28,0,0
530363,Sunset,Meteor,T1,Cypher,3,2,0,0,0,1,0,0,0,53,0,1
530363,Sunset,iZu,T1,Neon,5,1,2,0,0,1,0,0,0,87,0,0
530363,Sunset,DH,T1,Omen,2,2,0,0,1,0,0,0,0,69,2,0
530363,Sunset,crazyguy,RRQ,Breach,4,1,0,0,1,0,0,0,0,39,3,0
530363,Sunset,Kushy,RRQ,Fade,1,1,0,0,1,0,0,0,0,41,4,0
530363,Sunset,xffero,RRQ,Cypher,1,0,0,0,1,0,0,0,0,43,0,1
530363,Sunset,Monyet,RRQ,Omen,3,1,2,0,0,0,2,0,0,89,1,1
530363,Sunset,Jemkin,RRQ,Waylay,3,1,0,0,1,0,0,0,0,48,0,0
530363,Haven,stax,T1,Sova,2,0,0,0,0,0,0,0,0,24,3,0
530363,Haven,BuZz,T1,Yoru,2,0,3,0,0,0,0,0,0,40,3,0
530363,Haven,Meteor,T1,Cypher,6,2,0,0,0,0,0,0,0,61,1,0
530363,Haven,iZu,T1,Neon,2,1,0,0,0,0,0,0,0,39,0,0
530363,Haven,DH,T1,Omen,6,2,0,0,0,1,0,0,0,56,6,1
530363,Haven,crazyguy,RRQ,Omen,7,0,0,0,0,0,0,0,0,51,0,1
530363,Haven,Kushy,RRQ,Sova,2,0,0,0,0,0,0,0,0,42,5,2
530363,Haven,xffero,RRQ,Cypher,5,2,0,0,1,0,0,0,0,66,3,1
530363,Haven,Monyet,RRQ,Neon,3,0,0,0,0,0,0,0,0,38,0,0
530363,Haven,Jemkin,RRQ,Yoru,4,1,0,0,0,0,0,0,0,55,1,1
530364,Bind,Crws,TLN,Brimstone,3,0,0,0,0,0,0,0,0,76,2,3
530364,Bind,Killua,TLN,Fade,0,0,0,0,0,0,0,0,0,46,1,0
530364,Bind,JitBoyS,TLN,Viper,3,1,0,1,0,0,0,0,0,68,0,0
530364,Bind,primmie,TLN,Yoru,3,3,0,0,1,0,0,0,0,75,0,1
530364,Bind,thyy,TLN,Raze,2,2,0,0,0,0,0,0,0,85,0,0
530364,Bind,crazyguy,RRQ,Brimstone,2,0,0,0,0,1,0,0,0,39,1,0
530364,Bind,Kushy,RRQ,Fade,0,0,0,0,0,0,0,0,0,25,4,0
530364,Bind,xffero,RRQ,Viper,1,2,0,0,0,1,0,0,0,58,2,0
530364,Bind,Monyet,RRQ,Raze,2,0,0,0,0,0,0,0,0,51,0,1
530364,Bind,Jemkin,RRQ,Yoru,2,0,0,0,0,0,0,0,0,34,0,0
530364,Haven,Crws,TLN,Deadlock,3,2,0,0,0,0,0,0,0,58,7,1
530364,Haven,Killua,TLN,Sova,2,0,0,0,0,0,0,0,0,41,3,0
530364,Haven,JitBoyS,TLN,Cypher,3,0,0,0,0,0,0,0,0,48,0,0
530364,Haven,primmie,TLN,Yoru,6,1,0,0,0,0,0,0,0,61,0,0
530364,Haven,thyy,TLN,Omen,2,0,1,0,1,0,0,0,0,57,1,0
530364,Haven,crazyguy,RRQ,Omen,1,1,0,0,0,1,0,0,0,57,0,1
530364,Haven,Kushy,RRQ,Sova,2,0,0,0,0,0,0,0,0,35,0,0
530364,Haven,xffero,RRQ,Cypher,3,0,0,0,0,2,0,0,0,75,2,1
530364,Haven,Monyet,RRQ,Neon,1,1,0,0,0,0,0,0,0,51,1,1
530364,Haven,Jemkin,RRQ,Yoru,2,2,0,0,0,0,0,0,0,52,1,0
530364,Corrode,Crws,TLN,Omen,1,1,0,0,0,0,0,0,0,39,3,0
530364,Corrode,Killua,TLN,Sova,2,1,0,0,1,0,0,0,0,57,1,0
530364,Corrode,JitBoyS,TLN,Cypher,3,0,1,0,0,0,0,0,0,60,1,1
530364,Corrode,primmie,TLN,Deadlock,2,2,0,0,0,0,0,0,0,55,5,0
530364,Corrode,thyy,TLN,Yoru,1,2,0,0,1,0,0,0,0,41,0,1
530364,Corrode,crazyguy,RRQ,Omen,3,0,0,0,0,0,0,0,0,48,3,2
530364,Corrode,Kushy,RRQ,Fade,3,0,0,0,0,0,0,0,0,43,3,0
530364,Corrode,xffero,RRQ,Viper,1,3,2,0,0,1,1,0,0,58,2,1
530364,Corrode,Monyet,RRQ,Neon,3,2,0,0,0,0,0,0,0,57,0,1
530364,Corrode,Jemkin,RRQ,Waylay,2,2,0,0,0,0,0,0,0,53,1,0
530364,Icebox,Crws,TLN,Viper,1,0,0,0,0,0,0,0,0,37,1,0
530364,Icebox,Killua,TLN,Sova,2,0,0,0,0,0,0,0,0,33,0,0
530364,Icebox,JitBoyS,TLN,Killjoy,2,0,0,0,0,0,0,0,0,38,0,1
530364,Icebox,primmie,TLN,Sage,4,1,0,0,0,0,0,0,0,51,8,0
530364,Icebox,thyy,TLN,Jett,3,1,0,0,0,0,0,0,0,55,1,0
530364,Icebox,crazyguy,RRQ,Sage,0,1,0,0,0,0,0,0,0,35,6,2
530364,Icebox,Kushy,RRQ,Sova,1,0,0,0,0,0,0,0,0,31,0,2
530364,Icebox,xffero,RRQ,Killjoy,2,3,0,0,0,0,0,1,0,72,0,0
530364,Icebox,Monyet,RRQ,Viper,3,1,0,1,0,0,0,0,0,89,1,1
530364,Icebox,Jemkin,RRQ,Jett,4,2,0,0,0,0,0,0,0,82,0,0
530364,Sunset,Crws,TLN,Viper,2,0,0,0,1,0,0,0,0,49,0,0
530364,Sunset,Killua,TLN,Sova,7,0,0,0,1,0,0,0,0,67,1,2
530364,Sunset,JitBoyS,TLN,Omen,5,2,0,0,0,0,0,0,0,45,1,0
530364,Sunset,primmie,TLN,Sage,2,0,0,0,1,0,0,0,0,28,6,0
530364,Sunset,thyy,TLN,Raze,5,1,0,0,0,0,0,0,0,35,2,0
530364,Sunset,crazyguy,RRQ,Breach,3,1,0,0,0,0,0,0,0,56,4,1
530364,Sunset,Kushy,RRQ,Fade,1,2,1,0,0,0,0,0,0,56,4,1
530364,Sunset,xffero,RRQ,Cypher,0,0,1,0,0,0,0,0,0,41,1,0
530364,Sunset,Monyet,RRQ,Omen,1,1,0,0,1,1,0,0,0,40,0,0
530364,Sunset,Jemkin,RRQ,Waylay,4,2,1,1,0,0,0,0,0,67,2,1
530365,Bind,Jinggg,PRX,Raze,3,0,1,0,0,0,0,0,0,66,1,0
530365,Bind,f0rsakeN,PRX,Brimstone,5,0,0,0,0,0,0,0,0,50,3,0
530365,Bind,d4v41,PRX,Viper,3,0,0,0,0,0,0,0,0,56,1,1
530365,Bind,PatMen,PRX,Fade,3,1,0,0,0,0,0,0,0,46,5,1
530365,Bind,something,PRX,Yoru,6,0,0,0,0,0,0,0,0,58,2,0
530365,Bind,crazyguy,RRQ,Tejo,1,1,0,0,0,0,0,0,0,44,2,0
530365,Bind,Kushy,RRQ,Fade,0,1,1,0,0,0,0,0,0,59,2,1
530365,Bind,xffero,RRQ,Viper,1,1,0,0,1,1,0,0,0,64,0,2
530365,Bind,Monyet,RRQ,Astra,0,1,0,0,0,1,0,0,0,45,3,0
530365,Bind,Jemkin,RRQ,Yoru,3,0,0,0,0,0,0,0,0,37,0,0
530365,Ascent,Jinggg,PRX,Sage,3,1,0,0,0,1,0,0,0,65,1,0
530365,Ascent,f0rsakeN,PRX,Omen,5,2,0,0,0,0,0,0,0,78,0,0
530365,Ascent,d4v41,PRX,Vyse,3,0,0,0,0,1,0,0,0,54,0,1
530365,Ascent,PatMen,PRX,Sova,3,0,0,0,0,0,0,0,0,43,2,0
530365,Ascent,something,PRX,Yoru,5,2,0,0,0,0,0,0,0,62,0,0
530365,Ascent,crazyguy,RRQ,Tejo,0,0,0,0,1,0,0,0,0,34,1,1
530365,Ascent,Kushy,RRQ,Sova,3,1,0,0,0,0,0,0,0,60,1,1
530365,Ascent,xffero,RRQ,Cypher,2,0,0,0,0,0,0,0,0,33,0,0
530365,Ascent,Monyet,RRQ,Omen,2,0,0,0,0,0,0,0,0,43,0,0
530365,Ascent,Jemkin,RRQ,Yoru,2,1,0,0,0,0,0,0,0,45,0,0
530365,Lotus,Jinggg,PRX,Raze,3,2,0,0,0,0,0,0,0,68,1,2
530365,Lotus,f0rsakeN,PRX,Omen,3,1,0,0,0,0,0,0,0,59,0,0
530365,Lotus,d4v41,PRX,Vyse,2,0,0,0,0,0,0,0,0,31,0,1
530365,Lotus,PatMen,PRX,Fade,1,0,0,0,0,0,0,0,0,25,4,0
530365,Lotus,something,PRX,Yoru,3,1,0,0,0,0,0,0,0,65,0,0
530365,Lotus,crazyguy,RRQ,Omen,3,2,0,0,1,1,0,0,0,73,1,0
530365,Lotus,Kushy,RRQ,Fade,1,0,0,0,0,0,0,0,0,39,6,2
530365,Lotus,xffero,RRQ,Viper,0,2,0,0,0,1,0,0,0,47,1,1
530365,Lotus,Monyet,RRQ,Raze,3,2,0,0,0,0,0,0,0,50,1,1
530365,Lotus,Jemkin,RRQ,Yoru,6,0,0,0,0,0,0,0,0,76,0,1
530365,Haven,Jinggg,PRX,Omen,1,0,1,0,0,0,0,0,0,45,0,0
530365,Haven,f0rsakeN,PRX,Waylay,3,2,0,0,0,0,0,0,0,56,2,1
530365,Haven,d4v41,PRX,Vyse,2,1,0,0,1,0,0,0,0,60,0,0
530365,Haven,PatMen,PRX,Fade,4,0,0,0,1,0,0,0,0,49,5,0
530365,Haven,something,PRX,Yoru,2,1,0,0,0,0,0,0,0,55,0,1
530365,Haven,crazyguy,RRQ,Omen,3,0,0,0,0,0,0,0,0,51,1,0
530365,Haven,Kushy,RRQ,Sova,0,1,0,0,0,0,0,0,0,33,5,1
530365,Haven,xffero,RRQ,Cypher,3,0,0,0,0,0,0,0,0,53,0,0
530365,Haven,Monyet,RRQ,Neon,2,0,0,0,1,0,0,0,0,49,0,0
530365,Haven,Jemkin,RRQ,Yoru,1,1,0,0,0,0,0,0,0,45,0,1
