scraped_at,player,player_name,team,player_url,player_id,agents_played,agents_count,agents_display,rounds,rating,acs,kd_ratio,kast,adr,kpr,apr,fkpr,fdpr,hs_percent,cl_percent,clutches,k_max,kills,deaths,assists,first_kills,first_deaths
2025-09-01T08:20:17.146123,Meiy,Meiy,DFM,https://www.vlr.gg/player/6672/meiy,6672,"['Yoru', 'Jett', 'Waylay']",4,"Yoru, Jett, Waylay, (+1)",274,1.25,266.2,1.35,74%,167.2,0.96,0.19,0.17,0.10,29%,17%,5/29,39,264,195,53,46,27
2025-09-01T08:20:17.147760,something,something,PRX,https://www.vlr.gg/player/17086/something,17086,"['Yoru', 'Sova', 'Jett']",3,"Yoru, Sova, Jett",402,1.23,230.4,1.38,77%,149.3,0.85,0.21,0.18,0.09,26%,17%,10/59,32,340,247,86,71,38
2025-09-01T08:20:17.148828,Jinggg,Jinggg,PRX,https://www.vlr.gg/player/7378/jinggg,7378,"['Omen', 'Raze', 'Sage']",3,"Omen, Raze, Sage",402,1.14,237.1,1.19,78%,154.3,0.81,0.29,0.13,0.09,24%,22%,5/23,24,325,274,116,53,38
2025-09-01T08:20:17.149826,HYUNMIN,HYUNMIN,DRX,https://www.vlr.gg/player/28400/hyunmin,28400,"['Neon', 'Jett', 'Waylay']",4,"Neon, Jett, Waylay, (+1)",333,1.13,242.8,1.15,74%,157.6,0.83,0.18,0.17,0.11,28%,13%,3/23,26,278,242,60,58,38
2025-09-01T08:20:17.150856,Jemkin,Jemkin,RRQ,https://www.vlr.gg/player/24895/jemkin,24895,"['Yoru', 'Waylay', 'Neon']",4,"Yoru, Waylay, Neon, (+1)",696,1.12,227.6,1.24,72%,141.9,0.83,0.17,0.18,0.15,35%,7%,4/54,31,579,468,115,124,105
2025-09-01T08:20:17.152842,DH,DH,T1,https://www.vlr.gg/player/43057/dh,43057,"['Omen', 'Brimstone']",2,"Omen, Brimstone",442,1.10,196.8,1.07,75%,127.7,0.72,0.46,0.08,0.09,38%,26%,12/46,23,317,296,202,36,40
2025-09-01T08:20:17.153827,primmie,primmie,TLN,https://www.vlr.gg/player/25255/primmie,25255,"['Deadlock', 'Sage', 'Yoru']",3,"Deadlock, Sage, Yoru",498,1.10,216.7,1.19,73%,136.5,0.79,0.22,0.11,0.10,39%,21%,10/48,30,394,332,110,55,52
2025-09-01T08:20:17.155198,d4v41,d4v41,PRX,https://www.vlr.gg/player/9803/d4v41,9803,"['Vyse', 'Viper', 'Sage']",4,"Vyse, Viper, Sage, (+1)",402,1.10,199.2,1.16,74%,137.4,0.72,0.25,0.09,0.06,25%,12%,7/60,29,290,250,100,37,24
2025-09-01T08:20:17.157315,Dep,Dep,ZETA,https://www.vlr.gg/player/424/dep,424,"['Viper', 'Killjoy', 'Vyse']",5,"Viper, Killjoy, Vyse, (+2)",238,1.08,218.8,1.07,71%,141.8,0.77,0.19,0.13,0.10,33%,13%,4/30,22,183,171,45,30,24
2025-09-01T08:20:17.158825,Karon,Karon,GEN,https://www.vlr.gg/player/34974/karon,34974,['Omen'],1,Omen,305,1.07,197.5,1.05,74%,124.5,0.71,0.47,0.10,0.06,35%,21%,7/33,23,216,206,144,29,19
2025-09-01T08:20:17.160109,f0rsakeN,f0rsakeN,PRX,https://www.vlr.gg/player/9801/f0rsaken,9801,"['Waylay', 'Omen', 'Brimstone']",4,"Waylay, Omen, Brimstone, (+1)",402,1.07,213.7,1.12,75%,139.7,0.76,0.36,0.11,0.12,31%,37%,7/19,27,307,275,144,46,49
2025-09-01T08:20:17.161228,xffero,xffero,RRQ,https://www.vlr.gg/player/4871/xffero,4871,"['Viper', 'Cypher', 'Killjoy']",5,"Viper, Cypher, Killjoy, (+2)",696,1.06,190.9,1.11,70%,125.6,0.69,0.24,0.07,0.05,29%,20%,22/109,25,482,435,167,47,36
2025-09-01T08:20:17.162766,dos9,dos9,BME,https://www.vlr.gg/player/16215/dos9,16215,"['Brimstone', 'Viper', 'Omen']",4,"Brimstone, Viper, Omen, (+1)",235,1.06,204.6,1.06,75%,126.0,0.72,0.39,0.08,0.09,29%,14%,5/37,25,169,160,92,18,20
2025-09-01T08:20:17.163894,Dambi,Dambi,NS,https://www.vlr.gg/player/31827/dambi,31827,"['Neon', 'Jett', 'Raze']",4,"Neon, Jett, Raze, (+1)",400,1.06,228.9,1.09,72%,141.2,0.79,0.22,0.19,0.16,24%,25%,4/16,23,314,289,89,74,65
2025-09-01T08:20:17.164985,Flashback,Flashback,DRX,https://www.vlr.gg/player/35013/flashback,35013,"['Cypher', 'Killjoy', 'Viper']",4,"Cypher, Killjoy, Viper, (+1)",333,1.06,203.6,1.16,71%,134.8,0.74,0.18,0.09,0.08,33%,13%,6/47,24,247,213,61,31,27
2025-09-01T08:20:17.166128,Monyet,Monyet,RRQ,https://www.vlr.gg/player/8497/monyet,8497,"['Omen', 'Neon', 'Viper']",6,"Omen, Neon, Viper, (+3)",696,1.06,220.5,1.08,73%,141.3,0.75,0.35,0.13,0.14,28%,22%,11/51,24,522,485,244,89,98
2025-09-01T08:20:17.167134,MaKo,MaKo,DRX,https://www.vlr.gg/player/4462/mako,4462,"['Omen', 'Viper', 'Brimstone']",3,"Omen, Viper, Brimstone",333,1.05,197.9,1.03,72%,128.4,0.67,0.36,0.09,0.12,27%,11%,4/37,22,222,216,119,31,39
2025-09-01T08:20:17.167641,SugarZ3ro,SugarZ3ro,ZETA,https://www.vlr.gg/player/6668/sugarz3ro,6668,"['Omen', 'Viper', 'Brimstone']",3,"Omen, Viper, Brimstone",238,1.05,204.4,0.99,70%,132.2,0.73,0.35,0.07,0.06,31%,17%,5/30,23,173,174,83,16,15
2025-09-01T08:20:17.168943,Ash,Ash,GEN,https://www.vlr.gg/player/25017/ash,25017,"['Sova', 'Fade']",2,"Sova, Fade",305,1.05,185.3,1.10,75%,121.1,0.67,0.23,0.05,0.04,29%,17%,7/42,18,204,186,71,14,13
2025-09-01T08:20:17.172250,Persia,Persia,NS,https://www.vlr.gg/player/4122/persia,4122,"['Omen', 'Viper', 'Astra']",3,"Omen, Viper, Astra",400,1.04,184.2,1.04,74%,116.4,0.67,0.39,0.08,0.08,29%,15%,9/60,27,266,257,157,30,31
2025-09-01T08:20:17.172250,Meteor,Meteor,T1,https://www.vlr.gg/player/13039/meteor,13039,"['Cypher', 'Vyse', 'Astra']",4,"Cypher, Vyse, Astra, (+1)",442,1.04,222.0,1.06,71%,141.6,0.76,0.29,0.10,0.09,29%,6%,3/51,24,338,318,126,44,40
2025-09-01T08:20:17.172250,UdoTan,UdoTan,GE,https://www.vlr.gg/player/4428/udotan,4428,"['Raze', 'Neon', 'Chamber']",3,"Raze, Neon, Chamber",241,1.04,234.5,1.10,66%,152.5,0.82,0.14,0.16,0.16,22%,22%,5/23,29,198,180,34,38,38
2025-09-01T08:20:17.175349,gyen,gyen,DFM,https://www.vlr.gg/player/48577/gyen,48577,"['Omen', 'Viper']",2,"Omen, Viper",274,1.02,190.1,1.03,69%,123.6,0.68,0.25,0.09,0.11,34%,14%,5/35,19,185,179,69,25,29
2025-09-01T08:20:17.177359,invy,invy,TS,https://www.vlr.gg/player/8504/invy,8504,"['Sova', 'Fade', 'Gekko']",6,"Sova, Fade, Gekko, (+3)",256,1.02,203.9,0.94,68%,136.5,0.72,0.22,0.08,0.06,30%,8%,3/38,28,184,195,56,21,15
2025-09-01T08:20:17.177866,Kr1stal,Kr1stal,GE,https://www.vlr.gg/player/5796/kr1stal,5796,"['Fade', 'Deadlock', 'Tejo']",4,"Fade, Deadlock, Tejo, (+1)",241,1.01,198.3,0.94,69%,130.4,0.68,0.23,0.09,0.09,28%,30%,6/20,21,164,174,56,22,21
2025-09-01T08:20:17.179880,Killua,Killua,TLN,https://www.vlr.gg/player/13784/killua,13784,"['Gekko', 'Sova', 'Fade']",3,"Gekko, Sova, Fade",498,1.01,199.9,1.05,74%,133.7,0.73,0.21,0.08,0.08,41%,18%,9/49,27,366,349,103,41,40
2025-09-01T08:20:17.180884,Francis,Francis,NS,https://www.vlr.gg/player/31828/francis,31828,"['Viper', 'Harbor', 'Fade']",6,"Viper, Harbor, Fade, (+3)",400,1.01,199.3,0.99,72%,129.4,0.69,0.36,0.08,0.10,26%,13%,5/38,27,275,278,144,30,38
2025-09-01T08:20:17.181876,thyy,thyy,TLN,https://www.vlr.gg/player/42901/thyy,42901,"['Raze', 'Jett', 'Yoru']",5,"Raze, Jett, Yoru, (+2)",498,1.01,222.4,1.07,71%,140.4,0.79,0.20,0.15,0.12,30%,18%,7/39,25,391,364,101,77,58
2025-09-01T08:20:17.182684,t3xture,t3xture,GEN,https://www.vlr.gg/player/9196/t3xture,9196,"['Neon', 'Jett', 'Raze']",3,"Neon, Jett, Raze",305,1.00,215.4,1.05,67%,138.0,0.75,0.17,0.17,0.14,26%,16%,4/25,24,228,217,51,53,44
2025-09-01T08:20:17.183696,Foxy9,Foxy9,GEN,https://www.vlr.gg/player/11600/foxy9,11600,"['Killjoy', 'Sage', 'Deadlock']",3,"Killjoy, Sage, Deadlock",305,0.99,187.1,1.05,71%,124.9,0.67,0.18,0.09,0.07,33%,10%,2/21,19,204,194,54,28,22
2025-09-01T08:20:17.185693,Xdll,Xdll,ZETA,https://www.vlr.gg/player/25221/xdll,25221,"['Sova', 'Fade', 'Sage']",4,"Sova, Fade, Sage, (+1)",238,0.99,186.2,0.95,66%,122.1,0.69,0.23,0.08,0.09,34%,14%,4/28,26,164,173,54,18,21
2025-09-01T08:20:17.186859,n1zzy,n1zzy,TS,https://www.vlr.gg/player/14225/n1zzy,14225,"['Cypher', 'Yoru', 'Viper']",7,"Cypher, Yoru, Viper, (+4)",256,0.98,189.6,0.91,67%,130.2,0.68,0.18,0.11,0.11,39%,20%,9/45,22,173,190,45,29,29
2025-09-01T08:20:17.187951,Rb,Rb,NS,https://www.vlr.gg/player/488/rb,488,"['Sova', 'Kayo', 'Fade']",5,"Sova, Kayo, Fade, (+2)",400,0.98,187.0,0.97,68%,125.5,0.67,0.25,0.10,0.10,28%,14%,8/56,27,266,274,101,39,38
2025-09-01T08:20:17.188843,JitBoyS,JitBoyS,TLN,https://www.vlr.gg/player/13788/jitboys,13788,"['Astra', 'Killjoy', 'Cypher']",6,"Astra, Killjoy, Cypher, (+3)",498,0.97,184.7,1.00,72%,118.7,0.65,0.25,0.07,0.10,35%,10%,6/63,23,325,326,125,37,52
2025-09-01T08:20:17.190282,BuZz,BuZz,T1,https://www.vlr.gg/player/804/buzz,804,"['Yoru', 'Chamber', 'Raze']",3,"Yoru, Chamber, Raze",442,0.97,201.6,1.02,67%,129.4,0.72,0.16,0.14,0.14,22%,7%,4/54,33,320,313,72,60,61
2025-09-01T08:20:17.191481,free1ng,free1ng,DRX,https://www.vlr.gg/player/1916/free1ng,1916,"['Sova', 'Skye', 'Fade']",4,"Sova, Skye, Fade, (+1)",333,0.96,185.4,0.96,71%,120.6,0.64,0.28,0.08,0.10,35%,21%,8/39,20,213,223,94,28,33
2025-09-01T08:20:17.192542,Jinboong,Jinboong,DFM,https://www.vlr.gg/player/4052/jinboong,4052,"['Cypher', 'Vyse', 'Killjoy']",5,"Cypher, Vyse, Killjoy, (+2)",274,0.96,186.9,0.95,69%,122.3,0.64,0.19,0.08,0.07,33%,18%,5/28,23,176,186,52,23,18
2025-09-01T08:20:17.194174,ban,ban,GE,https://www.vlr.gg/player/5129/ban,5129,"['Iso', 'Cypher', 'Viper']",5,"Iso, Cypher, Viper, (+2)",241,0.95,205.8,0.98,66%,135.0,0.72,0.20,0.13,0.13,30%,9%,3/32,21,174,178,47,31,31
2025-09-01T08:20:17.195224,Ivy,Ivy,NS,https://www.vlr.gg/player/31829/ivy,31829,"['Deadlock', 'Killjoy', 'Fade']",3,"Deadlock, Killjoy, Fade",400,0.95,178.9,0.96,70%,114.7,0.64,0.21,0.07,0.07,28%,4%,2/46,23,256,267,85,26,28
2025-09-01T08:20:17.197323,Munchkin,Munchkin,GEN,https://www.vlr.gg/player/2489/munchkin,2489,"['Viper', 'Kayo']",2,"Viper, Kayo",305,0.94,200.9,0.97,70%,129.4,0.67,0.32,0.14,0.13,23%,6%,2/32,24,203,209,99,42,41
2025-09-01T08:20:17.198437,crazyguy,crazyguy,RRQ,https://www.vlr.gg/player/1430/crazyguy,1430,"['Fade', 'Omen', 'Sova']",8,"Fade, Omen, Sova, (+5)",696,0.94,176.9,0.89,73%,115.9,0.61,0.39,0.06,0.07,28%,11%,10/93,24,423,473,270,45,50
2025-09-01T08:20:17.199572,PatMen,PatMen,PRX,https://www.vlr.gg/player/13744/patmen,13744,"['Fade', 'Viper', 'Sova']",3,"Fade, Viper, Sova",402,0.93,172.0,0.95,72%,116.4,0.63,0.29,0.05,0.06,31%,10%,4/40,25,253,267,118,21,25
2025-09-01T08:20:17.200663,iZu,iZu,T1,https://www.vlr.gg/player/29833/izu,29833,"['Neon', 'Yoru', 'Gekko']",3,"Neon, Yoru, Gekko",442,0.92,212.4,0.98,65%,136.6,0.72,0.24,0.13,0.14,25%,13%,4/32,29,319,326,104,56,63
2025-09-01T08:20:17.201739,Akame,Akame,DFM,https://www.vlr.gg/player/13002/akame,13002,"['Iso', 'Raze', 'Harbor']",6,"Iso, Raze, Harbor, (+3)",274,0.92,203.5,0.93,72%,133.2,0.69,0.25,0.11,0.12,29%,20%,4/20,23,188,203,68,31,34
2025-09-01T08:20:17.202798,BerserX,BerserX,BME,https://www.vlr.gg/player/4874/berserx,4874,"['Viper', 'Killjoy', 'Cypher']",5,"Viper, Killjoy, Cypher, (+2)",235,0.92,186.5,0.94,68%,118.3,0.66,0.14,0.12,0.10,23%,7%,3/44,24,155,165,34,28,23
2025-09-01T08:20:17.204395,Shiro,Shiro,BME,https://www.vlr.gg/player/10739/shiro,10739,"['Kayo', 'Sova', 'Viper']",3,"Kayo, Sova, Viper",235,0.91,187.5,0.86,71%,127.3,0.64,0.31,0.11,0.11,25%,14%,3/22,21,151,176,72,27,26
2025-09-01T08:20:17.205547,Crws,Crws,TLN,https://www.vlr.gg/player/3977/crws,3977,"['Fade', 'Viper', 'Omen']",5,"Fade, Viper, Omen, (+2)",498,0.90,164.6,0.86,73%,109.9,0.55,0.33,0.08,0.09,24%,17%,10/58,28,276,320,162,42,43
2025-09-01T08:20:17.207134,kellyS,kellyS,TS,https://www.vlr.gg/player/7437/kellys,7437,"['Breach', 'Deadlock', 'Raze']",7,"Breach, Deadlock, Raze, (+4)",256,0.90,187.2,0.83,68%,125.6,0.64,0.22,0.08,0.13,19%,4%,1/28,25,163,197,56,21,33
2025-09-01T08:20:17.208214,Kushy,Kushy,RRQ,https://www.vlr.gg/player/4866/kushy,4866,"['Vyse', 'Sova', 'Deadlock']",5,"Vyse, Sova, Deadlock, (+2)",696,0.89,168.8,0.85,71%,111.9,0.57,0.25,0.06,0.08,32%,16%,11/67,23,396,467,177,44,58
2025-09-01T08:20:17.209315,Papi,Papi,GE,https://www.vlr.gg/player/13219/papi,13219,"['Astra', 'Omen', 'Brimstone']",4,"Astra, Omen, Brimstone, (+1)",241,0.88,170.8,0.86,71%,113.6,0.58,0.29,0.06,0.06,27%,6%,2/33,17,140,163,71,14,14
2025-09-01T08:20:17.211105,stax,stax,T1,https://www.vlr.gg/player/485/stax,485,"['Sova', 'Fade', 'Kayo']",3,"Sova, Fade, Kayo",442,0.88,158.6,0.84,68%,107.9,0.56,0.24,0.03,0.06,29%,16%,10/64,21,246,292,108,15,27
2025-09-01T08:20:17.212243,CLZ,CLZ,ZETA,https://www.vlr.gg/player/2615/clz,2615,"['Killjoy', 'Vyse', 'Sova']",7,"Killjoy, Vyse, Sova, (+4)",238,0.85,161.3,0.81,68%,108.3,0.58,0.23,0.06,0.06,35%,24%,9/37,22,138,171,54,15,14
2025-09-01T08:20:17.213415,TenTen,TenTen,ZETA,https://www.vlr.gg/player/29839/tenten,29839,"['Neon', 'Raze', 'Omen']",5,"Neon, Raze, Omen, (+2)",238,0.84,194.9,0.85,64%,130.8,0.66,0.21,0.13,0.23,17%,10%,2/20,22,157,185,51,30,55
2025-09-01T08:20:17.214929,yoman,yoman,GE,https://www.vlr.gg/player/25081/yoman,25081,"['Sage', 'Sova', 'Skye']",6,"Sage, Sova, Skye, (+3)",241,0.83,157.9,0.80,71%,104.0,0.57,0.30,0.07,0.06,27%,18%,7/38,22,137,171,72,18,14
2025-09-01T08:20:17.216061,Famouz,Famouz,BME,https://www.vlr.gg/player/2348/famouz,2348,"['Raze', 'Neon', 'Yoru']",4,"Raze, Neon, Yoru, (+1)",235,0.82,197.4,0.84,64%,126.7,0.66,0.15,0.12,0.12,18%,5%,1/22,18,156,185,35,29,29
2025-09-01T08:20:17.217121,Estrella,Estrella,DRX,https://www.vlr.gg/player/25025/estrella,25025,"['Viper', 'Sage', 'Gekko']",5,"Viper, Sage, Gekko, (+2)",333,0.81,152.2,0.74,71%,99.4,0.49,0.39,0.05,0.10,27%,19%,5/26,18,164,223,131,15,33
2025-09-01T08:20:17.218178,NcSlasher,NcSlasher,BME,https://www.vlr.gg/player/7043/ncslasher,7043,"['Fade', 'Omen', 'Deadlock']",5,"Fade, Omen, Deadlock, (+2)",235,0.78,159.9,0.75,65%,106.1,0.56,0.30,0.06,0.09,24%,4%,1/24,19,132,175,71,15,20
2025-09-01T08:20:17.219246,ZesBeeW,ZesBeeW,TS,https://www.vlr.gg/player/2380/zesbeew,2380,"['Neon', 'Omen', 'Viper']",3,"Neon, Omen, Viper",195,0.76,151.4,0.72,64%,101.2,0.55,0.31,0.08,0.17,24%,20%,5/25,28,107,148,61,16,34
2025-09-01T08:20:17.221340,Wild0reoo,Wild0reoo,TS,https://www.vlr.gg/player/9740/wild0reoo,9740,"['Omen', 'Cypher', 'Skye']",5,"Omen, Cypher, Skye, (+2)",256,0.76,162.9,0.70,63%,107.5,0.55,0.27,0.06,0.15,34%,26%,6/23,23,140,199,70,15,39
2025-09-01T08:20:17.222186,JessieVash,JessieVash,TS,https://www.vlr.gg/player/2334/jessievash,2334,['Sova'],1,Sova,61,0.75,141.7,0.70,59%,103.7,0.49,0.16,0.03,0.03,32%,0%,0/11,16,30,43,10,2,2
2025-09-01T08:20:17.224423,SSeeS,SSeeS,DFM,https://www.vlr.gg/player/21438/ssees,21438,"['Sova', 'Fade', 'Omen']",3,"Sova, Fade, Omen",274,0.66,122.5,0.64,63%,81.5,0.43,0.20,0.05,0.10,25%,15%,6/41,12,117,182,54,13,28
