scraped_at,date,match_url,match_id,time,team1,score1,team2,score2,score,winner,status,week,stage
2025-08-27T20:34:51.386949,"Wed, March 26, 2025",https://www.vlr.gg/459826/team-vitality-vs-giantx-champions-tour-2025-emea-stage-1-w1,459826,9:30 PM,Team Vitality,2,GIANTX,0,2-0,Team Vitality,Completed,Week 1,Group Stage
2025-08-27T20:34:51.488854,"Wed, March 26, 2025",https://www.vlr.gg/459827/bbl-esports-vs-karmine-corp-champions-tour-2025-emea-stage-1-w1,459827,11:45 PM,BBL Esports,2,Karmine Corp,1,2-1,BBL Esports,Completed,Week 1,Group Stage
2025-08-27T20:34:51.590332,"Thu, March 27, 2025",https://www.vlr.gg/459828/team-heretics-vs-apeks-champions-tour-2025-emea-stage-1-w1,459828,9:30 PM,Team Heretics,2,Apeks,1,2-1,Team Heretics,Completed,Week 1,Group Stage
2025-08-27T20:34:51.691567,"Fri, March 28, 2025",https://www.vlr.gg/459829/fut-esports-vs-koi-champions-tour-2025-emea-stage-1-w1,459829,12:45 AM,FUT Esports,2,KOI,0,2-0,FUT Esports,Completed,Week 1,Group Stage
2025-08-27T20:34:51.792558,"Fri, March 28, 2025",https://www.vlr.gg/459830/fnatic-vs-natus-vincere-champions-tour-2025-emea-stage-1-w1,459830,9:30 PM,FNATIC,2,Natus Vincere,0,2-0,FNATIC,Completed,Week 1,Group Stage
2025-08-27T20:34:51.898041,"Sat, March 29, 2025",https://www.vlr.gg/459831/team-liquid-vs-gentle-mates-champions-tour-2025-emea-stage-1-w1,459831,12:00 AM,Team Liquid,1,Gentle Mates,2,1-2,Gentle Mates,Completed,Week 1,Group Stage
2025-08-27T20:34:52.004542,"Wed, April 2, 2025",https://www.vlr.gg/459832/team-liquid-vs-bbl-esports-champions-tour-2025-emea-stage-1-w2,459832,8:30 PM,Team Liquid,2,BBL Esports,1,2-1,Team Liquid,Completed,Week 2,Group Stage
2025-08-27T20:34:52.106086,"Wed, April 2, 2025",https://www.vlr.gg/459833/apeks-vs-natus-vincere-champions-tour-2025-emea-stage-1-w2,459833,11:20 PM,Apeks,1,Natus Vincere,2,1-2,Natus Vincere,Completed,Week 2,Group Stage
2025-08-27T20:34:52.208441,"Thu, April 3, 2025",https://www.vlr.gg/459834/fut-esports-vs-gentle-mates-champions-tour-2025-emea-stage-1-w2,459834,8:30 PM,FUT Esports,2,Gentle Mates,1,2-1,FUT Esports,Completed,Week 2,Group Stage
2025-08-27T20:34:52.309633,"Thu, April 3, 2025",https://www.vlr.gg/459835/team-heretics-vs-giantx-champions-tour-2025-emea-stage-1-w2,459835,11:55 PM,Team Heretics,2,GIANTX,1,2-1,Team Heretics,Completed,Week 2,Group Stage
2025-08-27T20:34:52.410963,"Fri, April 4, 2025",https://www.vlr.gg/459836/team-vitality-vs-fnatic-champions-tour-2025-emea-stage-1-w2,459836,8:30 PM,Team Vitality,1,FNATIC,2,1-2,FNATIC,Completed,Week 2,Group Stage
2025-08-27T20:34:52.512989,"Sat, April 5, 2025",https://www.vlr.gg/459837/koi-vs-karmine-corp-champions-tour-2025-emea-stage-1-w2,459837,12:40 AM,KOI,0,Karmine Corp,2,0-2,Karmine Corp,Completed,Week 2,Group Stage
2025-08-27T20:34:52.614064,"Wed, April 9, 2025",https://www.vlr.gg/459839/koi-vs-bbl-esports-champions-tour-2025-emea-stage-1-w3,459839,8:30 PM,KOI,0,BBL Esports,2,0-2,BBL Esports,Completed,Week 3,Group Stage
2025-08-27T20:34:52.715076,"Wed, April 9, 2025",https://www.vlr.gg/459840/natus-vincere-vs-giantx-champions-tour-2025-emea-stage-1-w3,459840,10:45 PM,Natus Vincere,2,GIANTX,1,2-1,Natus Vincere,Completed,Week 3,Group Stage
2025-08-27T20:34:52.816274,"Thu, April 10, 2025",https://www.vlr.gg/459841/team-liquid-vs-fut-esports-champions-tour-2025-emea-stage-1-w3,459841,8:30 PM,Team Liquid,2,FUT Esports,0,2-0,Team Liquid,Completed,Week 3,Group Stage
2025-08-27T20:34:52.917202,"Thu, April 10, 2025",https://www.vlr.gg/459842/team-vitality-vs-team-heretics-champions-tour-2025-emea-stage-1-w3,459842,10:20 PM,Team Vitality,0,Team Heretics,2,0-2,Team Heretics,Completed,Week 3,Group Stage
2025-08-27T20:34:53.018221,"Fri, April 11, 2025",https://www.vlr.gg/459843/apeks-vs-fnatic-champions-tour-2025-emea-stage-1-w3,459843,8:30 PM,Apeks,0,FNATIC,2,0-2,FNATIC,Completed,Week 3,Group Stage
2025-08-27T20:34:53.119136,"Fri, April 11, 2025",https://www.vlr.gg/459844/karmine-corp-vs-gentle-mates-champions-tour-2025-emea-stage-1-w3,459844,11:30 PM,Karmine Corp,2,Gentle Mates,0,2-0,Karmine Corp,Completed,Week 3,Group Stage
2025-08-27T20:34:53.220883,"Wed, April 16, 2025",https://www.vlr.gg/459845/team-vitality-vs-apeks-champions-tour-2025-emea-stage-1-w4,459845,8:30 PM,Team Vitality,2,Apeks,0,2-0,Team Vitality,Completed,Week 4,Group Stage
2025-08-27T20:34:53.321772,"Wed, April 16, 2025",https://www.vlr.gg/459846/team-liquid-vs-koi-champions-tour-2025-emea-stage-1-w4,459846,10:50 PM,Team Liquid,2,KOI,0,2-0,Team Liquid,Completed,Week 4,Group Stage
2025-08-27T20:34:53.423645,"Thu, April 17, 2025",https://www.vlr.gg/459847/gentle-mates-vs-bbl-esports-champions-tour-2025-emea-stage-1-w4,459847,8:30 PM,Gentle Mates,0,BBL Esports,2,0-2,BBL Esports,Completed,Week 4,Group Stage
2025-08-27T20:34:53.525749,"Thu, April 17, 2025",https://www.vlr.gg/459848/giantx-vs-fnatic-champions-tour-2025-emea-stage-1-w4,459848,10:40 PM,GIANTX,1,FNATIC,2,1-2,FNATIC,Completed,Week 4,Group Stage
2025-08-27T20:34:53.626634,"Fri, April 18, 2025",https://www.vlr.gg/459849/karmine-corp-vs-fut-esports-champions-tour-2025-emea-stage-1-w4,459849,8:30 PM,Karmine Corp,1,FUT Esports,2,1-2,FUT Esports,Completed,Week 4,Group Stage
2025-08-27T20:34:53.728317,"Sat, April 19, 2025",https://www.vlr.gg/459850/natus-vincere-vs-team-heretics-champions-tour-2025-emea-stage-1-w4,459850,12:50 AM,Natus Vincere,0,Team Heretics,2,0-2,Team Heretics,Completed,Week 4,Group Stage
2025-08-27T20:34:53.830183,"Wed, April 23, 2025",https://www.vlr.gg/459852/bbl-esports-vs-fut-esports-champions-tour-2025-emea-stage-1-w5,459852,8:30 PM,BBL Esports,2,FUT Esports,0,2-0,BBL Esports,Completed,Week 5,Group Stage
2025-08-27T20:34:53.931405,"Thu, April 24, 2025",https://www.vlr.gg/459853/giantx-vs-apeks-champions-tour-2025-emea-stage-1-w5,459853,12:30 AM,GIANTX,2,Apeks,0,2-0,GIANTX,Completed,Week 5,Group Stage
2025-08-27T20:34:54.032650,"Thu, April 24, 2025",https://www.vlr.gg/459854/gentle-mates-vs-koi-champions-tour-2025-emea-stage-1-w5,459854,8:30 PM,Gentle Mates,1,KOI,2,1-2,KOI,Completed,Week 5,Group Stage
2025-08-27T20:34:54.134914,"Thu, April 24, 2025",https://www.vlr.gg/459855/team-vitality-vs-natus-vincere-champions-tour-2025-emea-stage-1-w5,459855,11:35 PM,Team Vitality,0,Natus Vincere,2,0-2,Natus Vincere,Completed,Week 5,Group Stage
2025-08-27T20:34:54.236689,"Fri, May 2, 2025",https://www.vlr.gg/459856/team-liquid-vs-karmine-corp-champions-tour-2025-emea-stage-1-w5,459856,8:30 PM,Team Liquid,2,Karmine Corp,1,2-1,Team Liquid,Completed,Week 5,Group Stage
2025-08-27T20:34:54.337813,"Fri, May 2, 2025",https://www.vlr.gg/459857/fnatic-vs-team-heretics-champions-tour-2025-emea-stage-1-w5,459857,11:00 PM,FNATIC,0,Team Heretics,2,0-2,Team Heretics,Completed,Week 5,Group Stage
2025-08-27T20:34:54.439256,"Thu, May 8, 2025",https://www.vlr.gg/482503/bbl-esports-vs-natus-vincere-champions-tour-2025-emea-stage-1-playoffs-ubr1,482503,8:30 PM,BBL Esports,2,Natus Vincere,0,2-0,BBL Esports,Completed,Upper Round 1,Playoffs
2025-08-27T20:34:54.540539,"Thu, May 8, 2025",https://www.vlr.gg/482504/fnatic-vs-fut-esports-champions-tour-2025-emea-stage-1-playoffs-ubr1,482504,11:30 PM,FNATIC,2,FUT Esports,0,2-0,FNATIC,Completed,Upper Round 1,Playoffs
2025-08-27T20:34:54.641602,"Fri, May 9, 2025",https://www.vlr.gg/482505/natus-vincere-vs-karmine-corp-champions-tour-2025-emea-stage-1-playoffs-lr1,482505,8:30 PM,Natus Vincere,2,Karmine Corp,1,2-1,Natus Vincere,Completed,Lower Round 1,Playoffs
2025-08-27T20:34:54.743113,"Sat, May 10, 2025",https://www.vlr.gg/482506/fut-esports-vs-team-vitality-champions-tour-2025-emea-stage-1-playoffs-lr1,482506,12:35 AM,FUT Esports,2,Team Vitality,0,2-0,FUT Esports,Completed,Lower Round 1,Playoffs
2025-08-27T20:34:54.844833,"Sat, May 10, 2025",https://www.vlr.gg/482507/team-heretics-vs-bbl-esports-champions-tour-2025-emea-stage-1-playoffs-ubsf,482507,8:30 PM,Team Heretics,2,BBL Esports,0,2-0,Team Heretics,Completed,Upper Semifinals,Playoffs
2025-08-27T20:34:54.946151,"Sat, May 10, 2025",https://www.vlr.gg/482508/team-liquid-vs-fnatic-champions-tour-2025-emea-stage-1-playoffs-ubsf,482508,10:55 PM,Team Liquid,1,FNATIC,2,1-2,FNATIC,Completed,Upper Semifinals,Playoffs
2025-08-27T20:34:55.047300,"Sun, May 11, 2025",https://www.vlr.gg/482510/bbl-esports-vs-fut-esports-champions-tour-2025-emea-stage-1-playoffs-lr2,482510,8:30 PM,BBL Esports,2,FUT Esports,1,2-1,BBL Esports,Completed,Lower Round 2,Playoffs
2025-08-27T20:34:55.148629,"Mon, May 12, 2025",https://www.vlr.gg/482509/team-liquid-vs-natus-vincere-champions-tour-2025-emea-stage-1-playoffs-lr2,482509,12:15 AM,Team Liquid,2,Natus Vincere,1,2-1,Team Liquid,Completed,Lower Round 2,Playoffs
2025-08-27T20:34:55.250304,"Fri, May 16, 2025",https://www.vlr.gg/482515/team-heretics-vs-fnatic-champions-tour-2025-emea-stage-1-playoffs-ubf,482515,8:30 PM,Team Heretics,0,FNATIC,2,0-2,FNATIC,Completed,Upper Final,Playoffs
2025-08-27T20:34:55.351366,"Fri, May 16, 2025",https://www.vlr.gg/482511/team-liquid-vs-bbl-esports-champions-tour-2025-emea-stage-1-playoffs-lr3,482511,10:50 PM,Team Liquid,2,BBL Esports,1,2-1,Team Liquid,Completed,Lower Round 3,Playoffs
2025-08-27T20:34:55.452158,"Sat, May 17, 2025",https://www.vlr.gg/482512/team-heretics-vs-team-liquid-champions-tour-2025-emea-stage-1-playoffs-lbf,482512,9:30 PM,Team Heretics,3,Team Liquid,0,3-0,Team Heretics,Completed,Lower Final,Playoffs
2025-08-27T20:34:55.553784,"Sun, May 18, 2025",https://www.vlr.gg/482513/fnatic-vs-team-heretics-champions-tour-2025-emea-stage-1-playoffs-gf,482513,9:30 PM,FNATIC,3,Team Heretics,0,3-0,FNATIC,Completed,Grand Final,Playoffs
