scraped_at,player,player_name,team,player_url,player_id,agents_played,agents_count,agents_display,rounds,rating,acs,kd_ratio,kast,adr,kpr,apr,fkpr,fdpr,hs_percent,cl_percent,clutches,k_max,kills,deaths,assists,first_kills,first_deaths
2025-08-27T20:34:57.208951,kaajak,kaajak,FNC,https://www.vlr.gg/player/9554/kaajak,9554,"['Yoru', 'Neon', 'Raze']",4,"Yoru, Neon, Raze, (+1)",489,1.24,249.9,1.38,76%,160.6,0.89,0.19,0.19,0.12,30%,10%,3/31,28,435,316,95,91,59
2025-08-27T20:34:57.211953,marteen,marteen,KC,https://www.vlr.gg/player/10307/marteen,10307,"['Omen', 'Yoru', 'Jett']",3,"Omen, Yoru, Jett",326,1.22,245.3,1.31,74%,159.2,0.87,0.22,0.16,0.13,33%,28%,8/29,27,283,216,73,52,42
2025-08-27T20:34:57.213950,SUYGETSU,SUYGETSU,KC,https://www.vlr.gg/player/2858/suygetsu,2858,"['Viper', 'Astra', 'Omen']",3,"Viper, Astra, Omen",326,1.11,195.3,1.20,77%,129.7,0.73,0.32,0.08,0.09,41%,8%,4/48,26,237,198,105,25,29
2025-08-27T20:34:57.214937,sociablEE,sociablEE,BBL,https://www.vlr.gg/player/5568/sociablee,5568,"['Sova', 'Chamber', 'Tejo']",6,"Sova, Chamber, Tejo, (+3)",489,1.11,212.6,1.22,72%,142.4,0.79,0.20,0.09,0.07,26%,16%,10/64,40,385,316,97,41,33
2025-08-27T20:34:57.216957,MiniBoo,MiniBoo,TH,https://www.vlr.gg/player/18350/miniboo,18350,"['Waylay', 'Raze', 'Neon']",4,"Waylay, Raze, Neon, (+1)",447,1.10,241.0,1.20,72%,151.3,0.85,0.22,0.20,0.15,34%,32%,7/22,23,379,317,99,89,68
2025-08-27T20:34:57.218950,Keiko,Keiko,TL,https://www.vlr.gg/player/11494/keiko,11494,"['Raze', 'Omen', 'Brimstone']",5,"Raze, Omen, Brimstone, (+2)",489,1.09,213.8,1.10,72%,141.6,0.77,0.24,0.11,0.07,39%,15%,7/48,25,377,343,116,54,35
2025-08-27T20:34:57.219935,RieNs,RieNs,TH,https://www.vlr.gg/player/10971/riens,10971,"['Sova', 'Fade', 'Breach']",4,"Sova, Fade, Breach, (+1)",447,1.09,207.1,1.13,78%,139.5,0.74,0.36,0.08,0.07,39%,16%,8/50,29,329,292,161,35,31
2025-08-27T20:34:57.221965,PROFEK,PROFEK,BBL,https://www.vlr.gg/player/5554/profek,5554,"['Clove', 'Astra', 'Omen']",5,"Clove, Astra, Omen, (+2)",489,1.09,209.8,1.08,75%,136.7,0.74,0.43,0.08,0.06,27%,4%,2/47,37,361,334,208,37,30
2025-08-27T20:34:57.223941,crashies,crashies,FNC,https://www.vlr.gg/player/4/crashies,4,"['Fade', 'Tejo', 'Sova']",3,"Fade, Tejo, Sova",489,1.09,190.6,1.14,76%,128.8,0.68,0.32,0.05,0.06,33%,24%,13/54,26,334,294,158,26,29
2025-08-27T20:34:57.227941,nAts,nAts,TL,https://www.vlr.gg/player/457/nats,457,"['Viper', 'Cypher', 'Vyse']",3,"Viper, Cypher, Vyse",489,1.08,216.0,1.15,70%,141.8,0.77,0.22,0.14,0.09,26%,12%,7/58,23,376,328,106,68,44
2025-08-27T20:34:57.229956,Wo0t,Wo0t,TH,https://www.vlr.gg/player/21328/wo0t,21328,"['Kayo', 'Iso', 'Tejo']",6,"Kayo, Iso, Tejo, (+3)",447,1.08,222.0,1.16,73%,141.8,0.80,0.20,0.13,0.10,33%,22%,7/32,26,356,308,90,58,44
2025-08-27T20:34:57.230956,CyvOph,CyvOph,VIT,https://www.vlr.gg/player/13258/cyvoph,13258,"['Omen', 'Iso', 'Killjoy']",4,"Omen, Iso, Killjoy, (+1)",277,1.07,209.5,1.06,71%,127.7,0.73,0.33,0.08,0.08,32%,6%,2/36,23,203,191,91,21,23
2025-08-27T20:34:57.232941,Shao,Shao,NAVI,https://www.vlr.gg/player/384/shao,384,"['Astra', 'Breach', 'Sova']",5,"Astra, Breach, Sova, (+2)",423,1.07,194.7,1.07,75%,133.7,0.69,0.26,0.06,0.05,33%,18%,12/68,26,291,271,108,25,23
2025-08-27T20:34:57.233955,florescent,florescent,APK,https://www.vlr.gg/player/17976/florescent,17976,"['Yoru', 'Waylay', 'Neon']",4,"Yoru, Waylay, Neon, (+1)",255,1.07,235.8,1.11,67%,151.7,0.85,0.20,0.16,0.16,35%,8%,2/24,27,216,195,51,41,40
2025-08-27T20:34:57.234956,kamyk,kamyk,M8,https://www.vlr.gg/player/1475/kamyk,1475,"['Breach', 'Kayo', 'Fade']",4,"Breach, Kayo, Fade, (+1)",285,1.07,205.2,1.04,72%,141.0,0.76,0.32,0.05,0.07,34%,11%,4/36,34,218,210,92,14,21
2025-08-27T20:34:57.237138,Ruxic,Ruxic,NAVI,https://www.vlr.gg/player/18677/ruxic,18677,"['Omen', 'Brimstone', 'Astra']",4,"Omen, Brimstone, Astra, (+1)",423,1.06,210.4,1.05,76%,136.6,0.73,0.34,0.10,0.10,32%,12%,6/51,29,308,292,145,44,44
2025-08-27T20:34:57.239138,Chronicle,Chronicle,FNC,https://www.vlr.gg/player/458/chronicle,458,"['Viper', 'Breach', 'Cypher']",5,"Viper, Breach, Cypher, (+2)",489,1.06,203.8,1.10,76%,131.1,0.70,0.31,0.10,0.09,23%,5%,3/55,25,341,309,153,49,43
2025-08-27T20:34:57.240138,MrFaliN,MrFaliN,FUT,https://www.vlr.gg/player/8044/mrfalin,8044,"['Tejo', 'Breach', 'Sova']",4,"Tejo, Breach, Sova, (+1)",433,1.05,186.1,0.94,70%,126.0,0.63,0.39,0.09,0.09,23%,11%,6/57,38,273,290,171,35,36
2025-08-27T20:34:57.243143,benjyfishy,benjyfishy,TH,https://www.vlr.gg/player/29873/benjyfishy,29873,"['Cypher', 'Viper', 'Vyse']",4,"Cypher, Viper, Vyse, (+1)",447,1.05,197.5,1.15,74%,133.9,0.74,0.17,0.07,0.06,38%,16%,10/64,26,329,287,77,31,27
2025-08-27T20:34:57.245509,Minny,Minny,M8,https://www.vlr.gg/player/23169/minny,23169,"['Viper', 'Cypher', 'Killjoy']",4,"Viper, Cypher, Killjoy, (+1)",285,1.05,190.7,1.02,68%,131.3,0.69,0.17,0.09,0.08,35%,10%,5/48,25,198,194,48,26,22
2025-08-27T20:34:57.247553,ara,ara,GX,https://www.vlr.gg/player/11332/ara,11332,"['Jett', 'Neon']",2,"Jett, Neon",106,1.04,229.8,1.09,77%,146.7,0.80,0.15,0.20,0.16,24%,0%,0/11,22,85,78,16,21,17
2025-08-27T20:34:57.248552,Avez,Avez,KC,https://www.vlr.gg/player/5654/avez,5654,"['Tejo', 'Fade', 'Phoenix']",5,"Tejo, Fade, Phoenix, (+2)",326,1.03,204.4,1.07,71%,132.9,0.70,0.26,0.07,0.12,32%,12%,3/25,25,229,215,86,22,38
2025-08-27T20:34:57.249553,soulcas,soulcas,MKOI,https://www.vlr.gg/player/101/soulcas,101,"['Vyse', 'Tejo', 'Killjoy']",3,"Vyse, Tejo, Killjoy",230,1.03,190.6,1.00,73%,127.7,0.70,0.20,0.07,0.03,35%,16%,5/31,23,160,160,45,16,7
2025-08-27T20:34:57.250552,LewN,LewN,BBL,https://www.vlr.gg/player/20144/lewn,20144,"['Chamber', 'Yoru', 'Jett']",5,"Chamber, Yoru, Jett, (+2)",489,1.03,221.0,1.10,70%,148.4,0.79,0.18,0.20,0.18,32%,19%,6/31,42,384,349,87,92,85
2025-08-27T20:34:57.251552,MAGNUM,MAGNUM,BBL,https://www.vlr.gg/player/2173/magnum,2173,"['Viper', 'Vyse', 'Cypher']",7,"Viper, Vyse, Cypher, (+4)",489,1.03,197.1,1.05,74%,127.4,0.71,0.31,0.10,0.09,23%,15%,7/48,38,346,328,152,45,40
2025-08-27T20:34:57.252551,yetujey,yetujey,FUT,https://www.vlr.gg/player/8369/yetujey,8369,"['Cypher', 'Tejo', 'Viper']",5,"Cypher, Tejo, Viper, (+2)",433,1.03,189.5,1.07,69%,130.6,0.71,0.24,0.09,0.09,23%,8%,5/63,38,308,288,105,37,36
2025-08-27T20:34:57.253553,Cloud,Cloud,GX,https://www.vlr.gg/player/4181/cloud,4181,"['Tejo', 'Fade', 'Yoru']",4,"Tejo, Fade, Yoru, (+1)",259,1.02,206.8,1.02,72%,137.2,0.76,0.24,0.11,0.10,28%,3%,1/35,23,198,194,61,29,26
2025-08-27T20:34:57.254552,hiro,hiro,NAVI,https://www.vlr.gg/player/29867/hiro,29867,"['Vyse', 'Cypher', 'Raze']",4,"Vyse, Cypher, Raze, (+1)",423,1.01,202.9,1.08,68%,135.7,0.74,0.18,0.06,0.10,31%,14%,6/42,26,315,292,75,27,44
2025-08-27T20:34:57.255551,xeus,xeus,FUT,https://www.vlr.gg/player/12793/xeus,12793,"['Yoru', 'Jett', 'Neon']",5,"Yoru, Jett, Neon, (+2)",433,1.00,233.0,1.08,67%,144.6,0.83,0.15,0.20,0.18,39%,4%,1/23,33,359,333,66,82,75
2025-08-27T20:34:57.257538,Alfajer,Alfajer,FNC,https://www.vlr.gg/player/9810/alfajer,9810,"['Raze', 'Cypher', 'Killjoy']",5,"Raze, Cypher, Killjoy, (+2)",489,0.99,213.4,1.08,70%,142.7,0.77,0.16,0.12,0.10,30%,19%,8/43,26,378,350,79,61,51
2025-08-27T20:34:57.258537,MOLSI,MOLSI,APK,https://www.vlr.gg/player/1281/molsi,1281,"['Deadlock', 'Breach', 'Viper']",3,"Deadlock, Breach, Viper",255,0.99,194.4,0.97,72%,125.6,0.69,0.35,0.06,0.08,29%,8%,3/36,25,177,183,89,16,20
2025-08-27T20:34:57.260558,koalanoob,koalanoob,NAVI,https://www.vlr.gg/player/3722/koalanoob,3722,"['Raze', 'Chamber', 'Yoru']",4,"Raze, Chamber, Yoru, (+1)",423,0.99,210.3,1.00,70%,133.8,0.72,0.20,0.19,0.14,21%,9%,3/35,24,306,307,86,81,59
2025-08-27T20:34:57.261538,AtaKaptan,AtaKaptan,FUT,https://www.vlr.gg/player/6510/atakaptan,6510,"['Astra', 'Omen', 'Viper']",4,"Astra, Omen, Viper, (+1)",433,0.99,184.9,0.89,72%,120.7,0.64,0.46,0.07,0.07,31%,20%,9/44,31,276,309,200,29,28
2025-08-27T20:34:57.262539,Jamppi,Jamppi,BBL,https://www.vlr.gg/player/9780/jamppi,9780,"['Tejo', 'Sova', 'Breach']",4,"Tejo, Sova, Breach, (+1)",489,0.98,180.8,0.96,73%,115.1,0.64,0.40,0.05,0.08,23%,13%,7/54,20,313,325,195,25,37
2025-08-27T20:34:57.263539,westside,westside,GX,https://www.vlr.gg/player/34684/westside,34684,"['Cypher', 'Viper', 'Vyse']",3,"Cypher, Viper, Vyse",259,0.97,192.2,0.99,66%,124.3,0.72,0.19,0.07,0.08,42%,7%,3/42,23,186,187,48,19,20
2025-08-27T20:34:57.264538,Kicks,Kicks,VIT,https://www.vlr.gg/player/11134/kicks,11134,"['Breach', 'Omen', 'Kayo']",4,"Breach, Omen, Kayo, (+1)",277,0.97,167.6,0.88,71%,110.0,0.60,0.43,0.04,0.09,23%,21%,6/29,26,165,188,118,10,24
2025-08-27T20:34:57.265536,Boo,Boo,TH,https://www.vlr.gg/player/1144/boo,1144,"['Omen', 'Viper', 'Astra']",4,"Omen, Viper, Astra, (+1)",447,0.96,163.9,0.92,76%,103.6,0.57,0.40,0.08,0.06,33%,13%,8/62,23,255,277,177,37,26
2025-08-27T20:34:57.267539,Less,Less,VIT,https://www.vlr.gg/player/8447/less,8447,"['Cypher', 'Viper']",2,"Cypher, Viper",277,0.95,189.2,1.01,68%,123.8,0.68,0.18,0.06,0.08,32%,11%,4/37,26,188,187,50,16,23
2025-08-27T20:34:57.268538,paTiTek,paTiTek,TL,https://www.vlr.gg/player/309/patitek,309,"['Fade', 'Breach', 'Tejo']",5,"Fade, Breach, Tejo, (+2)",489,0.95,176.3,0.93,73%,116.7,0.62,0.27,0.07,0.05,25%,9%,5/53,23,303,327,134,35,24
2025-08-27T20:34:57.273549,Elite,Elite,KC,https://www.vlr.gg/player/16459/elite,16459,"['Killjoy', 'Vyse', 'Cypher']",5,"Killjoy, Vyse, Cypher, (+2)",326,0.95,172.2,0.91,71%,114.8,0.60,0.23,0.06,0.06,33%,14%,6/43,20,194,213,75,21,18
2025-08-27T20:34:57.275549,kamo,kamo,TL,https://www.vlr.gg/player/14681/kamo,14681,"['Yoru', 'Jett', 'Waylay']",5,"Yoru, Jett, Waylay, (+2)",489,0.94,209.3,1.01,69%,135.3,0.74,0.16,0.18,0.16,30%,19%,7/36,23,361,357,80,86,77
2025-08-27T20:34:57.276548,Derke,Derke,VIT,https://www.vlr.gg/player/5022/derke,5022,"['Yoru', 'Jett', 'Neon']",4,"Yoru, Jett, Neon, (+1)",277,0.93,208.5,0.92,64%,133.4,0.69,0.22,0.21,0.24,23%,21%,4/19,20,192,209,61,59,67
2025-08-27T20:34:57.277549,Boaster,Boaster,FNC,https://www.vlr.gg/player/438/boaster,438,"['Astra', 'Brimstone', 'Omen']",4,"Astra, Brimstone, Omen, (+1)",489,0.93,161.7,0.93,72%,106.6,0.56,0.35,0.07,0.09,24%,26%,11/43,29,276,298,173,35,45
2025-08-27T20:34:57.278561,Filu,Filu,MKOI,https://www.vlr.gg/player/4544/filu,4544,"['Yoru', 'Iso', 'Raze']",4,"Yoru, Iso, Raze, (+1)",230,0.93,206.9,0.94,64%,130.2,0.73,0.21,0.16,0.15,26%,15%,3/20,21,169,180,48,36,35
2025-08-27T20:34:57.279561,Flickless,Flickless,GX,https://www.vlr.gg/player/6959/flickless,6959,"['Kayo', 'Breach']",2,"Kayo, Breach",106,0.93,172.4,0.90,74%,116.5,0.61,0.38,0.05,0.12,33%,20%,1/5,19,65,72,40,5,13
2025-08-27T20:34:57.280546,Serial,Serial,TL,https://www.vlr.gg/player/18162/serial,18162,"['Astra', 'Tejo', 'Killjoy']",4,"Astra, Tejo, Killjoy, (+1)",489,0.92,167.0,0.89,70%,114.0,0.59,0.28,0.05,0.08,37%,14%,9/64,18,289,325,139,25,37
2025-08-27T20:34:57.282546,sheydos,sheydos,MKOI,https://www.vlr.gg/player/1428/sheydos,1428,"['Chamber', 'Tejo', 'Killjoy']",6,"Chamber, Tejo, Killjoy, (+3)",230,0.92,169.4,0.92,68%,116.1,0.61,0.15,0.04,0.07,30%,14%,5/37,21,141,153,34,10,17
2025-08-27T20:34:57.283545,runneR,runneR,GX,https://www.vlr.gg/player/21610/runner,21610,"['Breach', 'Vyse', 'Tejo']",4,"Breach, Vyse, Tejo, (+1)",195,0.92,173.7,0.79,68%,120.4,0.58,0.38,0.03,0.10,24%,28%,9/32,18,114,144,75,6,20
2025-08-27T20:34:57.284545,qRaxs,qRaxs,FUT,https://www.vlr.gg/player/1139/qraxs,1139,"['Fade', 'Kayo', 'Raze']",4,"Fade, Kayo, Raze, (+1)",433,0.91,171.8,0.88,72%,113.8,0.63,0.36,0.06,0.06,26%,24%,12/50,40,273,310,156,26,26
2025-08-27T20:34:57.286183,Kada,Kada,M8,https://www.vlr.gg/player/20871/kada,20871,"['Omen', 'Viper', 'Brimstone']",4,"Omen, Viper, Brimstone, (+1)",285,0.91,177.8,0.85,73%,119.0,0.63,0.36,0.09,0.08,31%,7%,3/41,26,179,210,103,27,24
2025-08-27T20:34:57.287052,saadhak,saadhak,KC,https://www.vlr.gg/player/727/saadhak,727,"['Kayo', 'Harbor', 'Breach']",5,"Kayo, Harbor, Breach, (+2)",326,0.89,183.1,0.82,75%,119.6,0.59,0.40,0.11,0.13,26%,20%,5/25,18,192,235,130,36,43
2025-08-27T20:34:57.288050,AvovA,AvovA,APK,https://www.vlr.gg/player/1507/avova,1507,"['Omen', 'Viper', 'Astra']",3,"Omen, Viper, Astra",255,0.88,167.0,0.76,70%,108.3,0.54,0.39,0.06,0.05,29%,18%,8/45,19,138,182,99,15,12
2025-08-27T20:34:57.289985,purp0,purp0,GX,https://www.vlr.gg/player/1885/purp0,1885,"['Yoru', 'Raze', 'Iso']",6,"Yoru, Raze, Iso, (+3)",217,0.88,173.1,0.78,68%,115.6,0.60,0.35,0.06,0.13,35%,15%,3/20,17,130,166,77,14,29
2025-08-27T20:34:57.291499,batujnax,batujnax,APK,https://www.vlr.gg/player/18615/batujnax,18615,"['Cypher', 'Viper', 'Killjoy']",4,"Cypher, Viper, Killjoy, (+1)",255,0.87,187.8,0.86,69%,122.1,0.65,0.24,0.11,0.11,27%,3%,1/33,27,167,194,60,27,29
2025-08-27T20:34:57.295007,Sayf,Sayf,VIT,https://www.vlr.gg/player/312/sayf,312,"['Tejo', 'Sova', 'Yoru']",3,"Tejo, Sova, Yoru",277,0.86,165.2,0.82,68%,114.8,0.57,0.24,0.05,0.06,23%,14%,4/29,24,159,194,67,15,18
2025-08-27T20:34:57.297034,grubinho,grubinho,MKOI,https://www.vlr.gg/player/5550/grubinho,5550,"['Astra', 'Omen', 'Viper']",4,"Astra, Omen, Viper, (+1)",230,0.86,153.6,0.75,69%,104.2,0.56,0.31,0.10,0.13,32%,8%,3/36,19,129,171,72,24,29
2025-08-27T20:34:57.298017,flyuh,flyuh,MKOI,https://www.vlr.gg/player/3685/flyuh,3685,"['Sova', 'Cypher', 'Vyse']",4,"Sova, Cypher, Vyse, (+1)",230,0.84,189.7,0.80,71%,128.3,0.63,0.27,0.10,0.13,27%,8%,1/13,21,144,181,61,22,31
2025-08-27T20:34:57.299045,Zyppan,Zyppan,M8,https://www.vlr.gg/player/11/zyppan,11,"['Tejo', 'Sova', 'Omen']",3,"Tejo, Sova, Omen",285,0.78,150.5,0.74,68%,108.9,0.53,0.22,0.06,0.11,27%,6%,2/31,22,150,204,62,18,32
2025-08-27T20:34:57.300030,ANGE1,ANGE1,NAVI,https://www.vlr.gg/player/109/ange1,109,"['Fade', 'Vyse', 'Sova']",5,"Fade, Vyse, Sova, (+2)",423,0.74,146.8,0.71,68%,100.2,0.51,0.22,0.08,0.10,34%,20%,8/41,18,215,302,93,32,43
2025-08-27T20:34:57.303014,Click,Click,M8,https://www.vlr.gg/player/7866/click,7866,"['Raze', 'Neon', 'Waylay']",5,"Raze, Neon, Waylay, (+2)",285,0.72,187.9,0.78,64%,115.6,0.62,0.14,0.13,0.22,36%,20%,3/15,22,178,227,40,37,64
2025-08-27T20:34:57.306015,tomaszy,tomaszy,GX,https://www.vlr.gg/player/19691/tomaszy,19691,"['Omen', 'Yoru', 'Raze']",4,"Omen, Yoru, Raze, (+1)",153,0.65,146.0,0.61,61%,99.3,0.50,0.27,0.09,0.17,33%,7%,1/15,16,76,124,42,14,26
2025-08-27T20:34:57.308562,Governor,Governor,APK,https://www.vlr.gg/player/3980/governor,3980,"['Sova', 'Tejo', 'Fade']",3,"Sova, Tejo, Fade",255,0.65,145.2,0.63,60%,98.0,0.48,0.20,0.08,0.13,27%,25%,5/20,17,122,195,50,20,34
