scraped_at,date,match_url,match_id,time,team1,score1,team2,score2,score,winner,status,week,stage
2025-09-01T08:34:29.074464,"Wed, July 16, 2025",https://www.vlr.gg/511543/natus-vincere-vs-apeks-vct-2025-emea-stage-2-w1,511543,8:30 PM,Natus Vincere,2,Apeks,1,2-1,Natus Vincere,Completed,Week 1,Group Stage
2025-09-01T08:34:29.176156,"Wed, July 16, 2025",https://www.vlr.gg/511544/team-vitality-vs-giantx-vct-2025-emea-stage-2-w1,511544,11:20 PM,Team Vitality,0,GIANTX,2,0-2,GIANTX,Completed,Week 1,Group Stage
2025-09-01T08:34:29.277784,"Thu, July 17, 2025",https://www.vlr.gg/511545/fut-esports-vs-gentle-mates-vct-2025-emea-stage-2-w1,511545,8:30 PM,FUT Esports,2,Gentle Mates,1,2-1,FUT Esports,Completed,Week 1,Group Stage
2025-09-01T08:34:29.378608,"Fri, July 18, 2025",https://www.vlr.gg/511546/team-liquid-vs-koi-vct-2025-emea-stage-2-w1,511546,12:00 AM,Team Liquid,2,KOI,1,2-1,Team Liquid,Completed,Week 1,Group Stage
2025-09-01T08:34:29.483378,"Fri, July 18, 2025",https://www.vlr.gg/511547/team-heretics-vs-bbl-esports-vct-2025-emea-stage-2-w1,511547,8:30 PM,Team Heretics,2,BBL Esports,1,2-1,Team Heretics,Completed,Week 1,Group Stage
2025-09-01T08:34:29.587249,"Fri, July 18, 2025",https://www.vlr.gg/511548/fnatic-vs-karmine-corp-vct-2025-emea-stage-2-w1,511548,11:45 PM,FNATIC,2,Karmine Corp,1,2-1,FNATIC,Completed,Week 1,Group Stage
2025-09-01T08:34:29.688507,"Wed, July 23, 2025",https://www.vlr.gg/511549/apeks-vs-karmine-corp-vct-2025-emea-stage-2-w2,511549,8:30 PM,Apeks,1,Karmine Corp,2,1-2,Karmine Corp,Completed,Week 2,Group Stage
2025-09-01T08:34:29.789397,"Thu, July 24, 2025",https://www.vlr.gg/511550/giantx-vs-bbl-esports-vct-2025-emea-stage-2-w2,511550,12:00 AM,GIANTX,2,BBL Esports,1,2-1,GIANTX,Completed,Week 2,Group Stage
2025-09-01T08:34:29.892144,"Thu, July 24, 2025",https://www.vlr.gg/511551/team-liquid-vs-natus-vincere-vct-2025-emea-stage-2-w2,511551,8:30 PM,Team Liquid,2,Natus Vincere,0,2-0,Team Liquid,Completed,Week 2,Group Stage
2025-09-01T08:34:29.993036,"Thu, July 24, 2025",https://www.vlr.gg/511552/gentle-mates-vs-team-heretics-vct-2025-emea-stage-2-w2,511552,10:35 PM,Gentle Mates,1,Team Heretics,2,1-2,Team Heretics,Completed,Week 2,Group Stage
2025-09-01T08:34:30.094257,"Fri, July 25, 2025",https://www.vlr.gg/511553/fut-esports-vs-team-vitality-vct-2025-emea-stage-2-w2,511553,8:30 PM,FUT Esports,0,Team Vitality,2,0-2,Team Vitality,Completed,Week 2,Group Stage
2025-09-01T08:34:30.196635,"Fri, July 25, 2025",https://www.vlr.gg/511554/koi-vs-fnatic-vct-2025-emea-stage-2-w2,511554,10:25 PM,KOI,0,FNATIC,2,0-2,FNATIC,Completed,Week 2,Group Stage
2025-09-01T08:34:30.298311,"Wed, July 30, 2025",https://www.vlr.gg/511562/fut-esports-vs-giantx-vct-2025-emea-stage-2-w3,511562,8:30 PM,FUT Esports,2,GIANTX,1,2-1,FUT Esports,Completed,Week 3,Group Stage
2025-09-01T08:34:30.399380,"Wed, July 30, 2025",https://www.vlr.gg/511563/gentle-mates-vs-bbl-esports-vct-2025-emea-stage-2-w3,511563,11:40 PM,Gentle Mates,0,BBL Esports,2,0-2,BBL Esports,Completed,Week 3,Group Stage
2025-09-01T08:34:30.500449,"Thu, July 31, 2025",https://www.vlr.gg/511564/team-liquid-vs-apeks-vct-2025-emea-stage-2-w3,511564,8:30 PM,Team Liquid,2,Apeks,1,2-1,Team Liquid,Completed,Week 3,Group Stage
2025-09-01T08:34:30.602006,"Fri, August 1, 2025",https://www.vlr.gg/511565/koi-vs-karmine-corp-vct-2025-emea-stage-2-w3,511565,12:10 AM,KOI,1,Karmine Corp,2,1-2,Karmine Corp,Completed,Week 3,Group Stage
2025-09-01T08:34:30.703232,"Fri, August 1, 2025",https://www.vlr.gg/511566/natus-vincere-vs-fnatic-vct-2025-emea-stage-2-w3,511566,8:30 PM,Natus Vincere,1,FNATIC,2,1-2,FNATIC,Completed,Week 3,Group Stage
2025-09-01T08:34:30.805874,"Sat, August 2, 2025",https://www.vlr.gg/511567/team-vitality-vs-team-heretics-vct-2025-emea-stage-2-w3,511567,12:10 AM,Team Vitality,0,Team Heretics,2,0-2,Team Heretics,Completed,Week 3,Group Stage
2025-09-01T08:34:30.907568,"Wed, August 6, 2025",https://www.vlr.gg/511568/fut-esports-vs-team-heretics-vct-2025-emea-stage-2-w4,511568,8:30 PM,FUT Esports,0,Team Heretics,2,0-2,Team Heretics,Completed,Week 4,Group Stage
2025-09-01T08:34:31.008739,"Wed, August 6, 2025",https://www.vlr.gg/511569/koi-vs-apeks-vct-2025-emea-stage-2-w4,511569,11:05 PM,KOI,2,Apeks,1,2-1,KOI,Completed,Week 4,Group Stage
2025-09-01T08:34:31.110869,"Thu, August 7, 2025",https://www.vlr.gg/511570/gentle-mates-vs-giantx-vct-2025-emea-stage-2-w4,511570,8:30 PM,Gentle Mates,1,GIANTX,2,1-2,GIANTX,Completed,Week 4,Group Stage
2025-09-01T08:34:31.213147,"Thu, August 7, 2025",https://www.vlr.gg/511571/natus-vincere-vs-karmine-corp-vct-2025-emea-stage-2-w4,511571,11:30 PM,Natus Vincere,2,Karmine Corp,0,2-0,Natus Vincere,Completed,Week 4,Group Stage
2025-09-01T08:34:31.314553,"Fri, August 8, 2025",https://www.vlr.gg/511572/team-vitality-vs-bbl-esports-vct-2025-emea-stage-2-w4,511572,8:30 PM,Team Vitality,1,BBL Esports,2,1-2,BBL Esports,Completed,Week 4,Group Stage
2025-09-01T08:34:31.415950,"Sat, August 9, 2025",https://www.vlr.gg/511573/team-liquid-vs-fnatic-vct-2025-emea-stage-2-w4,511573,12:10 AM,Team Liquid,2,FNATIC,0,2-0,Team Liquid,Completed,Week 4,Group Stage
2025-09-01T08:34:31.517324,"Wed, August 13, 2025",https://www.vlr.gg/511575/koi-vs-natus-vincere-vct-2025-emea-stage-2-w5,511575,8:30 PM,KOI,1,Natus Vincere,2,1-2,Natus Vincere,Completed,Week 5,Group Stage
2025-09-01T08:34:31.618705,"Wed, August 13, 2025",https://www.vlr.gg/511576/apeks-vs-fnatic-vct-2025-emea-stage-2-w5,511576,11:50 PM,Apeks,0,FNATIC,2,0-2,FNATIC,Completed,Week 5,Group Stage
2025-09-01T08:34:31.719854,"Thu, August 14, 2025",https://www.vlr.gg/511577/giantx-vs-team-heretics-vct-2025-emea-stage-2-w5,511577,8:30 PM,GIANTX,0,Team Heretics,2,0-2,Team Heretics,Completed,Week 5,Group Stage
2025-09-01T08:34:31.821405,"Thu, August 14, 2025",https://www.vlr.gg/511579/gentle-mates-vs-team-vitality-vct-2025-emea-stage-2-w5,511579,10:35 PM,Gentle Mates,1,Team Vitality,2,1-2,Team Vitality,Completed,Week 5,Group Stage
2025-09-01T08:34:31.923280,"Fri, August 15, 2025",https://www.vlr.gg/511580/fut-esports-vs-bbl-esports-vct-2025-emea-stage-2-w5,511580,8:30 PM,FUT Esports,0,BBL Esports,2,0-2,BBL Esports,Completed,Week 5,Group Stage
2025-09-01T08:34:32.024570,"Fri, August 15, 2025",https://www.vlr.gg/511581/team-liquid-vs-karmine-corp-vct-2025-emea-stage-2-w5,511581,11:00 PM,Team Liquid,1,Karmine Corp,2,1-2,Karmine Corp,Completed,Week 5,Group Stage
2025-09-01T08:34:32.126737,"Thu, August 21, 2025",https://www.vlr.gg/530924/fnatic-vs-bbl-esports-vct-2025-emea-stage-2-ur1,530924,8:30 PM,FNATIC,1,BBL Esports,2,1-2,BBL Esports,Completed,Upper Round 1,Playoffs
2025-09-01T08:34:32.227790,"Thu, August 21, 2025",https://www.vlr.gg/530925/giantx-vs-natus-vincere-vct-2025-emea-stage-2-ur1,530925,11:45 PM,GIANTX,2,Natus Vincere,1,2-1,GIANTX,Completed,Upper Round 1,Playoffs
2025-09-01T08:34:32.328836,"Fri, August 22, 2025",https://www.vlr.gg/530928/team-heretics-vs-bbl-esports-vct-2025-emea-stage-2-ubsf,530928,8:30 PM,Team Heretics,0,BBL Esports,2,0-2,BBL Esports,Completed,Upper Semifinals,Playoffs
2025-09-01T08:34:32.430866,"Fri, August 22, 2025",https://www.vlr.gg/530929/team-liquid-vs-giantx-vct-2025-emea-stage-2-ubsf,530929,10:50 PM,Team Liquid,2,GIANTX,1,2-1,Team Liquid,Completed,Upper Semifinals,Playoffs
2025-09-01T08:34:32.533166,"Sat, August 23, 2025",https://www.vlr.gg/530926/fnatic-vs-karmine-corp-vct-2025-emea-stage-2-lr1,530926,8:30 PM,FNATIC,2,Karmine Corp,1,2-1,FNATIC,Completed,Lower Round 1,Playoffs
2025-09-01T08:34:32.637667,"Sun, August 24, 2025",https://www.vlr.gg/530927/natus-vincere-vs-team-vitality-vct-2025-emea-stage-2-lr1,530927,12:25 AM,Natus Vincere,2,Team Vitality,0,2-0,Natus Vincere,Completed,Lower Round 1,Playoffs
2025-09-01T08:34:32.738982,"Sun, August 24, 2025",https://www.vlr.gg/530930/giantx-vs-fnatic-vct-2025-emea-stage-2-lr2,530930,8:30 PM,GIANTX,2,FNATIC,0,2-0,GIANTX,Completed,Lower Round 2,Playoffs
2025-09-01T08:34:32.840202,"Sun, August 24, 2025",https://www.vlr.gg/530931/team-heretics-vs-natus-vincere-vct-2025-emea-stage-2-lr2,530931,10:55 PM,Team Heretics,0,Natus Vincere,2,0-2,Natus Vincere,Completed,Lower Round 2,Playoffs
2025-09-01T08:34:32.943177,"Fri, August 29, 2025",https://www.vlr.gg/530932/bbl-esports-vs-team-liquid-vct-2025-emea-stage-2-ubf,530932,8:30 PM,BBL Esports,1,Team Liquid,2,1-2,Team Liquid,Completed,Upper Final,Playoffs
2025-09-01T08:34:33.045665,"Sat, August 30, 2025",https://www.vlr.gg/530933/giantx-vs-natus-vincere-vct-2025-emea-stage-2-lr3,530933,12:10 AM,GIANTX,2,Natus Vincere,1,2-1,GIANTX,Completed,Lower Round 3,Playoffs
2025-09-01T08:34:33.147816,"Sat, August 30, 2025",https://www.vlr.gg/530934/bbl-esports-vs-giantx-vct-2025-emea-stage-2-lbf,530934,9:30 PM,BBL Esports,0,GIANTX,3,0-3,GIANTX,Completed,Lower Final,Playoffs
2025-09-01T08:34:33.248941,"Sun, August 31, 2025Yesterday",https://www.vlr.gg/538583/team-france-vs-team-emea-vct-2025-emea-stage-2-main-event,538583,8:30 PM,Team France,7,Team EMEA,13,7-13,Team EMEA,Completed,Main Event,Showmatch
2025-09-01T08:34:33.351340,"Sun, August 31, 2025Yesterday",https://www.vlr.gg/530935/team-liquid-vs-giantx-vct-2025-emea-stage-2-gf,530935,9:30 PM,Team Liquid,3,GIANTX,0,3-0,Team Liquid,Completed,Grand Final,Playoffs
