Match ID,Map,Player,Team,Agent,2K,3K,4K,5K,1v1,1v2,1v3,1v4,1v5,ECON,PL,DE
511543,Icebox,ANGE1,NAVI,Sova,5,0,0,0,0,0,0,0,0,69,0,0
511543,Icebox,Shao,NAVI,Sage,0,0,0,0,0,0,0,0,0,37,2,2
511543,Icebox,Ruxic,NAVI,Viper,3,1,0,0,0,0,0,0,0,76,0,0
511543,Icebox,alexiiik,NAVI,Jett,3,2,0,0,0,0,0,0,0,69,0,0
511543,Icebox,hiro,NAVI,Killjoy,4,3,0,0,1,0,0,0,0,100,0,0
511543,Icebox,MOLSI,APK,Sova,0,0,0,0,0,0,0,0,0,55,3,0
511543,Icebox,AvovA,APK,Viper,2,0,0,0,0,0,0,0,0,31,0,0
511543,Icebox,penny,APK,Jett,2,0,1,0,0,0,0,0,0,65,0,0
511543,Icebox,OLIZERA,APK,Killjoy,1,0,0,0,0,0,0,0,0,29,0,0
511543,Icebox,batujnax,APK,Omen,3,0,0,0,0,0,0,0,0,29,1,0
511543,Sunset,ANGE1,NAVI,Kayo,1,0,0,0,0,0,0,0,0,21,2,0
511543,Sunset,Shao,NAVI,Sova,0,0,0,0,0,0,0,0,0,52,0,0
511543,Sunset,Ruxic,NAVI,Omen,4,1,1,0,0,0,0,0,0,65,1,1
511543,Sunset,alexiiik,NAVI,Neon,1,1,0,0,0,0,0,0,0,36,1,0
511543,Sunset,hiro,NAVI,Cypher,3,0,0,0,0,0,0,0,0,59,0,0
511543,Sunset,MOLSI,APK,Sova,7,1,0,0,1,0,0,0,0,98,3,0
511543,Sunset,AvovA,APK,Omen,1,0,0,0,1,0,0,0,0,36,0,0
511543,Sunset,penny,APK,Neon,2,0,0,0,0,0,0,0,0,43,1,0
511543,Sunset,OLIZERA,APK,Viper,4,0,0,1,0,0,0,0,0,63,0,0
511543,Sunset,batujnax,APK,Deadlock,2,1,0,0,0,0,0,0,0,47,2,0
511543,Corrode,ANGE1,NAVI,Kayo,1,3,0,0,0,0,0,0,0,64,2,0
511543,Corrode,Shao,NAVI,Fade,2,1,0,0,0,0,0,0,0,62,4,0
511543,Corrode,Ruxic,NAVI,Omen,3,0,0,0,1,0,0,0,0,88,1,1
511543,Corrode,alexiiik,NAVI,Jett,1,1,0,0,0,0,0,0,0,54,1,0
511543,Corrode,hiro,NAVI,Cypher,1,1,0,0,0,0,0,0,0,55,0,0
511543,Corrode,MOLSI,APK,Kayo,1,0,0,0,0,0,0,0,0,39,0,0
511543,Corrode,AvovA,APK,Omen,0,0,0,0,0,0,0,0,0,26,0,0
511543,Corrode,penny,APK,Yoru,1,0,0,0,0,0,0,0,0,45,0,0
511543,Corrode,OLIZERA,APK,Vyse,1,0,0,0,0,0,0,0,0,66,0,0
511543,Corrode,batujnax,APK,Sova,1,0,0,0,0,0,0,0,0,37,1,0
511544,Sunset,UNFAKE,VIT,Sova,1,1,0,0,0,0,0,0,0,38,2,0
511544,Sunset,Derke,VIT,Neon,0,4,1,0,0,0,0,0,0,59,0,0
511544,Sunset,KovaQ,VIT,Breach,0,1,1,0,0,0,0,0,0,47,4,1
511544,Sunset,Less,VIT,Cypher,3,1,0,0,0,0,0,0,0,52,0,0
511544,Sunset,Kicks,VIT,Omen,0,2,0,0,0,1,0,0,0,39,0,0
511544,Sunset,Cloud,GX,Sova,3,1,0,0,1,0,0,0,0,62,3,0
511544,Sunset,grubinho,GX,Omen,4,2,0,0,1,0,0,0,0,75,2,0
511544,Sunset,Flickless,GX,Breach,3,0,0,0,0,0,0,0,0,50,3,1
511544,Sunset,ara,GX,Neon,2,0,0,0,0,0,0,0,0,26,0,0
511544,Sunset,westside,GX,Cypher,3,1,0,0,0,1,0,0,0,41,0,0
511544,Bind,UNFAKE,VIT,Gekko,2,0,0,0,0,0,0,0,0,27,2,0
511544,Bind,Derke,VIT,Raze,6,1,0,0,0,0,0,0,0,70,1,1
511544,Bind,KovaQ,VIT,Brimstone,4,1,0,0,1,0,0,0,0,46,3,1
511544,Bind,Less,VIT,Viper,2,1,1,0,0,0,0,0,0,73,0,0
511544,Bind,Kicks,VIT,Skye,2,0,0,0,0,0,0,0,0,42,0,1
511544,Bind,Cloud,GX,Gekko,6,0,0,0,0,0,0,0,0,48,5,0
511544,Bind,grubinho,GX,Astra,2,0,1,0,0,1,0,0,0,50,1,0
511544,Bind,Flickless,GX,Viper,4,0,0,0,1,1,0,0,0,49,0,2
511544,Bind,ara,GX,Raze,4,0,0,0,0,0,0,0,0,43,0,0
511544,Bind,westside,GX,Deadlock,2,1,0,0,0,1,0,0,0,52,2,0
511545,Bind,cNed,FUT,Omen,6,1,0,0,0,0,0,0,0,81,1,1
511545,Bind,qRaxs,FUT,Kayo,1,0,1,0,0,0,0,0,0,45,0,0
511545,Bind,MrFaliN,FUT,Fade,0,1,0,0,0,0,0,0,0,38,3,1
511545,Bind,yetujey,FUT,Viper,3,0,0,0,0,1,0,0,0,65,0,0
511545,Bind,xeus,FUT,Raze,0,0,0,0,0,0,0,0,0,32,0,0
511545,Bind,kamyk,M8,Gekko,3,0,0,0,0,0,0,0,0,57,8,1
511545,Bind,Veqaj,M8,Fade,2,1,0,0,0,0,0,0,0,44,0,0
511545,Bind,Minny,M8,Viper,6,1,0,0,0,0,0,0,0,70,0,0
511545,Bind,ComeBack,M8,Waylay,5,1,0,0,0,0,0,0,0,60,1,1
511545,Bind,Proxh,M8,Astra,2,1,0,0,0,0,0,0,0,38,1,0
511545,Sunset,cNed,FUT,Omen,6,1,0,0,0,0,0,0,0,70,0,1
511545,Sunset,qRaxs,FUT,Kayo,5,1,0,0,1,1,0,0,0,74,3,2
511545,Sunset,MrFaliN,FUT,Fade,1,0,0,0,0,0,0,0,0,57,3,0
511545,Sunset,yetujey,FUT,Cypher,6,1,0,0,1,2,0,0,0,58,0,3
511545,Sunset,xeus,FUT,Raze,3,1,0,0,0,0,0,0,0,48,0,0
511545,Sunset,kamyk,M8,Breach,4,0,0,0,0,0,0,0,0,54,5,0
511545,Sunset,Veqaj,M8,Sova,3,0,0,0,0,0,0,0,0,60,2,0
511545,Sunset,Minny,M8,Cypher,2,0,1,0,0,1,0,0,0,42,0,0
511545,Sunset,ComeBack,M8,Neon,3,1,1,0,0,0,0,0,0,54,0,0
511545,Sunset,Proxh,M8,Omen,1,0,0,0,0,1,0,0,0,48,3,1
511545,Lotus,cNed,FUT,Yoru,6,2,0,0,2,0,0,0,0,55,0,1
511545,Lotus,qRaxs,FUT,Fade,1,1,1,0,1,0,0,0,0,37,7,1
511545,Lotus,MrFaliN,FUT,Omen,4,3,0,0,1,0,1,0,0,37,3,1
511545,Lotus,yetujey,FUT,Cypher,4,2,0,0,0,1,0,0,0,57,1,2
511545,Lotus,xeus,FUT,Raze,2,0,0,0,0,0,0,0,0,32,0,1
511545,Lotus,kamyk,M8,Breach,3,1,0,0,0,0,0,0,0,36,1,2
511545,Lotus,Veqaj,M8,Sova,4,2,0,0,0,0,1,0,0,56,2,1
511545,Lotus,Minny,M8,Viper,8,2,0,0,2,0,0,0,0,69,5,1
511545,Lotus,ComeBack,M8,Neon,3,1,1,0,0,0,0,0,0,38,2,0
511545,Lotus,Proxh,M8,Omen,3,0,0,0,0,0,0,0,0,38,2,0
511546,Bind,paTiTek,TL,Skye,2,0,0,0,1,0,0,0,0,33,1,0
511546,Bind,nAts,TL,Viper,6,0,1,0,0,0,0,0,0,73,2,0
511546,Bind,trexx,TL,Gekko,1,0,0,0,0,0,0,0,0,45,8,1
511546,Bind,Keiko,TL,Brimstone,5,3,0,0,1,0,0,0,0,64,1,1
511546,Bind,kamo,TL,Raze,1,1,0,0,1,1,0,0,0,69,0,1
511546,Bind,baddyG,MKOI,Brimstone,2,1,0,0,0,0,0,0,0,53,0,0
511546,Bind,MONSTEERR,MKOI,Viper,4,1,0,0,1,0,0,0,0,77,1,0
511546,Bind,flyuh,MKOI,Fade,1,1,1,0,0,1,0,0,0,63,1,1
511546,Bind,Filu,MKOI,Raze,1,0,0,0,0,0,0,0,0,39,0,0
511546,Bind,nataNk,MKOI,Gekko,2,0,0,0,0,0,0,0,0,52,2,2
511546,Icebox,paTiTek,TL,Gekko,3,1,0,0,1,0,0,0,0,37,7,0
511546,Icebox,nAts,TL,Viper,3,1,0,0,0,0,0,0,0,66,0,0
511546,Icebox,trexx,TL,Kayo,1,1,0,0,0,1,0,0,0,36,0,2
511546,Icebox,Keiko,TL,Killjoy,2,0,0,0,1,0,0,0,0,54,0,1
511546,Icebox,kamo,TL,Jett,3,2,0,0,0,0,0,0,0,58,0,0
511546,Icebox,baddyG,MKOI,Omen,5,1,0,0,0,0,0,0,0,66,2,0
511546,Icebox,MONSTEERR,MKOI,Viper,4,2,0,0,1,0,0,0,0,76,1,0
511546,Icebox,flyuh,MKOI,Sova,5,2,0,0,0,0,0,0,0,92,0,1
511546,Icebox,Filu,MKOI,Sage,3,0,0,0,0,0,0,0,0,30,6,1
511546,Icebox,nataNk,MKOI,Killjoy,0,2,0,0,0,0,0,0,0,49,0,0
511546,Lotus,paTiTek,TL,Omen,0,0,0,0,0,0,0,0,0,27,0,1
511546,Lotus,nAts,TL,Vyse,4,0,1,0,0,0,1,0,0,54,1,1
511546,Lotus,trexx,TL,Fade,2,1,1,0,3,0,0,0,0,69,6,0
511546,Lotus,Keiko,TL,Raze,6,4,0,0,1,0,0,0,0,77,0,1
511546,Lotus,kamo,TL,Yoru,3,0,0,0,0,0,0,0,0,45,0,0
511546,Lotus,baddyG,MKOI,Omen,3,1,0,0,0,0,0,0,0,36,1,0
511546,Lotus,MONSTEERR,MKOI,Viper,1,1,0,0,0,1,0,0,0,52,1,0
511546,Lotus,flyuh,MKOI,Fade,0,2,0,0,0,0,0,0,0,46,3,0
511546,Lotus,Filu,MKOI,Raze,6,0,0,0,0,0,0,0,0,58,1,0
511546,Lotus,nataNk,MKOI,Vyse,2,0,0,0,1,0,0,0,0,53,0,0
511547,Icebox,Boo,TH,Viper,4,0,0,0,0,0,0,0,0,59,1,1
511547,Icebox,RieNs,TH,Sova,3,1,0,0,0,0,0,0,0,61,2,0
511547,Icebox,MiniBoo,TH,Omen,1,0,1,0,0,0,0,0,0,46,0,0
511547,Icebox,Wo0t,TH,Kayo,1,0,0,0,0,0,0,0,0,28,1,1
511547,Icebox,benjyfishy,TH,Killjoy,2,0,0,0,1,0,0,0,0,28,1,0
511547,Icebox,MAGNUM,BBL,Killjoy,1,0,1,0,0,0,1,0,0,51,0,0
511547,Icebox,PROFEK,BBL,Viper,3,0,0,0,0,0,0,0,0,82,1,3
511547,Icebox,sociablEE,BBL,Omen,1,0,0,0,0,0,0,0,0,36,1,0
511547,Icebox,Jamppi,BBL,Sova,3,2,0,0,1,0,0,0,0,62,2,1
511547,Icebox,LewN,BBL,Jett,1,3,0,0,0,0,0,0,0,69,0,0
511547,Haven,Boo,TH,Omen,1,0,0,0,1,0,0,0,0,28,3,0
511547,Haven,RieNs,TH,Sova,2,0,1,0,0,0,0,0,0,70,5,1
511547,Haven,MiniBoo,TH,Yoru,3,5,0,0,0,0,0,0,0,79,0,0
511547,Haven,Wo0t,TH,Iso,5,1,0,0,0,0,0,0,0,69,0,0
511547,Haven,benjyfishy,TH,Cypher,5,2,0,0,0,0,0,0,0,66,1,0
511547,Haven,MAGNUM,BBL,Cypher,1,1,0,0,1,0,0,0,0,52,0,0
511547,Haven,PROFEK,BBL,Omen,5,0,0,0,1,2,0,0,0,51,1,0
511547,Haven,sociablEE,BBL,Sova,4,2,0,0,0,0,0,0,0,43,0,0
511547,Haven,Jamppi,BBL,Breach,1,0,0,0,0,0,0,0,0,28,5,0
511547,Haven,LewN,BBL,Jett,4,0,0,0,0,0,0,0,0,46,1,0
511547,Sunset,Boo,TH,Omen,4,0,0,0,0,0,0,0,0,35,1,1
511547,Sunset,RieNs,TH,Sova,5,1,0,0,0,0,0,0,0,47,2,1
511547,Sunset,MiniBoo,TH,Neon,2,2,0,0,1,0,0,0,0,53,1,1
511547,Sunset,Wo0t,TH,Kayo,3,3,0,1,1,0,0,0,0,70,2,0
511547,Sunset,benjyfishy,TH,Vyse,3,0,0,1,1,0,0,0,0,61,1,0
511547,Sunset,MAGNUM,BBL,Viper,0,1,0,0,0,0,0,0,0,39,2,1
511547,Sunset,PROFEK,BBL,Omen,7,2,0,0,1,1,0,0,0,78,1,0
511547,Sunset,sociablEE,BBL,Deadlock,3,0,0,0,1,0,0,0,0,32,0,0
511547,Sunset,Jamppi,BBL,Sova,3,1,0,1,0,0,0,0,0,82,5,0
511547,Sunset,LewN,BBL,Neon,5,0,0,0,0,0,0,0,0,44,0,0
511548,Bind,crashies,FNC,Fade,5,2,0,0,0,0,0,1,0,86,1,0
511548,Bind,Boaster,FNC,Astra,2,0,0,0,0,0,0,0,0,28,2,0
511548,Bind,Chronicle,FNC,Viper,5,1,0,0,0,0,0,0,0,87,0,0
511548,Bind,kaajak,FNC,Raze,2,4,0,0,1,0,1,0,0,62,2,1
511548,Bind,Alfajer,FNC,Tejo,1,0,0,0,0,0,0,0,0,30,0,1
511548,Bind,saadhak,KC,Deadlock,1,0,0,0,1,0,0,0,0,23,3,0
511548,Bind,SUYGETSU,KC,Astra,2,1,0,0,0,0,0,0,0,43,0,0
511548,Bind,Avez,KC,Gekko,5,0,0,0,1,0,0,0,0,53,5,0
511548,Bind,marteen,KC,Yoru,3,0,0,0,0,0,0,0,0,57,0,0
511548,Bind,Elite,KC,Vyse,1,1,0,0,0,0,0,0,0,45,0,0
511548,Lotus,crashies,FNC,Fade,5,0,0,0,1,0,0,0,0,59,8,1
511548,Lotus,Boaster,FNC,Omen,2,0,0,0,2,0,0,0,0,32,1,1
511548,Lotus,Chronicle,FNC,Viper,4,0,0,0,0,0,0,0,0,51,0,0
511548,Lotus,kaajak,FNC,Raze,4,3,0,0,0,0,0,0,0,69,0,0
511548,Lotus,Alfajer,FNC,Killjoy,2,2,0,0,0,0,0,0,0,43,1,0
511548,Lotus,saadhak,KC,Fade,5,1,0,0,1,0,0,0,0,64,7,0
511548,Lotus,SUYGETSU,KC,Omen,5,1,0,0,1,0,0,0,0,60,0,2
511548,Lotus,Avez,KC,Raze,4,2,0,0,0,0,0,0,0,64,0,2
511548,Lotus,marteen,KC,Yoru,4,0,0,0,0,0,0,0,0,49,1,0
511548,Lotus,Elite,KC,Cypher,3,1,0,0,0,0,0,0,0,56,1,1
511548,Icebox,crashies,FNC,Sova,4,2,0,0,0,0,0,0,0,73,0,0
511548,Icebox,Boaster,FNC,Viper,4,0,0,0,0,0,0,0,0,50,2,1
511548,Icebox,Chronicle,FNC,Sage,3,1,0,0,0,1,0,0,1,29,4,1
511548,Icebox,kaajak,FNC,Jett,2,1,0,0,1,0,0,0,0,62,2,0
511548,Icebox,Alfajer,FNC,Killjoy,2,1,0,0,0,0,0,0,0,41,1,2
511548,Icebox,saadhak,KC,Kayo,4,0,0,0,0,0,0,0,0,42,7,1
511548,Icebox,SUYGETSU,KC,Viper,3,1,1,0,1,0,0,0,0,52,0,1
511548,Icebox,Avez,KC,Sova,6,2,1,0,1,1,0,0,0,80,1,0
511548,Icebox,marteen,KC,Omen,3,1,0,0,0,0,0,0,0,45,1,0
511548,Icebox,Elite,KC,Killjoy,1,1,1,0,1,0,0,0,0,43,1,0
511549,Icebox,MOLSI,APK,Sova,5,0,0,0,0,0,0,0,0,55,3,1
511549,Icebox,AvovA,APK,Viper,1,0,0,0,0,0,0,0,0,36,0,1
511549,Icebox,penny,APK,Jett,1,1,1,0,0,0,0,0,0,61,0,2
511549,Icebox,OLIZERA,APK,Killjoy,1,0,0,0,0,0,0,0,0,49,1,0
511549,Icebox,batujnax,APK,Omen,5,1,0,0,0,0,0,0,0,53,3,0
511549,Icebox,saadhak,KC,Kayo,2,1,0,0,0,0,0,0,0,34,5,0
511549,Icebox,SUYGETSU,KC,Viper,6,0,1,0,0,1,0,0,0,93,1,0
511549,Icebox,Avez,KC,Sova,3,0,0,0,1,0,0,0,0,40,3,1
511549,Icebox,marteen,KC,Omen,2,0,0,0,0,1,0,0,0,36,1,2
511549,Icebox,Elite,KC,Killjoy,0,3,0,0,0,0,0,0,0,56,1,2
511549,Sunset,MOLSI,APK,Sova,4,1,0,0,0,0,0,0,0,67,4,1
511549,Sunset,AvovA,APK,Omen,5,0,0,0,0,0,0,0,0,35,1,1
511549,Sunset,penny,APK,Neon,3,1,1,0,2,0,0,0,0,59,0,1
511549,Sunset,OLIZERA,APK,Viper,2,0,0,0,0,0,0,0,0,37,0,1
511549,Sunset,batujnax,APK,Deadlock,2,1,1,0,0,0,0,0,0,74,4,0
511549,Sunset,saadhak,KC,Sova,4,0,0,0,0,0,0,0,0,58,9,1
511549,Sunset,SUYGETSU,KC,Omen,5,1,0,0,1,0,0,0,0,64,1,0
511549,Sunset,Avez,KC,Phoenix,2,1,0,0,0,0,0,0,0,47,0,0
511549,Sunset,marteen,KC,Yoru,1,0,0,0,0,0,0,0,0,40,0,0
511549,Sunset,Elite,KC,Cypher,0,2,1,0,0,0,0,0,0,63,1,1
511549,Lotus,MOLSI,APK,Kayo,3,2,0,0,1,0,0,0,0,52,3,2
511549,Lotus,AvovA,APK,Omen,2,0,0,0,0,0,0,0,0,42,0,2
511549,Lotus,penny,APK,Raze,6,1,0,0,0,0,0,0,0,67,3,1
511549,Lotus,OLIZERA,APK,Cypher,4,1,0,0,0,0,0,0,0,63,0,0
511549,Lotus,batujnax,APK,Deadlock,1,0,1,0,0,0,0,0,0,31,2,1
511549,Lotus,saadhak,KC,Fade,3,0,0,0,1,0,0,0,0,28,5,0
511549,Lotus,SUYGETSU,KC,Omen,4,0,0,0,0,0,0,0,0,57,2,1
511549,Lotus,Avez,KC,Raze,4,2,1,0,1,0,0,0,0,67,3,2
511549,Lotus,marteen,KC,Yoru,3,2,0,0,0,0,1,0,0,42,1,1
511549,Lotus,Elite,KC,Cypher,0,3,0,0,0,0,0,0,0,56,0,0
511550,Icebox,Cloud,GX,Gekko,2,0,0,0,0,0,0,0,0,37,6,0
511550,Icebox,grubinho,GX,Viper,5,1,0,0,2,0,0,0,0,48,0,0
511550,Icebox,Flickless,GX,Kayo,2,0,1,0,0,1,0,0,0,51,1,0
511550,Icebox,ara,GX,Jett,3,0,0,0,1,0,0,0,0,69,0,4
511550,Icebox,westside,GX,Killjoy,4,1,0,0,1,0,0,0,0,58,0,2
511550,Icebox,MAGNUM,BBL,Killjoy,5,0,0,0,0,0,0,0,0,62,1,0
511550,Icebox,PROFEK,BBL,Viper,0,0,0,0,0,0,0,0,0,28,0,1
511550,Icebox,sociablEE,BBL,Omen,3,3,0,0,0,1,0,0,0,57,2,1
511550,Icebox,Jamppi,BBL,Sova,3,1,0,0,0,0,0,0,0,53,3,0
511550,Icebox,LewN,BBL,Jett,1,1,0,0,0,0,0,0,0,39,0,0
511550,Lotus,Cloud,GX,Fade,3,1,0,0,0,0,0,0,0,47,5,0
511550,Lotus,grubinho,GX,Omen,2,0,0,0,1,0,0,0,0,30,0,1
511550,Lotus,Flickless,GX,Viper,4,0,0,0,0,0,0,0,0,52,0,0
511550,Lotus,ara,GX,Raze,7,0,1,0,1,0,0,0,0,100,0,2
511550,Lotus,westside,GX,Cypher,2,0,0,0,0,0,0,0,0,37,1,0
511550,Lotus,MAGNUM,BBL,Deadlock,7,0,0,0,0,0,0,0,0,35,1,0
511550,Lotus,PROFEK,BBL,Omen,2,1,0,0,0,0,0,0,0,50,2,0
511550,Lotus,sociablEE,BBL,Chamber,2,2,0,0,0,1,0,0,0,62,0,0
511550,Lotus,Jamppi,BBL,Fade,3,0,0,0,0,0,0,0,0,37,6,0
511550,Lotus,LewN,BBL,Raze,5,3,1,0,2,0,0,0,0,77,1,0
511550,Corrode,Cloud,GX,Fade,4,0,0,0,1,0,0,0,0,45,3,1
511550,Corrode,grubinho,GX,Omen,3,2,0,0,1,0,0,0,0,50,0,0
511550,Corrode,Flickless,GX,Kayo,3,1,0,0,0,0,0,0,0,55,2,1
511550,Corrode,ara,GX,Neon,1,0,1,0,1,0,0,0,0,48,0,1
511550,Corrode,westside,GX,Cypher,4,1,0,0,1,0,0,0,0,63,0,0
511550,Corrode,MAGNUM,BBL,Fade,5,0,0,0,0,0,0,0,0,46,0,2
511550,Corrode,PROFEK,BBL,Astra,3,0,0,0,0,0,0,0,0,42,0,0
511550,Corrode,sociablEE,BBL,Omen,7,0,0,0,0,2,0,0,0,56,0,1
511550,Corrode,Jamppi,BBL,Gekko,2,1,0,0,0,0,0,0,0,49,5,0
511550,Corrode,LewN,BBL,Phoenix,4,0,1,0,0,0,0,0,0,51,0,0
511551,Corrode,paTiTek,TL,Gekko,4,1,0,0,1,0,0,0,0,66,5,1
511551,Corrode,nAts,TL,Viper,4,0,0,0,0,0,0,0,0,65,0,0
511551,Corrode,trexx,TL,Fade,1,1,0,0,0,0,0,0,0,49,1,0
511551,Corrode,Keiko,TL,Omen,2,1,0,0,0,0,0,0,0,55,0,0
511551,Corrode,kamo,TL,Yoru,1,2,0,1,0,0,0,0,0,64,0,0
511551,Corrode,ANGE1,NAVI,Kayo,2,0,0,0,0,0,0,0,0,28,3,0
511551,Corrode,Shao,NAVI,Fade,4,0,0,0,0,1,0,0,0,61,1,0
511551,Corrode,Ruxic,NAVI,Omen,1,1,0,0,0,0,0,0,0,53,1,0
511551,Corrode,alexiiik,NAVI,Jett,2,1,0,0,0,0,0,0,0,46,0,0
511551,Corrode,hiro,NAVI,Cypher,2,0,1,0,0,0,0,0,0,52,0,1
511551,Sunset,paTiTek,TL,Omen,2,1,0,0,0,0,0,0,0,57,0,0
511551,Sunset,nAts,TL,Cypher,1,0,0,0,0,0,0,0,0,47,0,0
511551,Sunset,trexx,TL,Fade,3,0,0,0,0,0,0,0,0,62,4,1
511551,Sunset,Keiko,TL,Raze,3,2,1,0,1,0,0,0,0,101,0,2
511551,Sunset,kamo,TL,Yoru,1,1,1,0,0,0,0,0,0,65,0,0
511551,Sunset,ANGE1,NAVI,Kayo,1,0,1,0,0,0,0,0,0,62,4,1
511551,Sunset,Shao,NAVI,Sova,1,0,1,0,0,0,1,0,0,46,1,0
511551,Sunset,Ruxic,NAVI,Omen,1,2,0,0,0,0,0,0,0,46,1,0
511551,Sunset,alexiiik,NAVI,Neon,1,0,0,0,0,0,0,0,0,25,0,0
511551,Sunset,hiro,NAVI,Cypher,2,0,0,0,0,0,0,0,0,49,0,0
511552,Corrode,kamyk,M8,Viper,5,1,2,0,0,0,0,0,0,56,1,0
511552,Corrode,Veqaj,M8,Fade,7,1,1,0,0,0,0,0,0,63,4,1
511552,Corrode,Minny,M8,Vyse,1,1,0,0,1,0,0,0,0,37,1,0
511552,Corrode,ComeBack,M8,Neon,2,0,0,0,0,0,0,0,0,39,0,2
511552,Corrode,Proxh,M8,Omen,2,2,0,0,0,0,0,0,0,46,1,0
511552,Corrode,Boo,TH,Omen,2,0,0,0,3,0,0,0,0,45,3,2
511552,Corrode,RieNs,TH,Fade,5,1,0,0,0,0,1,0,0,52,3,1
511552,Corrode,MiniBoo,TH,Yoru,2,1,2,0,0,1,0,0,0,52,0,1
511552,Corrode,Wo0t,TH,Waylay,4,3,1,0,0,0,0,0,0,58,1,0
511552,Corrode,benjyfishy,TH,Viper,0,0,0,0,0,0,0,0,0,13,0,0
511552,Ascent,kamyk,M8,Kayo,2,1,0,0,0,0,0,0,0,49,3,0
511552,Ascent,Veqaj,M8,Sova,6,2,0,0,1,0,0,0,0,62,3,2
511552,Ascent,Minny,M8,Killjoy,2,2,0,0,1,0,0,0,0,46,2,1
511552,Ascent,ComeBack,M8,Jett,5,0,0,0,0,0,0,0,0,50,0,0
511552,Ascent,Proxh,M8,Omen,1,0,0,0,1,0,0,0,0,35,0,1
511552,Ascent,Boo,TH,Omen,2,0,0,0,0,0,0,0,0,26,1,1
511552,Ascent,RieNs,TH,Sova,3,2,0,0,0,1,0,0,0,63,3,1
511552,Ascent,MiniBoo,TH,Yoru,2,1,0,0,0,0,0,0,0,35,1,1
511552,Ascent,Wo0t,TH,Jett,3,4,0,0,0,0,0,0,0,74,0,2
511552,Ascent,benjyfishy,TH,Cypher,1,2,0,0,0,0,0,0,0,30,1,0
511552,Bind,kamyk,M8,Gekko,1,0,0,0,0,0,0,0,0,31,4,0
511552,Bind,Veqaj,M8,Fade,1,0,0,0,0,0,0,0,0,28,2,0
511552,Bind,Minny,M8,Viper,4,1,0,0,1,0,0,0,0,65,0,1
511552,Bind,ComeBack,M8,Waylay,1,1,0,0,0,0,0,0,0,51,1,0
511552,Bind,Proxh,M8,Astra,1,0,1,0,0,1,0,0,0,45,0,0
511552,Bind,Boo,TH,Brimstone,0,0,0,0,1,0,0,0,0,41,1,1
511552,Bind,RieNs,TH,Gekko,2,0,0,0,0,0,0,0,0,57,3,2
511552,Bind,MiniBoo,TH,Raze,4,2,0,0,0,0,0,0,0,56,0,1
511552,Bind,Wo0t,TH,Fade,3,1,1,0,2,0,0,0,0,74,1,0
511552,Bind,benjyfishy,TH,Viper,6,2,0,0,0,0,0,0,0,85,0,0
511553,Haven,cNed,FUT,Omen,1,1,1,0,0,0,0,0,0,58,0,0
511553,Haven,qRaxs,FUT,Breach,1,0,0,0,0,0,0,0,0,29,3,0
511553,Haven,MrFaliN,FUT,Sova,0,0,0,0,0,0,0,0,0,11,1,0
511553,Haven,yetujey,FUT,Cypher,1,2,0,0,0,0,0,0,0,59,3,0
511553,Haven,xeus,FUT,Neon,0,0,0,1,0,0,0,0,0,40,0,0
511553,Haven,UNFAKE,VIT,Sova,4,0,0,0,1,1,0,0,0,60,0,0
511553,Haven,Derke,VIT,Yoru,2,3,0,0,0,0,0,0,0,87,2,0
511553,Haven,KovaQ,VIT,Iso,3,1,1,0,0,0,0,0,0,80,0,1
511553,Haven,Less,VIT,Cypher,2,0,0,0,0,1,0,0,0,51,0,2
511553,Haven,Kicks,VIT,Omen,2,0,0,0,1,0,0,0,0,38,0,2
511553,Lotus,cNed,FUT,Yoru,0,2,1,0,0,0,0,0,0,47,0,0
511553,Lotus,qRaxs,FUT,Fade,1,1,0,0,0,0,0,0,0,39,4,0
511553,Lotus,MrFaliN,FUT,Omen,2,0,0,0,0,0,0,0,0,70,0,0
511553,Lotus,yetujey,FUT,Cypher,0,0,0,0,0,0,0,0,0,33,0,1
511553,Lotus,xeus,FUT,Raze,2,2,0,0,0,0,0,0,0,56,0,0
511553,Lotus,UNFAKE,VIT,Fade,3,2,0,0,0,0,0,0,0,52,5,1
511553,Lotus,Derke,VIT,Raze,3,0,0,0,0,0,0,0,0,69,1,0
511553,Lotus,KovaQ,VIT,Vyse,3,3,0,0,0,0,0,0,0,71,0,0
511553,Lotus,Less,VIT,Viper,1,0,0,0,1,0,0,0,0,56,0,2
511553,Lotus,Kicks,VIT,Omen,1,1,0,0,0,0,1,0,0,57,3,0
511554,Ascent,baddyG,MKOI,Omen,2,0,1,0,0,0,0,0,0,39,1,0
511554,Ascent,MONSTEERR,MKOI,Killjoy,2,0,0,0,0,0,0,0,0,32,0,0
511554,Ascent,flyuh,MKOI,Kayo,0,0,1,0,0,0,0,0,0,28,3,0
511554,Ascent,Filu,MKOI,Waylay,3,1,0,0,0,0,0,0,0,56,0,1
511554,Ascent,nataNk,MKOI,Sova,3,1,0,0,2,0,0,0,0,64,0,2
511554,Ascent,crashies,FNC,Sova,4,2,0,0,0,0,0,0,0,88,4,1
511554,Ascent,Boaster,FNC,Omen,6,0,0,0,0,0,0,0,0,51,3,0
511554,Ascent,Chronicle,FNC,Vyse,1,0,0,0,0,0,0,0,0,57,1,0
511554,Ascent,kaajak,FNC,Yoru,2,2,0,0,0,1,0,0,0,50,2,0
511554,Ascent,Alfajer,FNC,Chamber,3,3,1,0,0,0,0,0,0,76,0,0
511554,Haven,baddyG,MKOI,Omen,0,1,0,0,0,0,0,0,0,50,0,0
511554,Haven,MONSTEERR,MKOI,Cypher,3,0,0,0,0,0,0,0,0,33,0,0
511554,Haven,flyuh,MKOI,Sova,1,3,0,0,0,1,1,0,0,64,8,1
511554,Haven,Filu,MKOI,Yoru,2,1,0,0,0,0,0,0,0,36,1,1
511554,Haven,nataNk,MKOI,Iso,2,1,1,0,0,0,0,0,0,50,1,1
511554,Haven,crashies,FNC,Sova,3,0,1,0,0,0,0,0,0,61,1,1
511554,Haven,Boaster,FNC,Omen,3,2,0,0,0,1,0,0,0,57,3,0
511554,Haven,Chronicle,FNC,Cypher,2,0,0,0,0,0,0,0,0,41,1,0
511554,Haven,kaajak,FNC,Yoru,3,1,0,0,1,0,0,0,0,54,0,0
511554,Haven,Alfajer,FNC,Iso,4,1,1,0,0,0,0,0,0,60,4,4
511562,Sunset,cNed,FUT,Omen,3,0,0,0,0,0,0,0,0,35,1,0
511562,Sunset,qRaxs,FUT,Kayo,1,1,0,0,0,0,0,0,0,48,3,1
511562,Sunset,MrFaliN,FUT,Fade,1,1,0,0,0,0,0,0,0,34,0,0
511562,Sunset,yetujey,FUT,Cypher,4,1,1,0,0,0,1,0,0,61,2,2
511562,Sunset,xeus,FUT,Raze,1,1,2,0,0,0,0,0,0,54,0,1
511562,Sunset,Cloud,GX,Sova,5,0,0,0,0,0,0,0,0,74,2,1
511562,Sunset,grubinho,GX,Omen,2,1,0,1,0,1,0,0,0,90,1,0
511562,Sunset,Flickless,GX,Breach,0,1,0,0,0,0,0,0,0,37,6,0
511562,Sunset,ara,GX,Neon,1,1,0,0,0,0,0,0,0,27,0,0
511562,Sunset,westside,GX,Cypher,6,1,0,0,0,1,0,0,0,68,0,1
511562,Haven,cNed,FUT,Omen,5,2,0,0,0,0,0,0,0,65,0,1
511562,Haven,qRaxs,FUT,Breach,5,0,2,0,1,0,0,0,0,89,2,3
511562,Haven,MrFaliN,FUT,Sova,2,2,0,0,1,0,0,0,0,98,2,1
511562,Haven,yetujey,FUT,Cypher,0,1,0,0,0,0,0,0,0,43,0,0
511562,Haven,xeus,FUT,Neon,2,0,0,0,0,0,0,0,0,40,1,0
511562,Haven,Cloud,GX,Sova,1,2,0,0,0,0,0,0,0,46,0,0
511562,Haven,grubinho,GX,Omen,5,1,0,0,1,0,0,0,0,61,3,0
511562,Haven,Flickless,GX,Breach,1,1,0,0,0,0,0,0,0,39,6,0
511562,Haven,ara,GX,Neon,1,0,0,0,0,0,0,0,0,24,1,0
511562,Haven,westside,GX,Cypher,2,1,0,0,0,0,0,0,0,41,0,0
511562,Bind,cNed,FUT,Omen,1,2,0,0,0,1,0,0,0,68,0,2
511562,Bind,qRaxs,FUT,Kayo,4,0,0,0,0,0,0,0,0,57,4,0
511562,Bind,MrFaliN,FUT,Fade,2,0,0,0,0,0,0,0,0,34,2,0
511562,Bind,yetujey,FUT,Viper,2,0,0,0,1,0,0,0,0,72,0,0
511562,Bind,xeus,FUT,Raze,5,2,0,0,0,0,0,0,0,92,0,0
511562,Bind,Cloud,GX,Gekko,3,0,0,0,0,0,0,0,0,34,5,0
511562,Bind,grubinho,GX,Astra,2,0,0,0,0,0,0,0,0,31,0,0
511562,Bind,Flickless,GX,Viper,2,1,1,1,1,0,0,0,0,78,0,0
511562,Bind,ara,GX,Raze,0,1,0,0,0,0,0,0,0,35,1,0
511562,Bind,westside,GX,Deadlock,4,1,0,0,0,0,0,0,0,45,1,0
511563,Sunset,kamyk,M8,Viper,1,0,0,0,1,0,0,0,0,44,0,1
511563,Sunset,Veqaj,M8,Sova,1,0,0,0,0,0,0,0,0,45,1,0
511563,Sunset,Minny,M8,Deadlock,1,1,0,0,0,0,0,0,0,36,0,0
511563,Sunset,ComeBack,M8,Neon,1,0,0,0,0,0,0,0,0,60,0,0
511563,Sunset,Proxh,M8,Omen,2,0,0,0,0,0,0,0,0,34,0,0
511563,Sunset,MAGNUM,BBL,Viper,3,1,0,0,0,0,0,0,0,89,4,0
511563,Sunset,PROFEK,BBL,Omen,4,0,0,0,0,0,0,0,0,57,0,0
511563,Sunset,sociablEE,BBL,Deadlock,2,0,0,0,0,0,0,0,0,47,2,0
511563,Sunset,Jamppi,BBL,Sova,3,2,0,0,0,0,0,0,0,99,3,1
511563,Sunset,LewN,BBL,Neon,2,2,0,0,0,0,0,0,0,45,1,0
511563,Lotus,kamyk,M8,Breach,2,0,0,0,1,0,0,0,0,37,3,1
511563,Lotus,Veqaj,M8,Sova,2,2,0,0,0,0,0,0,0,50,6,0
511563,Lotus,Minny,M8,Viper,3,0,0,0,0,0,0,0,0,42,1,0
511563,Lotus,ComeBack,M8,Neon,7,2,1,0,0,0,1,0,0,60,1,0
511563,Lotus,Proxh,M8,Omen,2,0,0,0,0,0,0,0,0,46,0,0
511563,Lotus,MAGNUM,BBL,Deadlock,1,3,0,0,0,0,0,0,0,45,0,1
511563,Lotus,PROFEK,BBL,Omen,2,2,0,0,0,1,0,0,0,54,1,0
511563,Lotus,sociablEE,BBL,Chamber,8,0,0,0,0,0,0,0,0,48,1,0
511563,Lotus,Jamppi,BBL,Fade,3,1,0,0,1,0,1,0,0,37,8,0
511563,Lotus,LewN,BBL,Raze,2,2,0,1,0,0,0,0,0,47,1,0
511564,Ascent,paTiTek,TL,Kayo,2,3,0,0,0,1,0,0,0,47,4,0
511564,Ascent,nAts,TL,Cypher,4,1,0,0,0,0,0,0,0,46,1,0
511564,Ascent,trexx,TL,Sova,3,1,0,0,0,0,0,0,0,45,3,1
511564,Ascent,Keiko,TL,Omen,3,0,0,0,0,0,0,0,0,36,0,1
511564,Ascent,kamo,TL,Jett,5,0,0,0,0,0,0,0,0,50,0,1
511564,Ascent,MOLSI,APK,Sova,1,0,0,0,0,0,0,0,0,40,6,0
511564,Ascent,AvovA,APK,Omen,3,1,0,0,0,1,0,0,0,46,2,0
511564,Ascent,penny,APK,Jett,3,2,0,0,0,0,0,0,0,47,1,0
511564,Ascent,OLIZERA,APK,Cypher,2,3,0,0,1,0,0,0,0,64,1,0
511564,Ascent,batujnax,APK,Yoru,1,1,0,0,0,0,0,0,0,29,1,0
511564,Corrode,paTiTek,TL,Gekko,3,1,0,0,0,0,0,0,0,41,6,1
511564,Corrode,nAts,TL,Viper,1,0,0,1,0,1,0,0,0,62,1,0
511564,Corrode,trexx,TL,Fade,2,1,1,0,0,0,0,0,0,46,1,0
511564,Corrode,Keiko,TL,Omen,1,1,0,0,1,0,0,0,0,38,2,1
511564,Corrode,kamo,TL,Yoru,4,1,1,0,0,0,0,0,0,56,0,0
511564,Corrode,MOLSI,APK,Fade,4,0,1,0,0,0,0,0,0,53,8,0
511564,Corrode,AvovA,APK,Omen,3,0,0,0,1,0,0,0,0,56,0,0
511564,Corrode,penny,APK,Neon,2,4,0,0,0,0,0,0,0,72,1,1
511564,Corrode,OLIZERA,APK,Cypher,3,0,0,0,2,0,0,0,0,25,1,0
511564,Corrode,batujnax,APK,Yoru,3,1,0,0,0,0,0,0,0,57,1,1
511564,Lotus,paTiTek,TL,Omen,2,0,0,0,0,1,0,0,0,40,1,1
511564,Lotus,nAts,TL,Vyse,3,1,1,0,0,0,0,0,0,69,2,0
511564,Lotus,trexx,TL,Fade,3,1,0,0,0,0,0,0,0,76,1,4
511564,Lotus,Keiko,TL,Raze,5,1,0,0,0,1,0,0,0,66,1,2
511564,Lotus,kamo,TL,Yoru,1,0,0,0,0,0,0,0,0,43,1,0
511564,Lotus,MOLSI,APK,Kayo,2,0,0,0,0,0,0,0,0,39,5,1
511564,Lotus,AvovA,APK,Omen,3,0,0,0,0,0,0,0,0,42,1,0
511564,Lotus,penny,APK,Raze,1,1,0,0,0,0,0,0,0,44,0,0
511564,Lotus,OLIZERA,APK,Cypher,0,1,0,0,0,0,1,0,0,51,0,1
511564,Lotus,batujnax,APK,Deadlock,2,0,0,0,0,0,0,0,0,48,3,1
511565,Lotus,baddyG,MKOI,Omen,4,1,0,0,0,0,1,0,0,42,0,1
511565,Lotus,MONSTEERR,MKOI,Viper,4,2,0,0,1,0,0,0,0,63,0,1
511565,Lotus,flyuh,MKOI,Breach,2,0,0,0,0,0,0,0,0,41,4,0
511565,Lotus,Filu,MKOI,Neon,1,3,0,0,0,0,0,0,0,56,0,1
511565,Lotus,nataNk,MKOI,Sova,1,1,0,0,0,0,0,0,0,50,0,1
511565,Lotus,saadhak,KC,Fade,1,0,0,0,0,0,0,0,0,38,6,0
511565,Lotus,SUYGETSU,KC,Omen,1,0,0,0,0,0,0,0,0,45,0,0
511565,Lotus,Avez,KC,Raze,4,0,0,0,0,0,0,0,0,65,0,1
511565,Lotus,marteen,KC,Yoru,3,1,0,0,0,0,0,0,0,54,1,0
511565,Lotus,Elite,KC,Cypher,1,1,0,0,0,0,0,0,0,42,0,0
511565,Sunset,baddyG,MKOI,Omen,0,0,0,0,0,0,0,0,0,38,1,0
511565,Sunset,MONSTEERR,MKOI,Vyse,2,0,1,0,0,0,0,0,0,67,1,0
511565,Sunset,flyuh,MKOI,Kayo,1,0,0,0,0,0,0,0,0,38,3,0
511565,Sunset,Filu,MKOI,Neon,1,1,0,0,0,0,0,0,0,38,0,0
511565,Sunset,nataNk,MKOI,Sova,1,0,0,0,0,0,0,0,0,35,1,0
511565,Sunset,saadhak,KC,Sova,1,1,0,0,0,1,0,0,0,72,0,2
511565,Sunset,SUYGETSU,KC,Omen,1,0,1,0,2,0,0,0,0,59,0,1
511565,Sunset,Avez,KC,Phoenix,2,3,0,0,0,0,0,0,0,103,0,1
511565,Sunset,marteen,KC,Yoru,3,1,1,0,0,0,0,0,0,60,0,0
511565,Sunset,Elite,KC,Cypher,3,0,0,0,0,0,0,0,0,54,0,0
511565,Haven,baddyG,MKOI,Omen,0,0,0,0,0,0,0,0,0,18,3,0
511565,Haven,MONSTEERR,MKOI,Viper,1,0,0,0,0,0,0,0,0,44,0,0
511565,Haven,flyuh,MKOI,Fade,1,0,0,0,0,0,0,0,0,34,3,0
511565,Haven,Filu,MKOI,Yoru,1,0,1,0,0,0,0,0,0,47,0,0
511565,Haven,nataNk,MKOI,Vyse,2,1,0,0,0,0,0,0,0,63,0,0
511565,Haven,saadhak,KC,Sova,2,0,0,0,0,1,0,0,0,45,2,1
511565,Haven,SUYGETSU,KC,Omen,3,1,0,0,0,0,0,0,0,52,0,0
511565,Haven,Avez,KC,Phoenix,5,3,0,0,0,0,0,0,0,91,1,1
511565,Haven,marteen,KC,Yoru,3,1,0,0,0,0,0,0,0,73,1,0
511565,Haven,Elite,KC,Cypher,1,1,0,0,0,0,0,0,0,32,0,0
511566,Bind,ANGE1,NAVI,Kayo,2,1,0,0,0,0,0,0,0,33,0,0
511566,Bind,Shao,NAVI,Fade,2,3,0,0,2,0,0,0,0,38,4,0
511566,Bind,Ruxic,NAVI,Omen,5,2,0,1,0,0,0,0,0,50,1,0
511566,Bind,alexiiik,NAVI,Raze,5,0,0,0,0,0,0,0,0,44,1,0
511566,Bind,hiro,NAVI,Viper,1,2,0,0,0,0,0,0,0,44,2,0
511566,Bind,crashies,FNC,Fade,3,0,0,0,2,0,0,0,0,46,5,1
511566,Bind,Boaster,FNC,Astra,3,0,0,0,0,0,0,0,0,36,4,1
511566,Bind,Chronicle,FNC,Viper,4,2,0,0,0,0,0,0,0,54,0,0
511566,Bind,kaajak,FNC,Raze,3,3,0,0,1,0,0,0,0,48,0,0
511566,Bind,Alfajer,FNC,Tejo,4,2,0,0,0,0,0,0,0,58,0,0
511566,Ascent,ANGE1,NAVI,Kayo,1,0,0,0,0,0,0,0,0,45,2,0
511566,Ascent,Shao,NAVI,Sova,0,0,0,0,0,0,0,0,0,30,1,0
511566,Ascent,Ruxic,NAVI,Omen,3,0,0,0,0,1,1,0,0,45,3,0
511566,Ascent,alexiiik,NAVI,Jett,3,2,2,0,0,0,0,0,0,61,0,0
511566,Ascent,hiro,NAVI,Cypher,4,0,0,0,1,0,0,0,0,62,0,0
511566,Ascent,crashies,FNC,Sova,2,0,0,0,0,0,0,0,0,63,1,1
511566,Ascent,Boaster,FNC,Omen,2,0,0,0,1,0,0,0,0,28,1,0
511566,Ascent,Chronicle,FNC,Vyse,5,1,0,0,0,0,0,0,0,61,0,0
511566,Ascent,kaajak,FNC,Yoru,2,0,1,0,0,0,0,0,0,47,1,0
511566,Ascent,Alfajer,FNC,Chamber,3,1,1,0,0,0,1,0,0,60,2,0
511566,Icebox,ANGE1,NAVI,Sova,1,0,0,0,0,0,0,0,0,32,2,1
511566,Icebox,Shao,NAVI,Sage,0,1,0,0,0,0,0,0,0,28,8,1
511566,Icebox,Ruxic,NAVI,Viper,7,1,2,0,0,0,0,0,0,90,0,0
511566,Icebox,alexiiik,NAVI,Jett,6,0,0,0,0,0,0,0,0,57,0,0
511566,Icebox,hiro,NAVI,Killjoy,7,1,0,0,0,0,0,0,0,66,0,1
511566,Icebox,crashies,FNC,Sova,5,1,0,0,1,0,0,0,0,61,1,1
511566,Icebox,Boaster,FNC,Viper,2,1,0,0,1,0,0,0,0,41,1,1
511566,Icebox,Chronicle,FNC,Sage,1,1,0,0,0,0,0,0,0,40,5,1
511566,Icebox,kaajak,FNC,Jett,2,1,0,0,2,0,0,0,0,46,0,1
511566,Icebox,Alfajer,FNC,Killjoy,5,3,0,0,0,0,0,0,0,65,1,2
511567,Haven,UNFAKE,VIT,Sova,3,1,0,0,0,0,0,0,0,50,4,1
511567,Haven,Derke,VIT,Yoru,3,3,0,0,0,1,0,0,0,58,2,1
511567,Haven,KovaQ,VIT,Iso,1,2,0,0,0,0,0,0,0,43,0,0
511567,Haven,Less,VIT,Cypher,1,2,0,0,0,0,0,0,0,59,0,1
511567,Haven,Kicks,VIT,Omen,4,1,0,0,0,1,0,0,0,46,3,1
511567,Haven,Boo,TH,Omen,3,1,0,0,0,0,0,0,0,46,1,2
511567,Haven,RieNs,TH,Sova,5,2,0,0,1,1,0,0,0,91,7,1
511567,Haven,MiniBoo,TH,Yoru,3,2,1,0,0,1,0,0,0,60,0,0
511567,Haven,Wo0t,TH,Iso,2,3,0,0,0,0,0,0,0,45,0,1
511567,Haven,benjyfishy,TH,Cypher,2,0,0,0,0,0,0,0,0,28,1,1
511567,Ascent,UNFAKE,VIT,Sova,2,1,0,0,1,0,0,0,0,50,5,0
511567,Ascent,Derke,VIT,Jett,4,1,0,0,0,0,0,0,0,54,1,0
511567,Ascent,KovaQ,VIT,Kayo,1,0,0,0,0,0,0,0,0,32,1,1
511567,Ascent,Less,VIT,Cypher,0,2,2,0,1,1,0,0,0,72,0,0
511567,Ascent,Kicks,VIT,Omen,1,1,0,0,0,0,0,0,0,28,1,0
511567,Ascent,Boo,TH,Omen,3,0,0,0,0,0,0,0,0,45,2,0
511567,Ascent,RieNs,TH,Sova,2,1,0,0,0,0,1,0,0,52,5,0
511567,Ascent,MiniBoo,TH,Yoru,3,0,0,0,0,0,0,0,0,44,2,0
511567,Ascent,Wo0t,TH,Jett,6,1,1,0,0,0,0,0,0,102,0,0
511567,Ascent,benjyfishy,TH,Cypher,7,1,0,0,1,0,0,0,0,65,1,0
511568,Haven,cNed,FUT,Omen,3,2,0,0,0,0,0,0,0,77,1,0
511568,Haven,qRaxs,FUT,Breach,1,1,0,0,0,0,0,0,0,29,1,0
511568,Haven,MrFaliN,FUT,Sova,1,2,0,0,0,0,0,0,0,51,0,0
511568,Haven,yetujey,FUT,Cypher,3,0,0,0,0,0,0,0,0,59,1,1
511568,Haven,xeus,FUT,Neon,2,1,1,0,0,0,0,0,0,42,0,0
511568,Haven,Boo,TH,Omen,3,0,0,0,0,0,0,0,0,43,2,0
511568,Haven,RieNs,TH,Sova,6,0,0,0,2,1,0,0,0,96,4,0
511568,Haven,MiniBoo,TH,Yoru,2,0,0,0,0,1,0,0,0,32,0,0
511568,Haven,Wo0t,TH,Iso,4,1,0,0,1,0,0,0,0,56,2,2
511568,Haven,benjyfishy,TH,Cypher,3,1,0,0,0,0,0,0,0,49,0,0
511568,Bind,cNed,FUT,Omen,1,0,0,0,0,0,0,0,0,46,2,0
511568,Bind,qRaxs,FUT,Kayo,0,0,0,0,0,0,0,0,0,27,1,0
511568,Bind,MrFaliN,FUT,Fade,0,1,0,0,0,0,0,0,0,26,1,0
511568,Bind,yetujey,FUT,Viper,2,1,0,0,0,0,0,0,0,61,0,2
511568,Bind,xeus,FUT,Raze,4,2,1,0,0,0,0,0,0,80,1,0
511568,Bind,Boo,TH,Brimstone,2,1,0,0,2,0,0,0,0,57,2,1
511568,Bind,RieNs,TH,Gekko,1,2,1,0,0,0,0,0,0,44,5,1
511568,Bind,MiniBoo,TH,Raze,3,0,0,0,0,0,0,0,0,38,1,1
511568,Bind,Wo0t,TH,Fade,4,1,0,0,0,0,0,0,0,61,0,0
511568,Bind,benjyfishy,TH,Viper,2,1,2,0,0,0,0,0,0,66,1,0
511569,Lotus,baddyG,MKOI,Omen,1,1,0,0,0,1,0,0,0,39,0,0
511569,Lotus,MONSTEERR,MKOI,Viper,3,0,0,0,0,0,0,0,0,45,0,0
511569,Lotus,flyuh,MKOI,Breach,2,1,0,0,1,0,0,0,0,39,8,1
511569,Lotus,Filu,MKOI,Neon,3,2,0,0,0,0,0,0,0,69,0,0
511569,Lotus,nataNk,MKOI,Sova,4,0,0,0,0,0,0,0,0,60,1,1
511569,Lotus,MOLSI,APK,Fade,1,0,0,0,0,0,0,0,0,40,6,0
511569,Lotus,AvovA,APK,Omen,2,0,1,0,1,0,0,0,0,42,0,1
511569,Lotus,penny,APK,Raze,3,3,0,0,0,0,1,0,0,61,1,0
511569,Lotus,OLIZERA,APK,Vyse,4,1,1,0,0,0,0,0,0,65,2,1
511569,Lotus,batujnax,APK,Yoru,3,0,0,0,0,0,0,0,0,39,0,1
511569,Ascent,baddyG,MKOI,Omen,1,2,0,0,1,0,0,0,0,51,3,0
511569,Ascent,MONSTEERR,MKOI,Vyse,3,0,0,0,1,0,0,0,0,38,2,1
511569,Ascent,flyuh,MKOI,Sova,2,1,0,0,0,0,0,0,0,49,2,0
511569,Ascent,Filu,MKOI,Chamber,2,2,0,0,0,0,0,0,0,64,0,0
511569,Ascent,nataNk,MKOI,Yoru,7,1,0,0,1,0,0,0,0,61,1,1
511569,Ascent,MOLSI,APK,Sova,2,1,1,0,0,0,0,0,0,68,2,0
511569,Ascent,AvovA,APK,Omen,0,0,0,0,1,0,0,0,0,27,0,1
511569,Ascent,penny,APK,Jett,0,0,0,0,0,0,0,0,0,37,0,0
511569,Ascent,OLIZERA,APK,Cypher,2,1,0,0,0,0,0,0,0,52,0,0
511569,Ascent,batujnax,APK,Yoru,1,2,0,0,0,0,0,0,0,46,0,0
511569,Haven,baddyG,MKOI,Omen,2,0,0,0,0,0,0,0,0,40,1,0
511569,Haven,MONSTEERR,MKOI,Cypher,6,0,0,0,0,1,0,0,0,45,0,1
511569,Haven,flyuh,MKOI,Sova,4,2,0,0,0,0,0,0,0,67,4,0
511569,Haven,Filu,MKOI,Yoru,4,1,0,0,1,0,0,0,0,54,0,2
511569,Haven,nataNk,MKOI,Iso,1,0,0,0,0,0,0,0,0,33,1,1
511569,Haven,MOLSI,APK,Sova,3,0,0,0,0,0,0,0,0,49,4,0
511569,Haven,AvovA,APK,Omen,1,1,0,0,0,1,0,0,0,52,4,0
511569,Haven,penny,APK,Neon,4,1,0,0,0,0,0,0,0,58,0,0
511569,Haven,OLIZERA,APK,Cypher,1,1,0,0,0,0,0,0,0,57,0,0
511569,Haven,batujnax,APK,Yoru,1,1,0,0,0,0,0,0,0,37,0,1
511570,Corrode,kamyk,M8,Viper,2,0,0,0,0,0,0,0,0,60,1,1
511570,Corrode,Veqaj,M8,Fade,5,0,0,0,0,0,0,0,0,62,3,0
511570,Corrode,Minny,M8,Deadlock,4,1,0,0,0,0,0,0,0,50,0,0
511570,Corrode,ComeBack,M8,Neon,5,2,0,0,0,0,0,0,0,96,0,0
511570,Corrode,Proxh,M8,Omen,2,1,0,0,0,0,0,0,0,45,0,0
511570,Corrode,Cloud,GX,Fade,1,0,0,0,0,0,0,0,0,41,2,0
511570,Corrode,grubinho,GX,Omen,4,0,0,0,0,0,0,0,0,34,0,0
511570,Corrode,Flickless,GX,Kayo,1,1,0,0,0,0,0,0,0,41,0,1
511570,Corrode,ara,GX,Neon,2,1,0,0,0,0,0,0,0,35,0,0
511570,Corrode,westside,GX,Cypher,2,1,0,0,0,0,1,0,0,51,1,0
511570,Ascent,kamyk,M8,Kayo,3,1,1,0,0,0,0,0,0,53,3,0
511570,Ascent,Veqaj,M8,Sova,3,2,0,0,0,0,0,0,0,53,4,0
511570,Ascent,Minny,M8,Killjoy,2,1,0,0,1,1,0,0,0,42,0,2
511570,Ascent,ComeBack,M8,Jett,4,0,0,0,0,0,0,0,0,37,0,0
511570,Ascent,Proxh,M8,Omen,6,0,0,0,0,0,0,0,0,42,0,0
511570,Ascent,Cloud,GX,Sova,4,0,0,0,0,0,0,0,0,35,2,0
511570,Ascent,grubinho,GX,Omen,3,2,0,0,0,0,0,0,0,62,0,0
511570,Ascent,Flickless,GX,Kayo,6,1,0,0,0,0,0,0,0,48,2,1
511570,Ascent,ara,GX,Jett,4,2,0,0,0,0,0,0,0,64,1,1
511570,Ascent,westside,GX,Cypher,4,0,0,0,0,0,0,0,0,49,1,2
511570,Haven,kamyk,M8,Viper,0,1,2,0,0,0,0,0,0,71,2,0
511570,Haven,Veqaj,M8,Sova,0,0,0,0,0,0,0,0,0,38,2,0
511570,Haven,Minny,M8,Killjoy,1,0,0,0,0,0,0,0,0,40,0,0
511570,Haven,ComeBack,M8,Neon,3,0,0,0,0,0,0,0,0,46,0,0
511570,Haven,Proxh,M8,Omen,1,0,0,0,0,0,0,0,0,37,1,0
511570,Haven,Cloud,GX,Sova,1,1,0,0,2,0,0,0,0,56,0,1
511570,Haven,grubinho,GX,Omen,1,1,0,0,0,0,0,0,0,55,2,0
511570,Haven,Flickless,GX,Breach,1,0,1,0,0,0,0,0,0,46,3,0
511570,Haven,ara,GX,Neon,3,2,1,0,0,0,0,0,0,81,0,0
511570,Haven,westside,GX,Cypher,1,3,0,0,1,0,0,0,0,62,0,0
511571,Sunset,ANGE1,NAVI,Breach,3,0,0,0,0,0,0,0,0,30,4,1
511571,Sunset,Shao,NAVI,Fade,4,0,0,0,1,2,0,0,0,32,4,1
511571,Sunset,Ruxic,NAVI,Omen,4,3,1,0,0,0,0,0,0,68,2,0
511571,Sunset,alexiiik,NAVI,Raze,5,2,1,0,0,0,0,0,0,58,1,0
511571,Sunset,hiro,NAVI,Cypher,5,1,0,0,0,0,0,0,0,69,1,0
511571,Sunset,saadhak,KC,Sova,2,1,1,0,3,0,0,0,0,34,4,1
511571,Sunset,SUYGETSU,KC,Omen,1,0,0,0,0,0,0,0,0,37,2,0
511571,Sunset,Avez,KC,Phoenix,5,1,0,0,1,1,0,0,0,58,2,3
511571,Sunset,marteen,KC,Yoru,2,1,1,0,1,0,0,0,0,54,0,1
511571,Sunset,Elite,KC,Cypher,4,1,0,0,0,0,1,0,0,49,1,0
511571,Corrode,ANGE1,NAVI,Gekko,2,1,0,0,0,0,0,0,0,46,4,1
511571,Corrode,Shao,NAVI,Fade,2,1,0,0,1,1,0,0,0,55,2,2
511571,Corrode,Ruxic,NAVI,Viper,2,1,1,0,0,0,0,0,0,68,0,0
511571,Corrode,alexiiik,NAVI,Raze,3,0,2,0,0,0,0,0,0,46,0,0
511571,Corrode,hiro,NAVI,Omen,2,1,2,0,0,0,0,0,0,55,2,0
511571,Corrode,saadhak,KC,Fade,1,1,0,0,0,0,0,0,0,40,3,1
511571,Corrode,SUYGETSU,KC,Omen,1,1,1,0,0,0,0,0,0,54,1,0
511571,Corrode,Avez,KC,Yoru,2,0,0,1,0,0,0,0,0,45,1,0
511571,Corrode,marteen,KC,Waylay,2,0,1,0,0,0,0,0,0,53,0,2
511571,Corrode,Elite,KC,Cypher,2,1,0,0,0,1,0,0,0,65,1,1
511572,Lotus,UNFAKE,VIT,Fade,2,1,0,0,0,0,0,0,0,47,6,0
511572,Lotus,Derke,VIT,Raze,7,0,0,0,0,0,0,0,0,60,0,2
511572,Lotus,KovaQ,VIT,Vyse,7,1,0,0,0,0,0,0,0,65,1,1
511572,Lotus,Less,VIT,Viper,3,0,0,0,1,0,0,0,0,53,2,2
511572,Lotus,Kicks,VIT,Omen,4,0,0,0,0,0,0,0,0,51,1,1
511572,Lotus,MAGNUM,BBL,Deadlock,4,1,0,0,0,2,0,0,0,55,2,1
511572,Lotus,PROFEK,BBL,Omen,3,1,0,0,0,0,1,0,0,44,1,1
511572,Lotus,sociablEE,BBL,Chamber,3,1,0,0,1,1,0,0,0,59,0,1
511572,Lotus,Jamppi,BBL,Fade,1,0,0,0,0,0,0,0,0,29,7,0
511572,Lotus,LewN,BBL,Raze,3,1,0,0,0,0,0,0,0,56,1,1
511572,Icebox,UNFAKE,VIT,Sova,1,1,0,0,0,1,0,0,0,36,4,0
511572,Icebox,Derke,VIT,Jett,3,0,1,0,1,1,0,0,0,46,2,0
511572,Icebox,KovaQ,VIT,Killjoy,0,0,0,0,0,0,0,0,0,20,0,0
511572,Icebox,Less,VIT,Viper,4,1,0,1,0,1,0,1,0,78,0,0
511572,Icebox,Kicks,VIT,Harbor,3,0,0,0,0,0,0,0,0,28,3,0
511572,Icebox,MAGNUM,BBL,Killjoy,5,1,0,0,0,0,1,0,0,68,1,0
511572,Icebox,PROFEK,BBL,Viper,5,1,0,0,0,0,0,0,0,65,0,0
511572,Icebox,sociablEE,BBL,Omen,3,0,0,0,0,0,0,0,0,50,0,0
511572,Icebox,Jamppi,BBL,Sova,1,1,0,0,0,0,0,0,0,62,7,1
511572,Icebox,LewN,BBL,Jett,5,2,0,0,0,0,0,0,0,93,0,1
511572,Bind,UNFAKE,VIT,Gekko,1,0,0,0,0,0,0,0,0,33,3,0
511572,Bind,Derke,VIT,Raze,4,2,0,0,0,0,0,0,0,63,1,1
511572,Bind,KovaQ,VIT,Skye,2,2,0,0,0,1,0,0,0,54,1,0
511572,Bind,Less,VIT,Viper,3,1,0,0,0,0,0,0,0,68,0,1
511572,Bind,Kicks,VIT,Brimstone,1,0,0,0,0,0,0,0,0,34,2,0
511572,Bind,MAGNUM,BBL,Fade,3,1,0,0,0,0,0,0,0,35,1,0
511572,Bind,PROFEK,BBL,Viper,5,1,0,0,0,0,0,0,0,48,0,0
511572,Bind,sociablEE,BBL,Omen,1,1,0,0,0,0,0,0,0,52,0,0
511572,Bind,Jamppi,BBL,Gekko,4,1,0,0,0,0,0,0,0,46,5,2
511572,Bind,LewN,BBL,Yoru,6,0,2,0,0,0,0,0,0,59,3,0
511573,Bind,paTiTek,TL,Skye,4,0,0,0,1,0,0,0,0,41,1,0
511573,Bind,nAts,TL,Viper,4,1,0,0,0,0,0,0,0,43,2,0
511573,Bind,trexx,TL,Gekko,3,0,0,0,1,0,0,0,0,48,8,0
511573,Bind,Keiko,TL,Brimstone,7,1,0,0,0,0,0,0,0,58,0,0
511573,Bind,kamo,TL,Raze,4,3,0,0,0,0,0,0,0,59,1,0
511573,Bind,crashies,FNC,Fade,1,0,0,0,0,0,0,0,0,33,4,0
511573,Bind,Boaster,FNC,Astra,3,0,0,0,0,0,0,0,0,28,1,0
511573,Bind,Chronicle,FNC,Viper,1,0,0,0,0,0,0,0,0,38,1,1
511573,Bind,kaajak,FNC,Raze,1,1,0,0,0,0,0,0,0,48,0,1
511573,Bind,Alfajer,FNC,Tejo,6,2,0,0,0,2,0,0,0,71,1,2
511573,Ascent,paTiTek,TL,Kayo,1,1,0,0,0,1,0,0,0,57,0,2
511573,Ascent,nAts,TL,Cypher,3,0,0,0,1,0,0,0,0,74,0,2
511573,Ascent,trexx,TL,Sova,3,1,0,0,0,1,0,0,0,82,1,2
511573,Ascent,Keiko,TL,Omen,4,1,0,0,0,0,0,0,0,63,1,0
511573,Ascent,kamo,TL,Jett,4,1,0,0,0,0,0,0,0,80,0,0
511573,Ascent,crashies,FNC,Sova,0,1,0,0,0,0,0,0,0,48,1,0
511573,Ascent,Boaster,FNC,Omen,0,0,0,0,0,0,0,0,0,46,2,0
511573,Ascent,Chronicle,FNC,Vyse,1,0,0,0,0,0,0,0,0,23,2,0
511573,Ascent,kaajak,FNC,Yoru,1,2,0,0,0,0,0,0,0,66,0,0
511573,Ascent,Alfajer,FNC,Chamber,1,0,0,0,0,0,0,0,0,27,1,0
511575,Icebox,baddyG,MKOI,Viper,4,2,1,0,1,0,0,0,0,63,2,1
511575,Icebox,MONSTEERR,MKOI,Killjoy,5,0,0,0,1,0,0,0,0,64,0,1
511575,Icebox,flyuh,MKOI,Sova,1,2,0,0,0,0,0,0,0,59,1,0
511575,Icebox,Filu,MKOI,Jett,2,0,0,0,0,0,0,0,0,35,0,0
511575,Icebox,nataNk,MKOI,Sage,1,0,0,0,0,0,0,0,0,19,6,0
511575,Icebox,ANGE1,NAVI,Sova,0,1,0,0,1,0,0,0,0,45,0,1
511575,Icebox,Shao,NAVI,Sage,2,1,0,0,0,0,0,0,0,48,6,1
511575,Icebox,Ruxic,NAVI,Viper,4,2,1,0,0,0,0,1,0,67,1,1
511575,Icebox,alexiiik,NAVI,Jett,4,3,0,0,0,0,0,0,0,64,0,0
511575,Icebox,hiro,NAVI,Killjoy,5,1,0,0,1,0,0,0,0,65,0,1
511575,Corrode,baddyG,MKOI,Omen,5,2,0,0,0,1,1,0,0,62,0,1
511575,Corrode,MONSTEERR,MKOI,Viper,5,1,0,0,1,0,0,0,0,48,0,0
511575,Corrode,flyuh,MKOI,Fade,2,0,0,0,0,0,0,0,0,36,0,1
511575,Corrode,Filu,MKOI,Gekko,5,0,0,0,0,0,0,0,0,44,6,1
511575,Corrode,nataNk,MKOI,Raze,6,1,0,0,0,1,0,0,0,45,1,1
511575,Corrode,ANGE1,NAVI,Gekko,4,0,0,1,1,0,0,0,0,53,4,1
511575,Corrode,Shao,NAVI,Fade,2,0,0,0,1,0,0,0,0,37,2,1
511575,Corrode,Ruxic,NAVI,Viper,3,2,0,0,0,0,0,0,0,46,1,0
511575,Corrode,alexiiik,NAVI,Raze,2,1,0,0,2,0,0,0,0,33,0,1
511575,Corrode,hiro,NAVI,Omen,4,4,1,0,0,0,0,0,0,66,1,0
511575,Ascent,baddyG,MKOI,Omen,3,1,0,0,0,0,0,0,0,50,0,0
511575,Ascent,MONSTEERR,MKOI,Vyse,3,1,0,0,0,0,0,0,0,65,0,0
511575,Ascent,flyuh,MKOI,Sova,2,0,0,0,1,0,0,0,0,39,3,1
511575,Ascent,Filu,MKOI,Chamber,2,0,0,0,0,0,0,0,0,35,0,0
511575,Ascent,nataNk,MKOI,Yoru,0,0,0,0,0,0,0,0,0,27,1,0
511575,Ascent,ANGE1,NAVI,Kayo,4,0,0,0,0,0,0,0,0,59,1,0
511575,Ascent,Shao,NAVI,Sova,2,1,0,0,1,0,0,0,0,84,1,1
511575,Ascent,Ruxic,NAVI,Omen,2,1,0,0,0,1,0,0,0,58,2,0
511575,Ascent,alexiiik,NAVI,Jett,5,3,0,0,1,0,0,0,0,147,0,0
511575,Ascent,hiro,NAVI,Cypher,2,0,0,0,0,1,0,0,0,37,0,1
511576,Bind,MOLSI,APK,Gekko,2,1,0,0,0,0,0,0,0,37,5,0
511576,Bind,AvovA,APK,Brimstone,3,0,0,0,0,0,0,0,0,48,0,0
511576,Bind,penny,APK,Raze,2,0,0,0,1,0,0,0,0,25,1,0
511576,Bind,OLIZERA,APK,Viper,4,0,0,0,1,0,0,0,0,54,0,0
511576,Bind,batujnax,APK,Fade,1,0,0,0,0,0,0,0,0,29,1,0
511576,Bind,crashies,FNC,Fade,4,0,0,0,0,0,0,0,0,65,1,0
511576,Bind,Boaster,FNC,Astra,3,0,0,0,1,0,0,0,0,53,2,1
511576,Bind,Chronicle,FNC,Viper,1,1,0,0,0,0,0,0,0,45,1,0
511576,Bind,kaajak,FNC,Raze,5,2,0,1,0,0,0,0,0,113,0,0
511576,Bind,Alfajer,FNC,Tejo,6,0,0,0,1,0,0,0,0,67,1,1
511576,Lotus,MOLSI,APK,Raze,1,0,0,0,0,0,0,0,0,33,0,0
511576,Lotus,AvovA,APK,Omen,1,3,0,0,0,0,1,0,0,43,1,0
511576,Lotus,penny,APK,Yoru,1,0,1,0,0,0,0,0,0,42,0,1
511576,Lotus,OLIZERA,APK,Vyse,2,1,0,0,0,0,0,0,0,42,0,0
511576,Lotus,batujnax,APK,Fade,4,0,1,0,0,0,0,0,0,58,2,1
511576,Lotus,crashies,FNC,Fade,1,0,1,0,0,0,0,0,0,41,1,0
511576,Lotus,Boaster,FNC,Omen,1,2,0,0,0,0,1,0,0,49,2,0
511576,Lotus,Chronicle,FNC,Viper,2,2,0,0,0,0,0,0,0,75,1,0
511576,Lotus,kaajak,FNC,Raze,3,2,1,0,0,0,0,0,0,73,1,0
511576,Lotus,Alfajer,FNC,Killjoy,4,2,1,0,0,0,0,0,0,67,0,1
511577,Ascent,Cloud,GX,Sova,2,0,0,0,0,0,0,0,0,49,1,1
511577,Ascent,grubinho,GX,Omen,1,1,0,0,0,0,0,0,0,40,2,0
511577,Ascent,Flickless,GX,Kayo,1,0,0,0,0,0,0,0,0,36,4,0
511577,Ascent,ara,GX,Jett,2,1,0,0,0,0,0,0,0,54,1,0
511577,Ascent,westside,GX,Cypher,3,0,1,0,0,0,1,0,0,56,0,0
511577,Ascent,Boo,TH,Omen,0,0,0,0,1,0,0,0,0,40,1,1
511577,Ascent,RieNs,TH,Sova,2,3,1,0,0,0,0,0,0,80,5,1
511577,Ascent,MiniBoo,TH,Yoru,3,1,0,0,0,0,0,0,0,49,1,0
511577,Ascent,Wo0t,TH,Jett,2,0,0,0,1,0,0,0,0,39,0,1
511577,Ascent,benjyfishy,TH,Cypher,5,1,0,0,0,0,0,0,0,58,0,0
511577,Haven,Cloud,GX,Sova,2,0,0,0,0,0,0,0,0,40,1,0
511577,Haven,grubinho,GX,Omen,2,0,0,0,0,0,0,0,0,64,2,0
511577,Haven,Flickless,GX,Breach,1,0,0,0,0,0,0,0,0,32,3,0
511577,Haven,ara,GX,Neon,2,0,0,0,0,0,0,0,0,25,0,0
511577,Haven,westside,GX,Cypher,2,0,0,0,0,1,0,0,0,40,0,0
511577,Haven,Boo,TH,Omen,2,1,0,0,0,0,0,0,0,64,0,0
511577,Haven,RieNs,TH,Sova,5,0,0,0,0,0,0,0,0,94,2,3
511577,Haven,MiniBoo,TH,Yoru,5,2,0,0,0,0,0,0,0,77,0,0
511577,Haven,Wo0t,TH,Iso,2,2,0,0,0,0,0,0,0,62,1,0
511577,Haven,benjyfishy,TH,Cypher,2,0,0,0,1,0,0,0,0,71,0,1
511579,Corrode,kamyk,M8,Viper,4,0,0,0,0,0,0,0,0,65,1,0
511579,Corrode,Veqaj,M8,Fade,1,0,0,0,1,0,0,0,0,39,2,0
511579,Corrode,Minny,M8,Deadlock,2,0,0,0,0,0,0,0,0,32,0,0
511579,Corrode,ComeBack,M8,Neon,2,1,0,0,0,0,0,0,0,48,0,0
511579,Corrode,Proxh,M8,Omen,3,0,0,0,0,0,0,0,0,53,2,0
511579,Corrode,UNFAKE,VIT,Sova,4,2,0,0,0,1,0,0,0,83,4,0
511579,Corrode,Derke,VIT,Yoru,5,1,0,0,0,0,0,0,0,64,0,1
511579,Corrode,KovaQ,VIT,Fade,5,0,0,0,0,0,0,0,0,47,0,1
511579,Corrode,Less,VIT,Chamber,3,0,0,0,0,0,0,0,0,62,0,0
511579,Corrode,Kicks,VIT,Omen,3,0,0,0,0,0,0,0,0,41,0,0
511579,Lotus,kamyk,M8,Breach,2,0,0,0,0,0,0,0,0,36,3,0
511579,Lotus,Veqaj,M8,Sova,3,1,0,0,0,1,0,0,0,47,5,0
511579,Lotus,Minny,M8,Viper,5,1,1,0,0,0,1,0,0,81,0,1
511579,Lotus,ComeBack,M8,Neon,3,3,0,0,0,0,0,0,0,61,0,1
511579,Lotus,Proxh,M8,Omen,1,0,0,0,0,0,0,0,0,45,1,1
511579,Lotus,UNFAKE,VIT,Fade,2,2,1,0,0,0,0,0,0,52,3,0
511579,Lotus,Derke,VIT,Raze,3,0,1,0,0,0,0,0,0,50,1,1
511579,Lotus,KovaQ,VIT,Vyse,1,1,0,0,0,0,0,0,0,32,0,1
511579,Lotus,Less,VIT,Viper,2,1,0,0,1,0,0,0,0,53,0,3
511579,Lotus,Kicks,VIT,Omen,2,1,0,0,0,0,0,0,0,38,0,0
511579,Ascent,kamyk,M8,Kayo,4,2,0,0,1,1,0,0,0,52,4,1
511579,Ascent,Veqaj,M8,Sova,2,0,0,0,0,0,0,0,0,41,1,0
511579,Ascent,Minny,M8,Killjoy,5,1,0,0,0,0,0,0,0,63,0,0
511579,Ascent,ComeBack,M8,Jett,2,2,0,1,1,1,0,0,0,61,1,0
511579,Ascent,Proxh,M8,Omen,2,1,0,0,0,0,0,0,0,38,0,0
511579,Ascent,UNFAKE,VIT,Sova,2,0,0,0,0,0,0,0,0,37,2,2
511579,Ascent,Derke,VIT,Jett,6,0,0,0,1,0,0,0,0,81,1,0
511579,Ascent,KovaQ,VIT,Kayo,6,1,0,0,1,0,0,0,0,54,1,1
511579,Ascent,Less,VIT,Cypher,2,1,0,0,1,0,0,0,0,43,0,0
511579,Ascent,Kicks,VIT,Omen,5,1,0,0,2,0,0,0,0,74,1,1
511580,Sunset,cNed,FUT,Omen,7,0,0,0,1,0,0,0,0,59,1,0
511580,Sunset,qRaxs,FUT,Kayo,2,0,0,0,0,0,0,0,0,43,2,1
511580,Sunset,MrFaliN,FUT,Fade,3,0,2,0,1,0,0,0,0,51,2,0
511580,Sunset,yetujey,FUT,Cypher,2,0,0,0,0,0,0,0,0,41,1,0
511580,Sunset,xeus,FUT,Raze,2,1,0,0,0,0,0,0,0,49,0,0
511580,Sunset,MAGNUM,BBL,Viper,0,1,0,0,0,0,0,0,0,41,0,0
511580,Sunset,PROFEK,BBL,Omen,3,0,0,0,0,0,0,0,0,39,0,0
511580,Sunset,sociablEE,BBL,Deadlock,4,0,1,0,0,0,0,0,0,57,3,0
511580,Sunset,Jamppi,BBL,Sova,3,0,0,0,1,0,0,0,0,48,3,0
511580,Sunset,LewN,BBL,Neon,3,2,0,1,0,0,0,0,0,64,2,0
511580,Ascent,cNed,FUT,Omen,2,0,0,0,0,0,0,0,0,27,1,0
511580,Ascent,qRaxs,FUT,Kayo,2,1,0,0,0,1,0,0,0,52,2,1
511580,Ascent,MrFaliN,FUT,Sova,2,1,1,0,1,0,0,0,0,50,2,0
511580,Ascent,yetujey,FUT,Vyse,4,0,2,0,1,1,0,0,0,70,1,0
511580,Ascent,xeus,FUT,Jett,6,1,0,0,0,0,0,0,0,44,0,0
511580,Ascent,MAGNUM,BBL,Vyse,6,0,0,0,0,0,0,0,0,61,1,1
511580,Ascent,PROFEK,BBL,Omen,1,1,1,0,0,0,0,0,0,46,0,0
511580,Ascent,sociablEE,BBL,Chamber,5,0,0,0,0,0,0,0,0,47,0,0
511580,Ascent,Jamppi,BBL,Sova,3,2,1,0,0,1,0,0,0,85,6,0
511580,Ascent,LewN,BBL,Yoru,1,0,1,0,1,0,0,0,0,43,0,1
511581,Lotus,paTiTek,TL,Omen,2,0,0,0,0,0,0,0,0,36,0,0
511581,Lotus,nAts,TL,Vyse,3,0,0,0,0,0,0,0,0,50,1,0
511581,Lotus,trexx,TL,Fade,4,1,0,1,0,0,0,0,0,54,8,1
511581,Lotus,Keiko,TL,Raze,4,3,0,0,0,0,0,0,0,48,1,1
511581,Lotus,kamo,TL,Yoru,5,0,0,0,0,0,0,0,0,45,0,2
511581,Lotus,saadhak,KC,Cypher,1,0,1,0,0,0,0,0,0,42,0,0
511581,Lotus,SUYGETSU,KC,Omen,3,0,0,0,0,0,0,0,0,47,1,0
511581,Lotus,Avez,KC,Raze,4,1,0,0,0,0,0,0,0,45,1,0
511581,Lotus,pyrolll,KC,Fade,1,0,0,0,0,0,0,0,0,23,7,1
511581,Lotus,marteen,KC,Yoru,4,2,0,0,0,0,0,0,0,57,0,2
511581,Bind,paTiTek,TL,Skye,3,2,0,0,1,0,0,0,0,56,2,0
511581,Bind,nAts,TL,Viper,5,2,0,0,0,0,0,0,0,53,1,0
511581,Bind,trexx,TL,Gekko,2,2,0,0,0,0,0,0,0,42,9,0
511581,Bind,Keiko,TL,Brimstone,2,1,0,0,0,0,0,0,0,29,0,0
511581,Bind,kamo,TL,Raze,2,1,1,0,0,0,0,0,0,42,0,0
511581,Bind,saadhak,KC,Deadlock,5,0,0,0,0,0,0,0,0,37,1,1
511581,Bind,SUYGETSU,KC,Astra,6,2,0,0,1,1,1,0,0,65,2,0
511581,Bind,Avez,KC,Gekko,4,1,0,0,0,0,1,0,0,39,5,2
511581,Bind,pyrolll,KC,Vyse,5,1,1,0,0,0,1,0,0,51,2,1
511581,Bind,marteen,KC,Yoru,3,2,0,1,0,0,0,0,0,47,1,0
511581,Sunset,paTiTek,TL,Omen,6,0,0,0,1,0,0,0,0,58,0,0
511581,Sunset,nAts,TL,Cypher,7,0,0,0,0,0,0,0,0,49,0,0
511581,Sunset,trexx,TL,Fade,2,2,0,0,0,0,0,0,0,45,8,1
511581,Sunset,Keiko,TL,Raze,2,2,0,0,0,0,0,0,0,49,0,2
511581,Sunset,kamo,TL,Yoru,2,1,0,0,0,0,0,0,0,34,1,1
511581,Sunset,saadhak,KC,Cypher,2,1,0,0,0,0,0,0,0,45,2,1
511581,Sunset,SUYGETSU,KC,Omen,4,2,0,0,1,1,1,0,0,56,0,2
511581,Sunset,Avez,KC,Phoenix,2,0,2,0,0,0,0,0,0,38,0,0
511581,Sunset,pyrolll,KC,Sova,0,0,0,0,0,0,0,0,0,25,8,1
511581,Sunset,marteen,KC,Yoru,8,2,0,0,0,0,0,0,0,65,0,0
530924,Corrode,crashies,FNC,Fade,1,0,0,0,0,0,0,0,0,30,4,0
530924,Corrode,Boaster,FNC,Astra,0,1,0,0,0,0,0,0,0,36,1,0
530924,Corrode,Chronicle,FNC,Viper,6,0,1,0,0,0,0,0,0,75,1,0
530924,Corrode,kaajak,FNC,Yoru,3,1,2,1,0,0,0,0,0,62,1,0
530924,Corrode,Alfajer,FNC,Vyse,2,3,0,0,0,0,0,0,0,69,1,0
530924,Corrode,MAGNUM,BBL,Fade,2,3,0,0,1,0,0,0,0,73,0,0
530924,Corrode,PROFEK,BBL,Viper,2,0,0,0,0,0,0,0,0,50,0,0
530924,Corrode,sociablEE,BBL,Omen,1,0,0,0,0,0,0,0,0,37,0,1
530924,Corrode,Jamppi,BBL,Gekko,2,0,0,0,0,1,0,0,0,46,1,0
530924,Corrode,LewN,BBL,Yoru,1,0,0,0,0,0,0,0,0,27,0,0
530924,Ascent,crashies,FNC,Sova,2,2,0,0,1,0,0,0,0,54,1,1
530924,Ascent,Boaster,FNC,Omen,0,1,0,0,0,0,0,0,0,39,2,0
530924,Ascent,Chronicle,FNC,Vyse,2,0,0,0,1,0,0,0,0,38,0,1
530924,Ascent,kaajak,FNC,Yoru,0,2,0,0,0,1,0,0,0,52,1,0
530924,Ascent,Alfajer,FNC,Chamber,2,0,0,0,0,0,0,0,0,45,0,0
530924,Ascent,MAGNUM,BBL,Fade,2,2,0,0,0,0,0,0,0,55,1,1
530924,Ascent,PROFEK,BBL,Omen,2,2,0,0,0,1,0,0,0,58,0,0
530924,Ascent,sociablEE,BBL,Tejo,4,0,0,0,0,0,0,0,0,56,1,0
530924,Ascent,Jamppi,BBL,Kayo,2,0,0,0,0,0,0,0,0,44,6,0
530924,Ascent,LewN,BBL,Jett,3,3,0,0,1,0,0,0,0,81,0,1
530924,Haven,crashies,FNC,Sova,2,0,0,0,0,0,0,0,0,30,6,0
530924,Haven,Boaster,FNC,Omen,3,1,0,0,0,0,0,0,0,46,1,0
530924,Haven,Chronicle,FNC,Viper,5,2,0,0,1,0,0,0,0,84,1,0
530924,Haven,kaajak,FNC,Neon,2,3,0,0,0,0,0,0,0,44,0,0
530924,Haven,Alfajer,FNC,Killjoy,2,0,0,0,0,0,0,0,0,51,3,0
530924,Haven,MAGNUM,BBL,Cypher,3,4,0,0,0,0,1,0,0,65,0,1
530924,Haven,PROFEK,BBL,Omen,3,0,0,0,0,0,0,0,0,35,0,0
530924,Haven,sociablEE,BBL,Sova,2,1,0,0,0,1,0,0,0,49,0,0
530924,Haven,Jamppi,BBL,Breach,1,1,0,0,0,0,1,0,0,54,8,0
530924,Haven,LewN,BBL,Jett,1,2,0,0,0,0,0,0,0,54,0,2
530925,Bind,Cloud,GX,Fade,3,1,0,0,0,0,0,0,0,77,1,0
530925,Bind,grubinho,GX,Astra,2,1,0,0,1,0,0,0,0,54,0,1
530925,Bind,Flickless,GX,Kayo,1,0,0,0,0,0,0,0,0,32,1,2
530925,Bind,ara,GX,Raze,1,0,0,0,0,0,0,0,0,41,1,0
530925,Bind,westside,GX,Viper,1,0,0,0,0,0,0,0,0,41,0,0
530925,Bind,ANGE1,NAVI,Kayo,2,2,0,0,0,0,0,0,0,61,1,0
530925,Bind,Shao,NAVI,Fade,3,2,1,0,1,0,0,0,0,79,7,0
530925,Bind,Ruxic,NAVI,Omen,3,1,0,0,1,0,0,0,0,50,4,0
530925,Bind,alexiiik,NAVI,Raze,1,1,0,0,0,0,0,0,0,57,0,1
530925,Bind,hiro,NAVI,Viper,1,0,0,0,0,0,0,0,0,52,0,0
530925,Haven,Cloud,GX,Sova,2,1,0,0,0,0,0,0,0,48,1,0
530925,Haven,grubinho,GX,Omen,1,1,0,0,0,0,0,0,0,52,4,0
530925,Haven,Flickless,GX,Breach,3,0,0,0,0,0,1,0,0,36,3,1
530925,Haven,ara,GX,Neon,4,2,2,0,0,0,0,0,0,103,0,1
530925,Haven,westside,GX,Cypher,3,1,0,0,0,0,0,0,0,47,2,0
530925,Haven,ANGE1,NAVI,Sova,1,1,0,0,0,0,0,0,0,27,3,0
530925,Haven,Shao,NAVI,Omen,1,1,0,0,0,0,0,0,0,52,0,1
530925,Haven,Ruxic,NAVI,Viper,4,1,0,0,0,0,0,0,0,93,1,0
530925,Haven,alexiiik,NAVI,Neon,2,1,0,0,0,0,0,0,0,43,0,0
530925,Haven,hiro,NAVI,Killjoy,2,0,0,0,0,0,0,0,0,30,1,2
530925,Ascent,Cloud,GX,Sova,2,2,0,0,0,0,0,0,0,52,3,1
530925,Ascent,grubinho,GX,Omen,2,1,1,0,0,2,0,0,0,64,0,1
530925,Ascent,Flickless,GX,Kayo,3,0,0,0,0,0,0,0,0,55,1,1
530925,Ascent,ara,GX,Jett,3,2,0,0,0,1,0,0,0,58,0,0
530925,Ascent,westside,GX,Cypher,3,2,0,0,0,0,0,0,0,54,0,0
530925,Ascent,ANGE1,NAVI,Kayo,0,0,0,0,0,1,0,0,0,22,1,0
530925,Ascent,Shao,NAVI,Sova,2,1,1,0,0,0,0,0,0,85,0,1
530925,Ascent,Ruxic,NAVI,Omen,3,0,1,0,0,0,0,0,0,47,2,0
530925,Ascent,alexiiik,NAVI,Jett,3,2,0,0,0,0,0,0,0,59,2,0
530925,Ascent,hiro,NAVI,Cypher,1,0,0,0,0,0,0,0,0,27,0,0
530928,Icebox,Boo,TH,Viper,2,0,0,0,0,1,0,0,0,51,4,0
530928,Icebox,RieNs,TH,Sova,2,0,0,0,0,0,0,0,0,54,2,0
530928,Icebox,MiniBoo,TH,Yoru,1,1,0,0,0,0,0,0,0,47,0,0
530928,Icebox,Wo0t,TH,Jett,2,1,0,0,1,0,0,0,0,55,0,0
530928,Icebox,benjyfishy,TH,Killjoy,4,1,0,0,0,0,0,0,0,58,2,0
530928,Icebox,MAGNUM,BBL,Killjoy,2,1,1,0,0,0,0,0,0,68,1,0
530928,Icebox,PROFEK,BBL,Viper,4,1,0,1,1,0,0,0,0,66,1,0
530928,Icebox,sociablEE,BBL,Omen,2,2,0,0,1,0,0,0,0,51,0,1
530928,Icebox,Jamppi,BBL,Sova,5,1,0,0,0,0,0,0,0,73,3,1
530928,Icebox,LewN,BBL,Jett,2,0,1,0,2,0,0,0,0,63,0,2
530928,Ascent,Boo,TH,Omen,4,0,0,0,1,0,0,0,0,69,2,0
530928,Ascent,RieNs,TH,Sova,6,0,1,0,1,0,0,0,0,68,4,2
530928,Ascent,MiniBoo,TH,Yoru,1,0,1,0,0,0,0,0,0,56,0,1
530928,Ascent,Wo0t,TH,Jett,3,0,0,0,0,0,0,0,0,47,0,0
530928,Ascent,benjyfishy,TH,Cypher,3,0,0,0,0,0,0,0,0,50,1,0
530928,Ascent,MAGNUM,BBL,Fade,2,2,0,0,0,0,0,0,0,48,1,0
530928,Ascent,PROFEK,BBL,Omen,4,0,0,0,0,0,0,0,0,39,0,0
530928,Ascent,sociablEE,BBL,Tejo,6,0,0,0,1,1,0,0,0,44,1,2
530928,Ascent,Jamppi,BBL,Kayo,3,1,0,0,0,0,0,0,0,42,6,0
530928,Ascent,LewN,BBL,Jett,6,1,0,0,0,0,0,0,0,65,1,0
530929,Sunset,paTiTek,TL,Omen,3,0,0,0,1,0,0,0,0,63,0,1
530929,Sunset,nAts,TL,Cypher,4,1,0,0,0,0,0,0,0,64,0,0
530929,Sunset,trexx,TL,Fade,1,1,0,0,1,0,0,0,0,51,2,1
530929,Sunset,Keiko,TL,Raze,5,0,1,0,0,0,0,0,0,75,1,3
530929,Sunset,kamo,TL,Yoru,1,1,0,0,0,0,0,0,0,59,0,0
530929,Sunset,Cloud,GX,Sova,1,0,0,0,0,0,0,0,0,54,1,0
530929,Sunset,grubinho,GX,Omen,1,0,0,0,0,0,0,0,0,27,0,0
530929,Sunset,Flickless,GX,Breach,3,1,0,0,0,0,0,0,0,53,5,1
530929,Sunset,ara,GX,Neon,3,2,0,0,0,0,0,0,0,52,0,1
530929,Sunset,westside,GX,Cypher,0,1,0,0,0,0,0,0,0,42,0,0
530929,Corrode,paTiTek,TL,Deadlock,1,1,0,0,0,0,0,0,0,36,1,1
530929,Corrode,nAts,TL,Viper,0,2,0,0,0,0,0,0,0,37,0,0
530929,Corrode,trexx,TL,Fade,2,0,0,0,0,0,0,0,0,26,4,0
530929,Corrode,Keiko,TL,Omen,4,2,1,0,1,0,0,0,0,81,1,1
530929,Corrode,kamo,TL,Yoru,3,0,1,0,0,0,0,0,0,47,0,0
530929,Corrode,Cloud,GX,Fade,2,0,1,0,1,0,0,0,0,79,0,0
530929,Corrode,grubinho,GX,Omen,1,1,0,0,0,0,0,0,0,39,0,0
530929,Corrode,Flickless,GX,Kayo,3,1,0,0,0,0,0,0,0,57,4,3
530929,Corrode,ara,GX,Neon,4,1,0,0,0,0,0,0,0,50,0,0
530929,Corrode,westside,GX,Cypher,4,1,1,0,0,1,0,0,0,77,2,0
530929,Ascent,paTiTek,TL,Kayo,9,1,0,0,1,0,0,0,0,59,2,0
530929,Ascent,nAts,TL,Cypher,1,1,0,0,0,0,0,0,0,27,0,0
530929,Ascent,trexx,TL,Sova,2,2,0,0,0,1,0,0,0,53,6,0
530929,Ascent,Keiko,TL,Omen,5,1,0,0,0,1,0,0,0,48,0,0
530929,Ascent,kamo,TL,Jett,1,2,0,0,0,0,0,0,0,40,0,0
530929,Ascent,Cloud,GX,Sova,2,0,0,0,0,0,0,0,0,41,0,1
530929,Ascent,grubinho,GX,Omen,1,0,0,0,0,0,0,0,0,31,0,0
530929,Ascent,Flickless,GX,Kayo,2,2,1,0,0,1,0,0,0,70,3,0
530929,Ascent,ara,GX,Jett,1,2,0,0,2,0,0,0,0,50,1,1
530929,Ascent,westside,GX,Cypher,4,2,0,0,0,0,0,0,0,57,0,0
530926,Haven,crashies,FNC,Sova,2,2,1,0,1,1,0,0,0,65,5,2
530926,Haven,Boaster,FNC,Omen,1,2,0,0,0,0,0,0,0,22,2,0
530926,Haven,Chronicle,FNC,Viper,1,2,0,0,0,0,1,0,0,51,2,0
530926,Haven,kaajak,FNC,Neon,0,0,0,0,0,0,0,0,0,28,0,0
530926,Haven,Alfajer,FNC,Killjoy,3,2,0,0,0,0,0,0,0,55,0,0
530926,Haven,saadhak,KC,Cypher,4,0,0,0,0,0,0,0,0,39,2,0
530926,Haven,SUYGETSU,KC,Omen,3,1,0,0,0,1,0,0,0,41,2,0
530926,Haven,Avez,KC,Phoenix,5,3,0,0,0,0,0,0,0,55,1,1
530926,Haven,pyrolll,KC,Sova,2,2,0,0,0,1,0,0,0,54,5,0
530926,Haven,marteen,KC,Yoru,4,2,1,0,0,1,0,0,0,47,0,1
530926,Corrode,crashies,FNC,Fade,1,2,0,0,0,0,0,0,0,57,4,0
530926,Corrode,Boaster,FNC,Astra,2,0,0,0,1,0,0,0,0,34,3,0
530926,Corrode,Chronicle,FNC,Viper,3,1,3,0,0,1,0,0,0,80,0,1
530926,Corrode,kaajak,FNC,Yoru,4,0,1,0,0,1,0,0,0,41,0,0
530926,Corrode,Alfajer,FNC,Vyse,3,1,1,0,0,0,0,0,0,47,0,0
530926,Corrode,saadhak,KC,Kayo,2,1,0,0,0,0,0,0,0,48,0,2
530926,Corrode,SUYGETSU,KC,Omen,4,2,0,0,0,0,0,0,0,47,1,0
530926,Corrode,Avez,KC,Sova,1,1,0,0,1,0,0,0,0,41,2,0
530926,Corrode,pyrolll,KC,Fade,6,1,0,0,0,0,0,0,0,46,1,1
530926,Corrode,marteen,KC,Brimstone,5,1,0,0,0,0,0,0,0,42,1,0
530926,Bind,crashies,FNC,Fade,4,0,0,0,1,0,0,0,0,39,4,3
530926,Bind,Boaster,FNC,Astra,2,0,0,0,0,0,0,0,0,34,2,0
530926,Bind,Chronicle,FNC,Viper,4,0,1,1,1,0,0,0,0,65,1,0
530926,Bind,kaajak,FNC,Yoru,4,0,0,0,0,0,0,0,0,53,0,0
530926,Bind,Alfajer,FNC,Tejo,2,1,0,0,1,0,0,0,0,45,0,1
530926,Bind,saadhak,KC,Deadlock,1,2,0,0,0,0,0,0,0,45,0,0
530926,Bind,SUYGETSU,KC,Astra,7,1,0,0,0,0,0,0,0,80,0,1
530926,Bind,Avez,KC,Gekko,2,0,1,0,1,0,0,0,0,42,2,1
530926,Bind,pyrolll,KC,Vyse,0,0,0,0,0,0,0,0,0,21,0,0
530926,Bind,marteen,KC,Yoru,3,1,0,0,0,0,0,0,0,38,2,0
530927,Haven,ANGE1,NAVI,Sova,0,0,0,0,0,0,0,0,0,35,3,0
530927,Haven,Shao,NAVI,Omen,5,0,0,0,0,0,0,0,0,47,5,0
530927,Haven,Ruxic,NAVI,Viper,2,1,0,0,0,0,0,0,0,71,1,0
530927,Haven,alexiiik,NAVI,Neon,5,1,0,0,0,0,0,0,0,60,0,3
530927,Haven,hiro,NAVI,Killjoy,3,1,0,0,0,0,0,0,0,50,0,0
530927,Haven,Sayf,VIT,Iso,2,0,0,0,0,0,0,0,0,49,0,1
530927,Haven,UNFAKE,VIT,Sova,4,1,0,0,0,0,0,0,0,58,1,2
530927,Haven,Derke,VIT,Yoru,2,2,0,0,0,0,0,0,0,51,0,0
530927,Haven,Less,VIT,Cypher,2,0,0,0,0,0,0,0,0,44,1,0
530927,Haven,Kicks,VIT,Omen,1,0,0,0,0,1,0,0,0,32,2,0
530927,Bind,ANGE1,NAVI,Kayo,3,0,0,0,1,0,0,0,0,45,2,0
530927,Bind,Shao,NAVI,Fade,2,0,0,0,0,0,0,0,0,35,2,0
530927,Bind,Ruxic,NAVI,Omen,6,1,1,0,0,0,0,0,0,73,2,0
530927,Bind,alexiiik,NAVI,Raze,3,0,0,0,0,0,0,0,0,47,1,2
530927,Bind,hiro,NAVI,Viper,6,3,0,0,1,0,0,0,0,60,0,0
530927,Bind,Sayf,VIT,Vyse,2,1,0,0,1,0,1,0,0,67,0,1
530927,Bind,UNFAKE,VIT,Fade,1,1,0,0,0,0,0,0,0,42,3,0
530927,Bind,Derke,VIT,Yoru,1,3,0,0,0,0,0,0,0,53,1,0
530927,Bind,Less,VIT,Viper,5,0,0,0,0,0,0,0,0,50,0,1
530927,Bind,Kicks,VIT,Brimstone,3,2,0,0,0,0,0,0,0,57,1,1
530930,Lotus,Cloud,GX,Fade,5,1,0,0,0,0,0,0,0,51,6,0
530930,Lotus,grubinho,GX,Omen,4,0,0,0,0,1,0,0,0,60,0,0
530930,Lotus,Flickless,GX,Viper,8,1,0,0,1,0,0,0,0,82,3,2
530930,Lotus,ara,GX,Raze,0,0,0,0,0,0,0,0,0,30,0,0
530930,Lotus,westside,GX,Cypher,3,0,0,0,0,0,0,0,0,31,0,0
530930,Lotus,crashies,FNC,Fade,0,1,0,0,0,0,0,0,0,39,4,1
530930,Lotus,Boaster,FNC,Omen,1,0,0,0,1,0,0,0,0,29,0,1
530930,Lotus,Chronicle,FNC,Viper,5,0,0,0,0,0,0,0,0,56,3,0
530930,Lotus,kaajak,FNC,Raze,4,0,0,0,0,0,0,0,0,60,0,0
530930,Lotus,Alfajer,FNC,Killjoy,6,1,0,0,1,0,0,0,0,73,0,1
530930,Sunset,Cloud,GX,Sova,2,1,0,0,0,0,0,0,0,66,2,2
530930,Sunset,grubinho,GX,Omen,2,0,0,0,0,0,0,0,0,50,0,0
530930,Sunset,Flickless,GX,Breach,4,2,0,0,0,0,0,0,0,50,8,0
530930,Sunset,ara,GX,Neon,1,2,0,0,0,0,0,0,0,49,0,0
530930,Sunset,westside,GX,Cypher,3,1,0,0,1,0,0,0,0,54,0,1
530930,Sunset,crashies,FNC,Sova,2,0,0,0,1,1,0,0,0,46,6,0
530930,Sunset,Boaster,FNC,Omen,4,1,0,0,0,0,0,0,0,45,3,0
530930,Sunset,Chronicle,FNC,Cypher,4,1,0,0,1,0,0,0,0,53,0,2
530930,Sunset,kaajak,FNC,Yoru,8,2,0,0,0,0,0,0,0,92,0,1
530930,Sunset,Alfajer,FNC,Neon,1,1,0,0,0,0,0,0,0,30,0,0
530931,Icebox,Boo,TH,Viper,0,0,0,0,0,0,0,0,0,27,2,0
530931,Icebox,RieNs,TH,Sova,2,0,0,0,0,0,0,0,0,46,1,0
530931,Icebox,MiniBoo,TH,Yoru,0,0,0,1,0,0,0,0,0,45,0,0
530931,Icebox,Wo0t,TH,Jett,3,0,0,0,0,0,0,1,0,65,0,1
530931,Icebox,benjyfishy,TH,Killjoy,2,1,0,0,0,0,0,0,0,53,0,0
530931,Icebox,ANGE1,NAVI,Sova,3,0,0,0,0,0,0,0,0,61,3,0
530931,Icebox,Shao,NAVI,Sage,2,1,0,0,0,0,1,0,0,58,6,1
530931,Icebox,Ruxic,NAVI,Viper,7,0,0,0,1,0,0,0,0,78,1,0
530931,Icebox,alexiiik,NAVI,Jett,4,0,0,0,0,0,0,0,0,56,0,0
530931,Icebox,hiro,NAVI,Killjoy,6,1,0,0,2,0,0,0,0,74,0,2
530931,Haven,Boo,TH,Omen,3,0,0,0,0,0,0,0,0,45,2,1
530931,Haven,RieNs,TH,Sova,2,1,0,0,1,0,0,0,0,41,1,1
530931,Haven,MiniBoo,TH,Yoru,2,0,0,0,0,0,0,0,0,52,0,0
530931,Haven,Wo0t,TH,Iso,2,1,0,0,1,0,0,0,0,58,0,1
530931,Haven,benjyfishy,TH,Cypher,3,1,0,0,1,0,0,0,0,55,1,0
530931,Haven,ANGE1,NAVI,Sova,1,0,0,0,1,0,0,0,0,27,4,1
530931,Haven,Shao,NAVI,Omen,2,1,1,1,1,0,0,0,0,74,3,1
530931,Haven,Ruxic,NAVI,Viper,2,0,1,1,0,1,0,0,0,66,2,0
530931,Haven,alexiiik,NAVI,Neon,1,1,0,0,0,0,0,0,0,46,0,0
530931,Haven,hiro,NAVI,Killjoy,3,2,0,0,0,0,0,0,0,52,1,1
530932,Ascent,MAGNUM,BBL,Fade,3,0,0,0,0,0,0,0,0,44,0,0
530932,Ascent,PROFEK,BBL,Omen,3,2,0,0,0,0,0,0,0,63,1,0
530932,Ascent,sociablEE,BBL,Tejo,0,0,0,0,0,1,0,0,0,25,2,0
530932,Ascent,Jamppi,BBL,Kayo,2,1,0,0,1,0,0,0,0,52,4,2
530932,Ascent,LewN,BBL,Jett,2,1,1,0,0,0,0,0,0,53,0,0
530932,Ascent,paTiTek,TL,Kayo,2,1,1,0,0,0,0,0,0,60,3,2
530932,Ascent,nAts,TL,Cypher,6,1,0,0,0,0,0,0,0,66,0,0
530932,Ascent,trexx,TL,Sova,3,2,0,0,2,0,0,0,0,66,4,0
530932,Ascent,Keiko,TL,Omen,2,1,0,0,0,0,0,0,0,40,0,0
530932,Ascent,kamo,TL,Jett,2,1,0,0,0,0,0,0,0,38,0,0
530932,Sunset,MAGNUM,BBL,Viper,0,1,0,0,0,0,0,1,0,39,0,2
530932,Sunset,PROFEK,BBL,Omen,4,1,0,0,1,0,0,0,0,44,1,1
530932,Sunset,sociablEE,BBL,Deadlock,4,6,1,0,0,1,0,0,0,108,0,1
530932,Sunset,Jamppi,BBL,Sova,0,2,0,0,0,0,0,0,0,46,8,0
530932,Sunset,LewN,BBL,Neon,1,1,0,0,0,0,0,0,0,38,0,1
530932,Sunset,paTiTek,TL,Omen,3,0,0,0,0,0,0,0,0,41,2,0
530932,Sunset,nAts,TL,Cypher,3,0,0,0,1,0,0,0,0,52,0,1
530932,Sunset,trexx,TL,Fade,1,1,0,0,0,0,0,0,0,43,4,0
530932,Sunset,Keiko,TL,Raze,6,2,0,0,0,0,0,0,0,58,1,2
530932,Sunset,kamo,TL,Yoru,3,1,0,0,1,0,0,0,0,55,2,2
530932,Bind,MAGNUM,BBL,Viper,4,1,0,0,0,0,0,0,0,38,0,1
530932,Bind,PROFEK,BBL,Brimstone,4,1,1,0,0,0,0,0,0,64,1,0
530932,Bind,sociablEE,BBL,Yoru,1,2,0,0,0,0,0,0,0,37,0,0
530932,Bind,Jamppi,BBL,Fade,2,0,0,0,0,0,0,0,0,47,7,1
530932,Bind,LewN,BBL,Iso,4,2,0,0,0,1,0,0,0,53,0,1
530932,Bind,paTiTek,TL,Skye,5,0,0,0,1,0,0,0,0,48,1,2
530932,Bind,nAts,TL,Viper,3,3,1,1,1,1,0,0,0,87,2,0
530932,Bind,trexx,TL,Gekko,3,2,0,0,0,1,0,0,0,48,6,1
530932,Bind,Keiko,TL,Brimstone,2,0,0,0,0,0,0,0,0,48,1,0
530932,Bind,kamo,TL,Raze,2,0,0,0,0,0,0,0,0,34,0,0
530933,Icebox,Cloud,GX,Gekko,1,0,0,0,0,0,0,0,0,29,5,0
530933,Icebox,grubinho,GX,Viper,1,0,0,0,0,0,0,0,0,35,0,0
530933,Icebox,Flickless,GX,Kayo,3,1,0,0,0,0,0,0,0,65,1,1
530933,Icebox,ara,GX,Jett,2,1,0,0,0,0,0,0,0,72,0,0
530933,Icebox,westside,GX,Killjoy,1,3,0,0,1,1,0,0,0,59,0,1
530933,Icebox,ANGE1,NAVI,Sova,2,0,0,0,0,0,0,0,0,52,0,0
530933,Icebox,Shao,NAVI,Sage,1,0,0,0,0,0,0,0,0,29,8,0
530933,Icebox,Ruxic,NAVI,Viper,7,0,0,0,0,0,0,0,0,78,1,1
530933,Icebox,alexiiik,NAVI,Jett,4,0,0,0,0,0,0,0,0,52,1,1
530933,Icebox,hiro,NAVI,Killjoy,3,2,0,0,0,0,0,0,0,83,1,1
530933,Sunset,Cloud,GX,Sova,7,0,0,0,0,0,0,0,0,67,3,0
530933,Sunset,grubinho,GX,Omen,1,1,0,0,0,0,0,0,0,29,1,0
530933,Sunset,Flickless,GX,Breach,3,0,0,0,0,0,0,0,0,62,2,0
530933,Sunset,ara,GX,Neon,5,2,0,0,0,0,0,0,0,88,0,2
530933,Sunset,westside,GX,Cypher,3,0,1,0,0,0,0,0,0,55,0,0
530933,Sunset,ANGE1,NAVI,Breach,0,0,0,0,0,0,0,0,0,23,1,0
530933,Sunset,Shao,NAVI,Fade,2,0,1,0,1,0,0,0,0,67,3,0
530933,Sunset,Ruxic,NAVI,Omen,2,1,0,0,0,1,0,0,0,48,3,0
530933,Sunset,alexiiik,NAVI,Raze,2,0,0,0,0,0,0,0,0,25,0,0
530933,Sunset,hiro,NAVI,Cypher,3,1,0,0,0,0,0,0,0,54,0,0
530933,Haven,Cloud,GX,Sova,2,0,0,0,0,0,0,0,0,56,1,1
530933,Haven,grubinho,GX,Omen,3,1,0,0,0,0,0,0,0,71,0,0
530933,Haven,Flickless,GX,Breach,1,0,0,0,0,0,0,0,0,39,3,0
530933,Haven,ara,GX,Neon,4,2,0,0,2,0,0,0,0,75,1,0
530933,Haven,westside,GX,Cypher,2,3,0,0,0,0,0,0,0,69,0,0
530933,Haven,ANGE1,NAVI,Sova,2,0,0,0,0,0,0,0,0,30,0,0
530933,Haven,Shao,NAVI,Omen,1,0,0,0,0,0,0,0,0,31,3,0
530933,Haven,Ruxic,NAVI,Viper,3,0,0,0,0,0,0,0,0,49,0,0
530933,Haven,alexiiik,NAVI,Neon,2,0,1,0,0,0,0,0,0,46,0,1
530933,Haven,hiro,NAVI,Killjoy,3,0,1,0,0,0,0,0,0,57,1,0
530934,Ascent,MAGNUM,BBL,Fade,2,0,0,0,0,0,0,0,0,44,1,0
530934,Ascent,PROFEK,BBL,Omen,0,0,0,0,0,0,0,0,0,23,0,0
530934,Ascent,sociablEE,BBL,Tejo,0,2,0,0,0,0,0,0,0,58,0,0
530934,Ascent,Jamppi,BBL,Kayo,1,0,0,0,0,0,0,0,0,51,2,0
530934,Ascent,LewN,BBL,Jett,1,0,0,0,0,0,0,0,0,27,1,0
530934,Ascent,Cloud,GX,Sova,1,0,0,0,0,0,0,0,0,52,0,1
530934,Ascent,grubinho,GX,Omen,2,1,0,0,0,1,0,0,0,74,1,0
530934,Ascent,Flickless,GX,Kayo,4,2,0,0,0,0,0,0,0,95,2,1
530934,Ascent,ara,GX,Jett,4,1,0,0,0,0,0,0,0,62,0,0
530934,Ascent,westside,GX,Cypher,3,2,0,0,0,1,0,0,0,112,0,0
530934,Sunset,MAGNUM,BBL,Viper,1,0,1,0,0,0,0,0,0,46,0,2
530934,Sunset,PROFEK,BBL,Omen,4,0,0,0,0,0,0,0,0,49,0,0
530934,Sunset,sociablEE,BBL,Deadlock,2,1,1,0,0,0,0,0,0,57,1,0
530934,Sunset,Jamppi,BBL,Sova,2,0,1,0,1,0,1,0,0,42,6,0
530934,Sunset,LewN,BBL,Neon,2,0,0,0,0,0,0,0,0,25,0,0
530934,Sunset,Cloud,GX,Sova,1,0,0,0,0,0,0,0,0,35,0,1
530934,Sunset,grubinho,GX,Omen,5,2,0,0,1,0,0,0,0,103,0,0
530934,Sunset,Flickless,GX,Breach,2,0,0,0,0,1,0,0,0,35,11,0
530934,Sunset,ara,GX,Neon,6,1,1,0,0,0,0,0,0,66,0,0
530934,Sunset,westside,GX,Cypher,2,1,1,0,0,0,0,0,0,46,0,1
530934,Bind,MAGNUM,BBL,Viper,1,0,1,0,0,0,0,0,0,45,0,0
530934,Bind,PROFEK,BBL,Brimstone,0,0,0,0,1,0,0,0,0,38,1,0
530934,Bind,sociablEE,BBL,Yoru,1,0,0,0,0,0,0,0,0,30,1,0
530934,Bind,Jamppi,BBL,Fade,0,2,0,0,0,0,0,0,0,47,3,0
530934,Bind,LewN,BBL,Iso,4,1,0,0,0,0,0,0,0,54,0,0
530934,Bind,Cloud,GX,Gekko,2,1,0,0,0,0,0,0,0,47,5,0
530934,Bind,grubinho,GX,Astra,4,1,0,0,1,0,0,0,0,78,0,0
530934,Bind,Flickless,GX,Viper,2,0,0,0,0,0,0,0,0,68,1,0
530934,Bind,ara,GX,Raze,3,2,1,0,1,0,0,0,0,68,0,1
530934,Bind,westside,GX,Deadlock,4,1,1,0,0,0,0,0,0,49,0,0
530935,Bind,paTiTek,TL,Skye,1,1,0,0,1,0,0,0,0,47,2,0
530935,Bind,nAts,TL,Viper,3,1,2,0,0,0,0,0,0,77,1,1
530935,Bind,trexx,TL,Gekko,2,1,0,0,0,0,0,0,0,53,3,0
530935,Bind,Keiko,TL,Brimstone,4,0,0,0,0,0,0,0,0,44,0,0
530935,Bind,kamo,TL,Raze,5,2,0,0,0,0,0,0,0,61,0,1
530935,Bind,Cloud,GX,Gekko,2,1,1,0,0,0,0,0,0,50,2,0
530935,Bind,grubinho,GX,Astra,4,1,0,0,2,0,0,0,0,64,0,2
530935,Bind,Flickless,GX,Viper,1,1,0,0,0,0,0,0,0,41,1,0
530935,Bind,ara,GX,Raze,3,1,0,0,0,0,0,0,0,46,0,0
530935,Bind,westside,GX,Deadlock,2,0,0,0,0,0,0,0,0,37,2,0
530935,Lotus,paTiTek,TL,Omen,2,2,0,0,0,0,0,0,0,45,1,0
530935,Lotus,nAts,TL,Vyse,4,0,1,0,0,0,0,1,0,59,4,1
530935,Lotus,trexx,TL,Fade,3,1,3,0,0,0,0,0,0,75,3,0
530935,Lotus,Keiko,TL,Raze,3,2,0,0,1,0,0,0,0,56,1,1
530935,Lotus,kamo,TL,Yoru,0,1,1,0,0,0,0,0,0,49,0,0
530935,Lotus,Cloud,GX,Fade,3,0,0,0,0,0,0,0,0,37,4,0
530935,Lotus,grubinho,GX,Omen,2,3,0,0,0,1,0,0,0,55,3,0
530935,Lotus,Flickless,GX,Viper,4,0,0,0,0,0,0,0,0,39,0,1
530935,Lotus,ara,GX,Raze,6,0,0,0,1,1,0,0,0,59,0,1
530935,Lotus,westside,GX,Cypher,1,1,0,1,0,1,0,1,0,42,0,0
530935,Sunset,paTiTek,TL,Omen,6,1,0,0,0,0,0,0,0,67,0,1
530935,Sunset,nAts,TL,Cypher,3,2,0,0,0,0,0,0,0,45,0,0
530935,Sunset,trexx,TL,Fade,2,0,0,0,1,1,0,0,0,42,3,0
530935,Sunset,Keiko,TL,Raze,6,0,0,0,1,0,0,0,0,59,1,1
530935,Sunset,kamo,TL,Yoru,5,0,0,0,1,0,0,0,0,54,2,2
530935,Sunset,Cloud,GX,Sova,2,0,1,0,0,0,0,1,0,54,5,0
530935,Sunset,grubinho,GX,Omen,3,3,0,0,0,0,0,0,0,75,0,0
530935,Sunset,Flickless,GX,Breach,4,1,0,0,0,1,0,0,0,64,4,1
530935,Sunset,ara,GX,Neon,1,0,0,0,0,0,0,0,0,38,0,0
530935,Sunset,westside,GX,Cypher,5,0,0,0,0,0,0,0,0,47,1,0
