scraped_at,player,player_name,team,player_url,player_id,agents_played,agents_count,agents_display,rounds,rating,acs,kd_ratio,kast,adr,kpr,apr,fkpr,fdpr,hs_percent,cl_percent,clutches,k_max,kills,deaths,assists,first_kills,first_deaths
2025-09-01T08:34:34.863407,Ruxic,Ruxic,NAVI,https://www.vlr.gg/player/18677/ruxic,18677,"['Viper', 'Omen']",2,"Viper, Omen",472,1.23,246.4,1.36,75%,159.4,0.91,0.30,0.12,0.08,31%,15%,9/59,31,430,317,142,56,39
2025-09-01T08:34:34.863407,Keiko,Keiko,TL,https://www.vlr.gg/player/11494/keiko,11494,"['Brimstone', 'Killjoy', 'Raze']",4,"Brimstone, Killjoy, Raze, (+1)",494,1.21,233.4,1.33,77%,148.6,0.85,0.29,0.11,0.09,32%,23%,10/43,26,422,317,141,53,44
2025-09-01T08:34:34.864914,SUYGETSU,SUYGETSU,KC,https://www.vlr.gg/player/2858/suygetsu,2858,"['Astra', 'Omen', 'Viper']",3,"Astra, Omen, Viper",389,1.16,214.6,1.20,76%,139.4,0.79,0.32,0.08,0.09,41%,20%,13/66,26,306,254,126,30,34
2025-09-01T08:34:34.865921,nAts,nAts,TL,https://www.vlr.gg/player/457/nats,457,"['Viper', 'Vyse', 'Cypher']",3,"Viper, Vyse, Cypher",494,1.15,231.4,1.19,77%,152.3,0.81,0.33,0.10,0.06,25%,13%,7/55,30,400,337,161,48,31
2025-09-01T08:34:34.866920,RieNs,RieNs,TH,https://www.vlr.gg/player/10971/riens,10971,"['Sova', 'Fade', 'Gekko']",3,"Sova, Fade, Gekko",334,1.15,226.8,1.15,75%,155.8,0.80,0.31,0.07,0.03,35%,24%,10/41,24,267,232,105,22,10
2025-09-01T08:34:34.866920,hiro,hiro,NAVI,https://www.vlr.gg/player/29867/hiro,29867,"['Killjoy', 'Cypher', 'Viper']",4,"Killjoy, Cypher, Viper, (+1)",472,1.14,220.1,1.19,74%,149.6,0.81,0.25,0.10,0.09,35%,12%,7/57,32,380,320,118,47,44
2025-09-01T08:34:34.867924,Wo0t,Wo0t,TH,https://www.vlr.gg/player/21328/wo0t,21328,"['Kayo', 'Iso', 'Waylay']",5,"Kayo, Iso, Waylay, (+2)",334,1.12,227.3,1.18,74%,149.4,0.82,0.28,0.15,0.11,38%,30%,8/27,28,274,233,92,51,37
2025-09-01T08:34:34.867924,Derke,Derke,VIT,https://www.vlr.gg/player/5022/derke,5022,"['Neon', 'Raze', 'Yoru']",4,"Neon, Raze, Yoru, (+1)",299,1.12,244.5,1.12,71%,162.1,0.85,0.18,0.17,0.16,26%,25%,4/16,23,253,225,55,50,48
2025-09-01T08:34:34.868924,Less,Less,VIT,https://www.vlr.gg/player/8447/less,8447,"['Cypher', 'Viper', 'Chamber']",3,"Cypher, Viper, Chamber",299,1.11,205.9,1.17,75%,132.9,0.76,0.22,0.09,0.09,32%,18%,9/51,24,227,194,67,28,26
2025-09-01T08:34:34.868924,Sayf,Sayf,VIT,https://www.vlr.gg/player/312/sayf,312,"['Iso', 'Vyse']",2,"Iso, Vyse",44,1.11,176.0,0.93,70%,123.0,0.61,0.20,0.02,0.07,37%,18%,2/11,17,27,29,9,1,3
2025-09-01T08:34:34.869924,kaajak,kaajak,FNC,https://www.vlr.gg/player/9554/kaajak,9554,"['Raze', 'Jett', 'Yoru']",4,"Raze, Jett, Yoru, (+1)",448,1.10,235.9,1.14,68%,150.8,0.82,0.15,0.17,0.13,35%,36%,10/28,26,368,324,69,74,59
2025-09-01T08:34:34.869924,trexx,trexx,TL,https://www.vlr.gg/player/2168/trexx,2168,"['Gekko', 'Kayo', 'Fade']",4,"Gekko, Kayo, Fade, (+1)",494,1.09,203.5,1.07,74%,130.1,0.69,0.44,0.06,0.06,20%,19%,13/68,26,341,318,215,32,29
2025-09-01T08:34:34.870924,Avez,Avez,KC,https://www.vlr.gg/player/5654/avez,5654,"['Gekko', 'Raze', 'Sova']",5,"Gekko, Raze, Sova, (+2)",389,1.07,223.1,1.12,69%,144.3,0.78,0.23,0.11,0.11,32%,33%,10/30,28,304,272,88,44,42
2025-09-01T08:34:34.870924,Alfajer,Alfajer,FNC,https://www.vlr.gg/player/9810/alfajer,9810,"['Tejo', 'Killjoy', 'Chamber']",6,"Tejo, Killjoy, Chamber, (+3)",448,1.06,221.9,1.15,68%,148.6,0.81,0.13,0.14,0.11,36%,14%,6/44,29,363,317,60,64,48
2025-09-01T08:34:34.873353,ara,ara,GX,https://www.vlr.gg/player/11332/ara,11332,"['Neon', 'Raze', 'Jett']",3,"Neon, Raze, Jett",625,1.05,216.7,1.12,70%,140.3,0.77,0.15,0.18,0.13,26%,17%,11/64,31,482,431,91,111,81
2025-09-01T08:34:34.874964,crashies,crashies,FNC,https://www.vlr.gg/player/4/crashies,4,"['Fade', 'Sova']",2,"Fade, Sova",448,1.05,191.5,1.03,75%,133.5,0.67,0.31,0.05,0.06,33%,16%,11/67,22,301,292,141,23,29
2025-09-01T08:34:34.876074,cNed,cNed,FUT,https://www.vlr.gg/player/573/cned,573,"['Omen', 'Yoru']",2,"Omen, Yoru",247,1.05,215.8,1.05,68%,138.6,0.79,0.26,0.12,0.11,33%,11%,4/37,25,194,184,65,29,27
2025-09-01T08:34:34.877081,PROFEK,PROFEK,BBL,https://www.vlr.gg/player/5554/profek,5554,"['Viper', 'Omen', 'Astra']",4,"Viper, Omen, Astra, (+1)",519,1.04,191.5,1.03,71%,130.1,0.69,0.30,0.07,0.06,26%,16%,11/67,24,358,348,158,36,33
2025-09-01T08:34:34.878083,marteen,marteen,KC,https://www.vlr.gg/player/10307/marteen,10307,"['Yoru', 'Omen', 'Waylay']",4,"Yoru, Omen, Waylay, (+1)",389,1.04,215.9,1.09,70%,138.7,0.78,0.25,0.15,0.15,34%,12%,4/34,26,302,277,96,58,59
2025-09-01T08:34:34.882022,grubinho,grubinho,GX,https://www.vlr.gg/player/5550/grubinho,5550,"['Omen', 'Astra', 'Viper']",3,"Omen, Astra, Viper",625,1.03,202.2,1.01,72%,132.1,0.70,0.40,0.10,0.10,29%,24%,18/76,26,437,434,253,62,63
2025-09-01T08:34:34.883083,westside,westside,GX,https://www.vlr.gg/player/34684/westside,34684,"['Cypher', 'Deadlock', 'Killjoy']",4,"Cypher, Deadlock, Killjoy, (+1)",625,1.03,196.1,1.07,68%,130.2,0.72,0.19,0.10,0.08,44%,19%,16/83,21,448,420,117,63,52
2025-09-01T08:34:34.883083,yetujey,yetujey,FUT,https://www.vlr.gg/player/8369/yetujey,8369,"['Viper', 'Cypher', 'Vyse']",3,"Viper, Cypher, Vyse",247,1.03,202.6,1.02,70%,137.9,0.71,0.21,0.10,0.10,27%,20%,9/44,24,175,171,53,24,25
2025-09-01T08:34:34.884685,Chronicle,Chronicle,FNC,https://www.vlr.gg/player/458/chronicle,458,"['Viper', 'Sage', 'Vyse']",4,"Viper, Sage, Vyse, (+1)",448,1.02,206.2,1.02,69%,139.7,0.71,0.28,0.09,0.10,27%,11%,8/72,28,320,314,125,39,43
2025-09-01T08:34:34.885807,paTiTek,paTiTek,TL,https://www.vlr.gg/player/309/patitek,309,"['Skye', 'Gekko', 'Omen']",5,"Skye, Gekko, Omen, (+2)",494,1.02,185.9,1.04,77%,122.4,0.68,0.37,0.09,0.09,25%,21%,13/62,25,334,322,185,46,46
2025-09-01T08:34:34.887697,Minny,Minny,M8,https://www.vlr.gg/player/23169/minny,23169,"['Viper', 'Cypher', 'Vyse']",5,"Viper, Cypher, Vyse, (+2)",306,1.01,199.1,0.99,70%,135.5,0.71,0.22,0.08,0.12,36%,20%,9/44,34,217,219,67,26,38
2025-09-01T08:34:34.888796,MiniBoo,MiniBoo,TH,https://www.vlr.gg/player/18350/miniboo,18350,"['Omen', 'Yoru', 'Neon']",4,"Omen, Yoru, Neon, (+1)",334,1.00,223.9,1.06,71%,145.6,0.80,0.19,0.20,0.15,31%,17%,4/23,27,266,251,63,66,51
2025-09-01T08:34:34.890799,alexiiik,alexiiik,NAVI,https://www.vlr.gg/player/25906/alexiiik,25906,"['Jett', 'Neon', 'Raze']",3,"Jett, Neon, Raze",472,1.00,210.5,1.08,68%,136.7,0.77,0.14,0.16,0.17,26%,11%,3/27,25,362,334,66,75,78
2025-09-01T08:34:34.891812,ComeBack,ComeBack,M8,https://www.vlr.gg/player/40591/comeback,40591,"['Waylay', 'Neon', 'Jett']",3,"Waylay, Neon, Jett",306,1.00,219.6,1.06,68%,140.2,0.78,0.17,0.16,0.17,33%,11%,3/27,29,239,225,53,48,53
2025-09-01T08:34:34.892807,MAGNUM,MAGNUM,BBL,https://www.vlr.gg/player/2173/magnum,2173,"['Killjoy', 'Cypher', 'Viper']",6,"Killjoy, Cypher, Viper, (+3)",519,1.00,197.5,1.01,69%,127.1,0.69,0.27,0.07,0.12,30%,17%,8/48,21,359,357,139,35,60
2025-09-01T08:34:34.894697,Shao,Shao,NAVI,https://www.vlr.gg/player/384/shao,384,"['Sage', 'Sova', 'Fade']",4,"Sage, Sova, Fade, (+1)",472,1.00,181.2,0.97,75%,118.4,0.62,0.32,0.08,0.06,32%,23%,15/66,22,294,302,149,36,28
2025-09-01T08:34:34.895935,Flickless,Flickless,GX,https://www.vlr.gg/player/6959/flickless,6959,"['Breach', 'Viper', 'Kayo']",3,"Breach, Viper, Kayo",625,1.00,192.2,0.93,74%,124.7,0.65,0.46,0.08,0.08,25%,14%,9/63,26,408,437,288,47,51
2025-09-01T08:34:34.897938,baddyG,baddyG,MKOI,https://www.vlr.gg/player/2190/baddyg,2190,"['Brimstone', 'Omen', 'Viper']",3,"Brimstone, Omen, Viper",287,0.99,192.0,0.95,72%,122.0,0.71,0.35,0.09,0.07,24%,17%,6/36,30,203,213,100,26,19
2025-09-01T08:34:34.898951,benjyfishy,benjyfishy,TH,https://www.vlr.gg/player/29873/benjyfishy,29873,"['Killjoy', 'Cypher', 'Vyse']",4,"Killjoy, Cypher, Vyse, (+1)",334,0.99,199.1,1.02,68%,127.7,0.71,0.25,0.08,0.08,37%,11%,5/46,24,237,232,83,28,26
2025-09-01T08:34:34.899940,penny,penny,APK,https://www.vlr.gg/player/7716/penny,7716,"['Jett', 'Neon', 'Yoru']",4,"Jett, Neon, Yoru, (+1)",290,0.99,200.9,1.02,68%,133.6,0.73,0.18,0.16,0.19,21%,17%,4/23,24,211,207,53,47,55
2025-09-01T08:34:34.901828,Elite,Elite,KC,https://www.vlr.gg/player/16459/elite,16459,"['Vyse', 'Cypher', 'Killjoy']",3,"Vyse, Cypher, Killjoy",236,0.99,189.5,1.00,70%,127.5,0.68,0.18,0.08,0.07,41%,11%,3/28,22,160,160,43,20,17
2025-09-01T08:34:34.902930,kamo,kamo,TL,https://www.vlr.gg/player/14681/kamo,14681,"['Raze', 'Jett', 'Yoru']",3,"Raze, Jett, Yoru",494,0.98,211.5,1.03,72%,137.6,0.73,0.23,0.17,0.17,26%,18%,4/22,24,360,351,114,82,83
2025-09-01T08:34:34.904931,LewN,LewN,BBL,https://www.vlr.gg/player/20144/lewn,20144,"['Jett', 'Neon', 'Raze']",6,"Jett, Neon, Raze, (+3)",519,0.98,215.0,1.03,65%,141.1,0.77,0.14,0.16,0.17,30%,17%,7/41,26,399,386,75,83,88
2025-09-01T08:34:34.905544,MONSTEERR,MONSTEERR,MKOI,https://www.vlr.gg/player/3127/monsteerr,3127,"['Viper', 'Killjoy', 'Cypher']",4,"Viper, Killjoy, Cypher, (+1)",287,0.98,196.4,0.98,68%,132.4,0.71,0.17,0.08,0.08,28%,15%,8/53,23,205,210,50,22,22
2025-09-01T08:34:34.906598,Veqaj,Veqaj,M8,https://www.vlr.gg/player/12928/veqaj,12928,"['Fade', 'Sova']",2,"Fade, Sova",306,0.98,195.6,0.95,72%,136.2,0.70,0.31,0.07,0.10,27%,10%,4/42,28,213,224,94,20,30
2025-09-01T08:34:34.909623,Jamppi,Jamppi,BBL,https://www.vlr.gg/player/9780/jamppi,9780,"['Sova', 'Breach', 'Fade']",5,"Sova, Breach, Fade, (+2)",519,0.98,186.4,0.95,72%,122.0,0.64,0.30,0.07,0.08,27%,18%,10/57,24,332,351,156,35,43
2025-09-01T08:34:34.911686,kamyk,kamyk,M8,https://www.vlr.gg/player/1475/kamyk,1475,"['Gekko', 'Breach', 'Viper']",4,"Gekko, Breach, Viper, (+1)",306,0.98,193.6,0.98,75%,123.1,0.70,0.38,0.08,0.08,34%,9%,4/46,24,214,219,117,25,26
2025-09-01T08:34:34.912656,qRaxs,qRaxs,FUT,https://www.vlr.gg/player/1139/qraxs,1139,"['Kayo', 'Fade', 'Breach']",3,"Kayo, Fade, Breach",247,0.95,181.6,0.81,72%,114.7,0.62,0.53,0.04,0.06,36%,17%,5/29,21,152,187,132,10,14
2025-09-01T08:34:34.914654,Cloud,Cloud,GX,https://www.vlr.gg/player/4181/cloud,4181,"['Sova', 'Gekko', 'Fade']",3,"Sova, Gekko, Fade",625,0.94,180.8,0.91,70%,123.8,0.63,0.27,0.08,0.08,30%,9%,6/68,21,395,433,170,47,48
2025-09-01T08:34:34.916383,sociablEE,sociablEE,BBL,https://www.vlr.gg/player/5568/sociablee,5568,"['Omen', 'Sova', 'Deadlock']",6,"Omen, Sova, Deadlock, (+3)",519,0.93,197.9,0.95,67%,130.5,0.71,0.20,0.12,0.09,31%,15%,13/85,36,370,391,103,61,45
2025-09-01T08:34:34.917374,MOLSI,MOLSI,APK,https://www.vlr.gg/player/1281/molsi,1281,"['Sova', 'Kayo', 'Fade']",5,"Sova, Kayo, Fade, (+2)",290,0.93,187.4,0.82,70%,127.9,0.61,0.37,0.06,0.06,27%,4%,2/45,19,177,215,106,17,16
2025-09-01T08:34:34.918370,KovaQ,KovaQ,VIT,https://www.vlr.gg/player/7987/kovaq,7987,"['Breach', 'Brimstone', 'Iso']",8,"Breach, Brimstone, Iso, (+5)",255,0.92,198.6,0.97,70%,123.8,0.71,0.25,0.12,0.11,33%,12%,3/26,23,182,187,64,30,28
2025-09-01T08:34:34.920369,OLIZERA,OLIZERA,APK,https://www.vlr.gg/player/8502/olizera,8502,"['Killjoy', 'Viper', 'Vyse']",4,"Killjoy, Viper, Vyse, (+1)",290,0.92,194.5,0.93,69%,127.1,0.69,0.21,0.10,0.09,28%,11%,5/47,23,199,215,60,29,26
2025-09-01T08:34:34.921371,Boo,Boo,TH,https://www.vlr.gg/player/1144/boo,1144,"['Viper', 'Omen', 'Brimstone']",3,"Viper, Omen, Brimstone",334,0.89,153.9,0.81,72%,99.3,0.52,0.43,0.07,0.06,30%,19%,10/53,16,174,216,144,22,21
2025-09-01T08:34:34.923371,xeus,xeus,FUT,https://www.vlr.gg/player/12793/xeus,12793,"['Raze', 'Neon', 'Jett']",3,"Raze, Neon, Jett",247,0.89,210.3,0.91,68%,132.0,0.73,0.21,0.14,0.18,29%,0%,0/11,24,180,197,53,35,44
2025-09-01T08:34:34.923371,Kicks,Kicks,VIT,https://www.vlr.gg/player/11134/kicks,11134,"['Omen', 'Skye', 'Harbor']",4,"Omen, Skye, Harbor, (+1)",299,0.89,166.3,0.79,72%,109.7,0.56,0.44,0.07,0.06,29%,18%,7/38,23,168,214,132,20,19
2025-09-01T08:34:34.926093,UNFAKE,UNFAKE,VIT,https://www.vlr.gg/player/4521/unfake,4521,"['Sova', 'Gekko', 'Fade']",3,"Sova, Gekko, Fade",299,0.89,186.1,0.89,70%,120.6,0.65,0.26,0.07,0.08,38%,17%,5/30,21,193,218,78,22,24
2025-09-01T08:34:34.927134,flyuh,flyuh,MKOI,https://www.vlr.gg/player/3685/flyuh,3685,"['Fade', 'Sova', 'Kayo']",4,"Fade, Sova, Kayo, (+1)",287,0.88,185.9,0.85,69%,127.6,0.65,0.28,0.06,0.07,26%,16%,5/32,23,187,219,80,18,19
2025-09-01T08:34:34.928126,MrFaliN,MrFaliN,FUT,https://www.vlr.gg/player/8044/mrfalin,8044,"['Fade', 'Omen', 'Sova']",3,"Fade, Omen, Sova",247,0.88,168.6,0.77,64%,111.4,0.57,0.37,0.07,0.09,24%,14%,5/35,25,141,182,92,18,21
2025-09-01T08:34:34.930110,batujnax,batujnax,APK,https://www.vlr.gg/player/18615/batujnax,18615,"['Omen', 'Deadlock', 'Sova']",5,"Omen, Deadlock, Sova, (+2)",290,0.86,178.5,0.82,69%,117.7,0.62,0.26,0.09,0.14,28%,0%,0/21,25,181,220,74,26,41
2025-09-01T08:34:34.931117,Filu,Filu,MKOI,https://www.vlr.gg/player/4544/filu,4544,"['Raze', 'Sage', 'Waylay']",8,"Raze, Sage, Waylay, (+5)",287,0.85,199.7,0.84,66%,131.7,0.66,0.22,0.16,0.14,27%,4%,1/23,20,190,227,64,45,39
2025-09-01T08:34:34.932105,Proxh,Proxh,M8,https://www.vlr.gg/player/45494/proxh,45494,"['Astra', 'Omen']",2,"Astra, Omen",306,0.85,161.7,0.78,72%,107.0,0.56,0.39,0.05,0.08,25%,10%,3/30,18,171,218,119,16,24
2025-09-01T08:34:34.933105,nataNk,nataNk,MKOI,https://www.vlr.gg/player/5004/natank,5004,"['Gekko', 'Killjoy', 'Vyse']",8,"Gekko, Killjoy, Vyse, (+5)",287,0.85,172.5,0.83,66%,117.4,0.61,0.22,0.11,0.16,27%,14%,5/37,22,174,210,63,32,45
2025-09-01T08:34:34.934726,saadhak,saadhak,KC,https://www.vlr.gg/player/727/saadhak,727,"['Deadlock', 'Fade', 'Kayo']",5,"Deadlock, Fade, Kayo, (+2)",389,0.84,164.1,0.76,67%,109.9,0.54,0.36,0.07,0.11,30%,20%,8/41,21,212,278,140,27,41
2025-09-01T08:34:34.936819,AvovA,AvovA,APK,https://www.vlr.gg/player/1507/avova,1507,"['Viper', 'Omen', 'Brimstone']",3,"Viper, Omen, Brimstone",290,0.83,146.7,0.73,66%,97.7,0.53,0.34,0.05,0.06,31%,16%,7/45,16,153,211,98,15,18
2025-09-01T08:34:34.939798,pyrolll,pyrolll,KC,https://www.vlr.gg/player/8808/pyrolll,8808,"['Fade', 'Vyse', 'Sova']",3,"Fade, Vyse, Sova",153,0.82,146.8,0.77,62%,100.6,0.52,0.18,0.04,0.07,36%,11%,2/18,22,80,104,28,6,11
2025-09-01T08:34:34.940845,Boaster,Boaster,FNC,https://www.vlr.gg/player/438/boaster,438,"['Astra', 'Omen', 'Viper']",3,"Astra, Omen, Viper",448,0.79,141.8,0.74,66%,94.3,0.50,0.31,0.05,0.11,30%,21%,9/43,19,222,298,137,21,48
2025-09-01T08:34:34.941843,ANGE1,ANGE1,NAVI,https://www.vlr.gg/player/109/ange1,109,"['Sova', 'Kayo', 'Breach']",4,"Sova, Kayo, Breach, (+1)",472,0.77,155.7,0.73,69%,104.8,0.53,0.37,0.06,0.09,31%,11%,5/47,21,249,342,175,26,43
