scraped_at,date,match_url,match_id,time,team1,score1,team2,score2,score,winner,status,week,stage
2025-08-27T18:55:08.440295,"Thu, February 20, 2025",https://www.vlr.gg/448598/edward-gaming-vs-team-liquid-champions-tour-2025-masters-bangkok-r1,448598,3:30 PM,EDward Gaming,2,Team Liquid,0,2-0,EDward Gaming,Completed,Round 1,Swiss Stage
2025-08-27T18:55:08.542699,"Thu, February 20, 2025",https://www.vlr.gg/448600/drx-vs-sentinels-champions-tour-2025-masters-bangkok-r1,448600,6:30 PM,DRX,2,Sentinels,0,2-0,DRX,Completed,Round 1,Swiss Stage
2025-08-27T18:55:08.643540,"Fri, February 21, 2025",https://www.vlr.gg/448599/team-vitality-vs-t1-champions-tour-2025-masters-bangkok-r1,448599,3:30 PM,Team Vitality,2,T1,0,2-0,Team Vitality,Completed,Round 1,Swiss Stage
2025-08-27T18:55:08.744653,"Fri, February 21, 2025",https://www.vlr.gg/448597/g2-esports-vs-trace-esports-champions-tour-2025-masters-bangkok-r1,448597,5:55 PM,G2 Esports,2,Trace Esports,0,2-0,G2 Esports,Completed,Round 1,Swiss Stage
2025-08-27T18:55:08.845563,"Sat, February 22, 2025",https://www.vlr.gg/449000/drx-vs-team-vitality-champions-tour-2025-masters-bangkok-r2-1-0,449000,3:30 PM,DRX,1,Team Vitality,2,1-2,Team Vitality,Completed,Round 2 (1-0),Swiss Stage
2025-08-27T18:55:08.946704,"Sat, February 22, 2025",https://www.vlr.gg/449001/edward-gaming-vs-g2-esports-champions-tour-2025-masters-bangkok-r2-1-0,449001,6:55 PM,EDward Gaming,2,G2 Esports,1,2-1,EDward Gaming,Completed,Round 2 (1-0),Swiss Stage
2025-08-27T18:55:09.047697,"Sun, February 23, 2025",https://www.vlr.gg/449002/t1-vs-trace-esports-champions-tour-2025-masters-bangkok-r2-0-1,449002,3:30 PM,T1,2,Trace Esports,0,2-0,T1,Completed,Round 2 (0-1),Swiss Stage
2025-08-27T18:55:09.150463,"Sun, February 23, 2025",https://www.vlr.gg/449003/team-liquid-vs-sentinels-champions-tour-2025-masters-bangkok-r2-0-1,449003,5:25 PM,Team Liquid,2,Sentinels,1,2-1,Team Liquid,Completed,Round 2 (0-1),Swiss Stage
2025-08-27T18:55:09.254106,"Mon, February 24, 2025",https://www.vlr.gg/449004/t1-vs-drx-champions-tour-2025-masters-bangkok-r3,449004,3:30 PM,T1,2,DRX,0,2-0,T1,Completed,Round 3,Swiss Stage
2025-08-27T18:55:09.355958,"Mon, February 24, 2025",https://www.vlr.gg/449005/g2-esports-vs-team-liquid-champions-tour-2025-masters-bangkok-r3,449005,5:40 PM,G2 Esports,2,Team Liquid,0,2-0,G2 Esports,Completed,Round 3,Swiss Stage
2025-08-27T18:55:09.460115,"Thu, February 27, 2025",https://www.vlr.gg/449008/edward-gaming-vs-t1-champions-tour-2025-masters-bangkok-ubsf,449008,3:30 PM,EDward Gaming,2,T1,1,2-1,EDward Gaming,Completed,Upper Semifinals,Playoffs
2025-08-27T18:55:09.562610,"Thu, February 27, 2025",https://www.vlr.gg/449009/team-vitality-vs-g2-esports-champions-tour-2025-masters-bangkok-ubsf,449009,6:45 PM,Team Vitality,0,G2 Esports,2,0-2,G2 Esports,Completed,Upper Semifinals,Playoffs
2025-08-27T18:55:09.664021,"Fri, February 28, 2025",https://www.vlr.gg/449010/edward-gaming-vs-g2-esports-champions-tour-2025-masters-bangkok-ubf,449010,3:30 PM,EDward Gaming,0,G2 Esports,2,0-2,G2 Esports,Completed,Upper Final,Playoffs
2025-08-27T18:55:09.764916,"Fri, February 28, 2025",https://www.vlr.gg/449012/t1-vs-team-vitality-champions-tour-2025-masters-bangkok-lr1,449012,5:35 PM,T1,2,Team Vitality,1,2-1,T1,Completed,Lower Round 1,Playoffs
2025-08-27T18:55:09.866389,"Sat, March 1, 2025",https://www.vlr.gg/449013/edward-gaming-vs-t1-champions-tour-2025-masters-bangkok-lbf,449013,3:30 PM,EDward Gaming,1,T1,3,1-3,T1,Completed,Lower Final,Playoffs
2025-08-27T18:55:09.967545,"Sun, March 2, 2025",https://www.vlr.gg/450589/team-international-vs-team-thailand-champions-tour-2025-masters-bangkok-main-event,450589,3:30 PM,Team International,9,Team Thailand,13,9-13,Team Thailand,Completed,Main Event,Showmatch
2025-08-27T18:55:10.070657,"Sun, March 2, 2025",https://www.vlr.gg/449011/g2-esports-vs-t1-champions-tour-2025-masters-bangkok-gf,449011,4:45 PM,G2 Esports,2,T1,3,2-3,T1,Completed,Grand Final,Playoffs
