Match ID,Map,Player,Team,Agent,2K,3K,4K,5K,1v1,1v2,1v3,1v4,1v5,ECON,PL,DE
448598,Split,nobody,EDG,Tejo,5,0,1,0,0,0,0,0,0,51,0,0
448598,Split,ZmjjKK,EDG,Jett,5,3,0,0,0,0,0,0,0,47,0,0
448598,Split,Smoggy,EDG,Omen,1,0,0,0,0,0,1,0,0,23,2,2
448598,Split,S1Mon,EDG,Breach,2,1,0,0,0,1,0,0,0,31,9,1
448598,Split,CHICHOO,EDG,Viper,7,5,0,0,2,0,0,0,0,57,0,1
448598,Split,paTiTek,TL,Fade,3,1,0,0,0,0,0,0,0,28,4,0
448598,Split,nAts,TL,Viper,3,3,0,0,1,0,0,0,0,42,1,1
448598,Split,kamyk,TL,Astra,4,2,0,0,1,0,0,0,0,41,3,0
448598,Split,Keiko,TL,Raze,6,3,0,0,0,0,0,0,0,53,2,1
448598,Split,kamo,TL,Yoru,5,3,1,0,1,0,0,0,0,56,1,0
448598,Pearl,nobody,EDG,Tejo,3,0,0,0,0,0,0,0,0,55,3,0
448598,Pearl,ZmjjKK,EDG,Yoru,1,0,1,0,0,0,0,0,0,52,0,0
448598,Pearl,Smoggy,EDG,Astra,2,0,1,0,1,0,0,0,0,60,2,0
448598,Pearl,S1Mon,EDG,Fade,2,1,0,0,1,0,0,0,0,56,3,2
448598,Pearl,CHICHOO,EDG,Vyse,3,2,0,0,0,0,0,0,0,76,0,0
448598,Pearl,paTiTek,TL,Vyse,2,1,0,0,0,0,0,0,0,47,1,0
448598,Pearl,nAts,TL,Chamber,3,1,0,0,0,0,0,0,0,60,1,1
448598,Pearl,kamyk,TL,Sova,3,0,0,0,0,0,0,0,0,51,1,0
448598,Pearl,Keiko,TL,Astra,2,0,0,0,0,0,0,0,0,33,0,0
448598,Pearl,kamo,TL,Yoru,4,0,0,0,0,0,0,0,0,57,0,0
448600,Lotus,free1ng,DRX,Tejo,3,0,0,1,0,0,0,0,0,90,2,0
448600,Lotus,MaKo,DRX,Omen,2,1,0,0,0,0,0,0,0,52,0,0
448600,Lotus,BeYN,DRX,Breach,2,0,0,0,0,0,0,0,0,72,9,0
448600,Lotus,HYUNMIN,DRX,Yoru,3,0,0,0,0,0,0,0,0,43,0,0
448600,Lotus,Flashback,DRX,Cypher,2,0,0,0,0,0,0,0,0,51,0,0
448600,Lotus,Zellsis,SEN,Vyse,0,0,0,0,0,0,0,0,0,29,0,1
448600,Lotus,johnqt,SEN,Viper,0,0,0,0,0,0,0,0,0,28,0,1
448600,Lotus,bang,SEN,Omen,3,0,0,0,0,0,0,0,0,39,0,0
448600,Lotus,zekken,SEN,Raze,0,1,0,0,0,0,0,0,0,49,0,0
448600,Lotus,N4RRATE,SEN,Fade,0,0,0,0,0,0,0,0,0,37,0,1
448600,Haven,free1ng,DRX,Tejo,4,1,0,0,0,0,0,0,0,45,1,2
448600,Haven,MaKo,DRX,Omen,1,0,0,0,0,0,0,0,0,40,1,0
448600,Haven,BeYN,DRX,Breach,3,0,0,0,0,0,1,0,0,51,6,0
448600,Haven,HYUNMIN,DRX,Yoru,6,0,0,0,0,0,0,0,0,41,1,0
448600,Haven,Flashback,DRX,Cypher,8,1,0,0,0,0,0,0,0,74,0,0
448600,Haven,Zellsis,SEN,Vyse,4,0,0,0,0,0,0,0,0,43,1,0
448600,Haven,johnqt,SEN,Tejo,5,0,0,0,0,0,0,0,0,49,2,0
448600,Haven,bang,SEN,Astra,2,2,1,0,1,0,0,0,0,55,0,1
448600,Haven,zekken,SEN,Jett,4,0,0,0,1,0,0,0,0,53,2,1
448600,Haven,N4RRATE,SEN,Breach,2,0,0,0,1,0,0,0,0,64,3,0
448599,Fracture,Sayf,VIT,Tejo,2,0,0,0,0,0,0,0,0,46,0,1
448599,Fracture,trexx,VIT,Vyse,3,0,0,0,0,0,0,0,0,46,0,0
448599,Fracture,Derke,VIT,Raze,6,0,0,1,0,0,0,0,0,64,1,1
448599,Fracture,Less,VIT,Brimstone,5,0,1,0,0,0,0,0,0,73,0,0
448599,Fracture,Kicks,VIT,Breach,3,0,0,0,0,0,0,0,0,42,4,1
448599,Fracture,stax,T1,Breach,2,0,0,0,0,0,0,0,0,33,6,0
448599,Fracture,BuZz,T1,Raze,2,2,0,0,1,0,0,0,0,55,0,0
448599,Fracture,Meteor,T1,Vyse,3,1,0,0,0,0,0,0,0,48,0,0
448599,Fracture,iZu,T1,Tejo,2,0,0,0,0,1,0,0,0,44,0,0
448599,Fracture,carpe,T1,Brimstone,1,0,1,0,0,0,0,0,0,53,0,0
448599,Bind,Sayf,VIT,Tejo,1,0,0,0,1,0,0,0,0,23,1,0
448599,Bind,trexx,VIT,Brimstone,3,4,0,0,0,0,0,0,0,78,7,1
448599,Bind,Derke,VIT,Raze,5,1,0,0,1,0,0,0,0,60,0,0
448599,Bind,Less,VIT,Viper,3,2,0,0,0,0,0,0,0,56,0,1
448599,Bind,Kicks,VIT,Skye,2,3,0,0,0,0,0,0,0,62,0,0
448599,Bind,stax,T1,Kayo,2,1,0,0,0,0,1,0,0,48,0,0
448599,Bind,BuZz,T1,Raze,5,0,0,0,0,0,0,0,0,59,2,0
448599,Bind,Meteor,T1,Vyse,6,0,0,0,1,0,0,0,0,65,0,1
448599,Bind,iZu,T1,Fade,1,2,0,0,0,1,0,0,0,47,1,0
448599,Bind,carpe,T1,Brimstone,1,0,0,0,0,1,0,0,0,21,3,0
448597,Lotus,valyn,G2,Omen,4,0,0,0,1,0,0,0,0,53,2,0
448597,Lotus,jawgemo,G2,Yoru,2,0,1,0,0,0,0,0,0,37,0,0
448597,Lotus,JonahP,G2,Breach,0,0,0,0,0,0,0,0,0,41,3,0
448597,Lotus,leaf,G2,Viper,4,2,0,0,0,0,0,0,0,83,2,0
448597,Lotus,trent,G2,Tejo,7,2,0,0,1,0,0,0,0,94,3,2
448597,Lotus,Biank,TE,Fade,3,0,0,0,1,0,0,0,0,53,3,1
448597,Lotus,LuoK1ng,TE,Omen,3,0,0,0,0,0,0,0,0,55,1,0
448597,Lotus,heybay,TE,Viper,1,1,0,0,0,0,0,0,0,54,1,2
448597,Lotus,FengF,TE,Raze,1,0,1,0,0,0,0,0,0,52,0,0
448597,Lotus,Kai,TE,Vyse,4,0,0,0,0,0,0,0,0,47,0,0
448597,Abyss,valyn,G2,Astra,3,1,0,0,0,0,0,0,0,51,0,2
448597,Abyss,jawgemo,G2,Yoru,4,1,0,0,0,0,0,0,0,67,0,0
448597,Abyss,JonahP,G2,Breach,2,0,0,0,0,0,0,0,0,62,0,0
448597,Abyss,leaf,G2,Chamber,4,0,0,0,0,0,0,0,0,83,0,0
448597,Abyss,trent,G2,Sova,3,0,0,0,0,0,0,0,0,67,4,1
448597,Abyss,Biank,TE,Sova,1,0,0,0,0,0,0,0,0,38,2,0
448597,Abyss,LuoK1ng,TE,Astra,1,1,0,0,0,0,0,0,0,41,0,0
448597,Abyss,heybay,TE,Kayo,1,0,0,0,0,0,0,0,0,28,4,0
448597,Abyss,FengF,TE,Omen,1,1,0,0,0,0,0,0,0,44,0,0
448597,Abyss,Kai,TE,Jett,0,0,0,0,0,0,0,0,0,33,0,0
449000,Bind,free1ng,DRX,Tejo,0,1,0,0,0,0,0,0,0,52,2,1
449000,Bind,MaKo,DRX,Brimstone,1,0,0,0,1,0,0,0,0,42,4,0
449000,Bind,BeYN,DRX,Breach,2,1,0,0,0,0,0,0,0,53,2,0
449000,Bind,HYUNMIN,DRX,Yoru,5,1,1,0,0,0,0,0,0,58,0,1
449000,Bind,Flashback,DRX,Cypher,2,1,0,0,0,0,0,0,0,43,0,1
449000,Bind,Sayf,VIT,Tejo,4,0,0,0,0,0,0,0,0,38,3,0
449000,Bind,trexx,VIT,Brimstone,5,0,0,0,0,0,0,0,0,73,2,1
449000,Bind,Derke,VIT,Raze,3,2,0,0,1,0,0,0,0,67,1,0
449000,Bind,Less,VIT,Viper,4,1,0,0,0,0,0,0,0,48,0,0
449000,Bind,Kicks,VIT,Skye,2,3,0,0,1,0,0,0,0,58,2,3
449000,Abyss,free1ng,DRX,Tejo,3,1,0,0,0,0,0,0,0,55,5,0
449000,Abyss,MaKo,DRX,Omen,5,2,1,0,0,0,0,0,0,80,0,0
449000,Abyss,BeYN,DRX,Sova,2,1,0,0,3,0,0,0,0,50,4,2
449000,Abyss,HYUNMIN,DRX,Yoru,1,1,0,0,0,0,0,0,0,36,1,0
449000,Abyss,Flashback,DRX,Cypher,4,0,1,0,0,0,0,0,0,48,0,0
449000,Abyss,Sayf,VIT,Tejo,0,1,0,0,0,0,0,0,0,29,2,1
449000,Abyss,trexx,VIT,Sova,2,1,0,0,0,0,0,0,0,70,2,0
449000,Abyss,Derke,VIT,Jett,5,2,1,1,1,0,0,0,0,76,1,1
449000,Abyss,Less,VIT,Astra,2,0,0,0,0,1,0,0,0,45,0,1
449000,Abyss,Kicks,VIT,Breach,4,0,0,0,0,0,0,0,0,39,3,0
449000,Split,free1ng,DRX,Tejo,4,3,0,0,1,0,0,0,0,75,2,0
449000,Split,MaKo,DRX,Omen,4,0,0,0,0,0,0,0,0,45,1,0
449000,Split,BeYN,DRX,Breach,2,1,0,0,0,0,0,0,0,42,5,0
449000,Split,HYUNMIN,DRX,Yoru,3,3,0,0,0,0,0,0,0,53,1,1
449000,Split,Flashback,DRX,Cypher,1,1,0,0,0,0,0,0,0,49,0,0
449000,Split,Sayf,VIT,Omen,3,0,0,0,1,0,0,0,0,45,0,1
449000,Split,trexx,VIT,Fade,2,0,0,0,0,0,0,0,0,32,1,0
449000,Split,Derke,VIT,Raze,1,2,1,0,0,0,0,0,0,62,1,1
449000,Split,Less,VIT,Viper,4,1,0,0,1,1,0,0,0,61,1,1
449000,Split,Kicks,VIT,Breach,2,1,0,0,1,1,0,0,0,57,4,0
449001,Pearl,nobody,EDG,Tejo,3,0,0,0,0,0,0,0,0,28,1,2
449001,Pearl,ZmjjKK,EDG,Yoru,8,1,0,0,0,0,0,0,0,42,1,0
449001,Pearl,Smoggy,EDG,Astra,6,1,0,0,0,0,1,0,0,41,1,1
449001,Pearl,S1Mon,EDG,Fade,3,1,0,0,1,0,0,0,0,27,8,1
449001,Pearl,CHICHOO,EDG,Vyse,7,1,2,0,0,0,0,1,0,55,2,0
449001,Pearl,valyn,G2,Astra,5,1,0,0,0,0,0,0,0,54,3,0
449001,Pearl,jawgemo,G2,Yoru,4,2,0,0,0,0,0,0,0,47,1,1
449001,Pearl,JonahP,G2,Vyse,3,1,0,0,0,1,0,0,0,27,3,1
449001,Pearl,leaf,G2,Chamber,4,0,1,0,0,1,0,0,0,40,1,2
449001,Pearl,trent,G2,Sova,4,3,0,0,0,0,1,0,0,51,4,1
449001,Bind,nobody,EDG,Tejo,3,2,0,0,0,0,0,0,0,52,3,0
449001,Bind,ZmjjKK,EDG,Raze,2,1,0,0,0,0,0,0,0,55,1,0
449001,Bind,Smoggy,EDG,Brimstone,4,2,0,0,0,0,1,0,0,60,2,1
449001,Bind,S1Mon,EDG,Kayo,4,0,0,0,0,0,0,0,0,53,1,0
449001,Bind,CHICHOO,EDG,Vyse,0,1,0,0,0,0,0,0,0,62,0,0
449001,Bind,valyn,G2,Brimstone,0,0,0,0,0,0,0,0,0,29,3,0
449001,Bind,jawgemo,G2,Raze,3,3,0,0,0,0,0,0,0,49,2,1
449001,Bind,JonahP,G2,Skye,3,1,1,0,0,0,0,0,0,67,0,0
449001,Bind,leaf,G2,Viper,1,0,0,0,0,0,0,0,0,51,0,0
449001,Bind,trent,G2,Tejo,1,1,0,0,1,0,0,0,0,43,0,1
449001,Fracture,nobody,EDG,Tejo,1,1,1,0,1,0,0,0,0,93,0,1
449001,Fracture,ZmjjKK,EDG,Neon,2,1,1,0,0,0,0,0,0,64,0,0
449001,Fracture,Smoggy,EDG,Brimstone,2,0,0,0,1,0,0,0,0,55,2,1
449001,Fracture,S1Mon,EDG,Breach,3,0,0,0,0,1,0,0,0,59,1,1
449001,Fracture,CHICHOO,EDG,Cypher,4,1,0,0,1,0,0,0,0,74,0,2
449001,Fracture,valyn,G2,Brimstone,1,0,1,0,0,0,0,0,0,52,4,1
449001,Fracture,jawgemo,G2,Raze,2,0,0,0,0,0,0,0,0,31,0,0
449001,Fracture,JonahP,G2,Breach,2,0,0,0,0,0,0,0,0,36,0,0
449001,Fracture,leaf,G2,Vyse,0,0,0,0,0,0,0,0,0,28,0,0
449001,Fracture,trent,G2,Tejo,2,2,0,0,1,0,0,0,0,75,2,0
449002,Lotus,stax,T1,Sova,3,0,1,0,0,0,0,0,0,75,4,1
449002,Lotus,BuZz,T1,Raze,4,1,0,0,0,0,0,0,0,66,0,0
449002,Lotus,Sylvan,T1,Omen,0,0,0,0,0,0,0,0,0,52,0,0
449002,Lotus,Meteor,T1,Iso,0,1,0,0,0,0,0,0,0,56,0,1
449002,Lotus,iZu,T1,Cypher,3,1,1,0,1,0,0,0,0,108,0,0
449002,Lotus,Biank,TE,Fade,0,0,1,0,0,0,0,0,0,50,5,0
449002,Lotus,LuoK1ng,TE,Omen,1,0,0,0,0,0,0,0,0,34,0,0
449002,Lotus,heybay,TE,Viper,0,1,0,0,0,0,0,0,0,37,0,0
449002,Lotus,FengF,TE,Raze,2,0,0,0,0,1,0,0,0,36,0,0
449002,Lotus,Kai,TE,Vyse,4,0,0,0,0,0,0,0,0,42,0,0
449002,Haven,stax,T1,Sova,1,0,0,0,0,0,0,0,0,42,3,0
449002,Haven,BuZz,T1,Yoru,3,1,2,0,0,0,0,0,0,57,0,0
449002,Haven,Sylvan,T1,Omen,0,1,0,0,0,0,0,0,0,27,2,0
449002,Haven,Meteor,T1,Iso,6,2,0,0,0,0,0,0,0,72,0,1
449002,Haven,iZu,T1,Cypher,2,1,1,0,2,1,0,0,0,69,1,1
449002,Haven,Biank,TE,Sova,3,1,0,0,1,0,0,0,0,54,1,0
449002,Haven,LuoK1ng,TE,Omen,4,0,0,0,0,0,0,0,0,46,3,0
449002,Haven,heybay,TE,Breach,2,0,1,0,0,0,0,0,0,47,3,1
449002,Haven,FengF,TE,Cypher,1,1,0,0,0,0,0,0,0,34,0,0
449002,Haven,Kai,TE,Jett,2,3,0,0,0,1,0,0,0,61,1,0
449003,Lotus,paTiTek,TL,Breach,3,0,0,0,0,0,0,0,0,36,7,1
449003,Lotus,nAts,TL,Cypher,5,2,0,0,0,0,0,0,0,81,1,0
449003,Lotus,kamyk,TL,Tejo,1,0,0,0,0,0,0,0,0,33,1,0
449003,Lotus,Keiko,TL,Omen,4,0,0,0,0,0,0,0,0,54,1,0
449003,Lotus,kamo,TL,Yoru,0,1,0,0,0,0,0,0,0,24,0,0
449003,Lotus,Zellsis,SEN,Vyse,1,0,0,0,0,0,0,0,0,25,0,2
449003,Lotus,johnqt,SEN,Viper,2,2,0,0,0,0,0,0,0,60,1,1
449003,Lotus,bang,SEN,Omen,5,0,0,0,0,0,0,0,0,69,3,0
449003,Lotus,zekken,SEN,Raze,3,2,0,0,0,0,0,0,0,81,0,1
449003,Lotus,N4RRATE,SEN,Fade,4,1,0,0,0,0,0,0,0,63,2,1
449003,Abyss,paTiTek,TL,Kayo,1,0,1,0,0,0,0,0,0,51,5,1
449003,Abyss,nAts,TL,Cypher,4,0,1,0,0,1,1,0,0,37,1,2
449003,Abyss,kamyk,TL,Sova,3,0,1,0,0,0,0,1,0,38,6,1
449003,Abyss,Keiko,TL,Omen,4,2,0,0,1,0,0,0,0,44,0,1
449003,Abyss,kamo,TL,Jett,4,1,0,0,0,0,0,0,0,42,0,0
449003,Abyss,Zellsis,SEN,Kayo,4,0,0,0,0,0,0,0,0,45,4,1
449003,Abyss,johnqt,SEN,Tejo,3,0,0,0,0,0,0,0,0,36,6,1
449003,Abyss,bang,SEN,Astra,0,2,0,0,0,1,0,0,0,20,0,2
449003,Abyss,zekken,SEN,Jett,4,3,0,0,0,0,0,0,0,45,0,2
449003,Abyss,N4RRATE,SEN,Omen,7,2,1,0,0,1,0,0,0,71,0,0
449003,Bind,paTiTek,TL,Skye,0,0,0,0,1,0,0,0,0,20,1,0
449003,Bind,nAts,TL,Viper,6,2,1,0,0,0,0,0,0,98,0,1
449003,Bind,kamyk,TL,Gekko,3,0,0,0,0,0,0,0,0,53,1,1
449003,Bind,Keiko,TL,Brimstone,1,0,1,0,1,0,0,0,0,55,0,1
449003,Bind,kamo,TL,Raze,3,1,0,0,1,0,0,0,0,71,0,0
449003,Bind,Zellsis,SEN,Brimstone,1,1,0,0,0,0,0,0,0,52,1,0
449003,Bind,johnqt,SEN,Tejo,1,0,0,0,0,0,0,0,0,28,2,0
449003,Bind,bang,SEN,Viper,2,1,0,0,0,0,0,0,0,54,1,0
449003,Bind,zekken,SEN,Raze,1,1,0,0,0,0,0,0,0,46,0,0
449003,Bind,N4RRATE,SEN,Skye,2,0,0,0,0,0,0,0,0,38,0,0
449004,Fracture,stax,T1,Breach,1,0,0,0,1,1,0,0,0,36,7,0
449004,Fracture,BuZz,T1,Raze,0,2,0,0,0,0,0,0,0,51,0,1
449004,Fracture,Sylvan,T1,Brimstone,0,0,0,0,0,0,0,0,0,29,2,0
449004,Fracture,Meteor,T1,Vyse,3,1,2,0,0,0,0,0,0,73,0,0
449004,Fracture,iZu,T1,Tejo,3,1,0,0,0,0,0,0,0,56,1,0
449004,Fracture,free1ng,DRX,Tejo,3,3,0,0,0,0,0,0,0,65,0,0
449004,Fracture,MaKo,DRX,Brimstone,3,1,0,0,0,0,0,0,0,36,1,0
449004,Fracture,BeYN,DRX,Breach,2,1,1,0,0,0,0,0,0,55,7,1
449004,Fracture,HYUNMIN,DRX,Yoru,1,0,1,0,0,0,0,0,0,26,0,0
449004,Fracture,Flashback,DRX,Cypher,3,0,0,0,2,0,0,0,0,52,0,1
449004,Pearl,stax,T1,Sova,3,0,0,0,0,0,0,0,0,79,4,2
449004,Pearl,BuZz,T1,Neon,3,1,0,0,0,0,0,0,0,58,0,0
449004,Pearl,Sylvan,T1,Astra,3,2,0,0,0,0,0,0,0,54,0,0
449004,Pearl,Meteor,T1,Killjoy,3,0,1,0,1,0,0,0,0,44,1,0
449004,Pearl,iZu,T1,Yoru,3,2,1,0,0,1,0,0,0,88,0,0
449004,Pearl,free1ng,DRX,Tejo,2,0,0,0,0,0,0,0,0,50,1,0
449004,Pearl,MaKo,DRX,Astra,1,0,0,0,1,0,0,0,0,51,0,0
449004,Pearl,BeYN,DRX,Fade,2,0,0,0,0,0,0,0,0,44,3,0
449004,Pearl,HYUNMIN,DRX,Yoru,1,0,0,0,0,0,0,0,0,33,0,0
449004,Pearl,Flashback,DRX,Vyse,0,2,0,0,0,0,0,0,0,43,2,0
449005,Haven,valyn,G2,Astra,3,0,0,0,0,0,0,0,0,51,2,2
449005,Haven,jawgemo,G2,Yoru,4,2,0,0,0,1,0,0,0,72,0,1
449005,Haven,JonahP,G2,Breach,1,3,0,0,0,0,0,0,0,59,0,0
449005,Haven,leaf,G2,Vyse,0,0,1,0,0,0,0,0,0,34,0,0
449005,Haven,trent,G2,Tejo,2,1,0,0,2,0,0,0,0,56,2,1
449005,Haven,paTiTek,TL,Breach,0,0,0,0,0,0,0,0,0,25,6,0
449005,Haven,nAts,TL,Cypher,4,1,0,0,0,0,0,0,0,54,0,0
449005,Haven,kamyk,TL,Tejo,2,2,0,0,0,0,0,0,0,86,2,0
449005,Haven,Keiko,TL,Omen,3,0,0,0,0,0,0,0,0,46,0,0
449005,Haven,kamo,TL,Jett,2,0,0,0,0,0,0,0,0,40,0,0
449005,Lotus,valyn,G2,Omen,5,1,0,0,1,1,0,0,0,69,2,1
449005,Lotus,jawgemo,G2,Yoru,2,0,0,0,0,0,0,0,0,43,1,1
449005,Lotus,JonahP,G2,Breach,3,0,0,0,0,0,0,0,0,59,1,1
449005,Lotus,leaf,G2,Viper,3,3,0,0,0,0,0,0,0,62,0,1
449005,Lotus,trent,G2,Tejo,3,0,0,0,0,0,0,0,0,37,3,1
449005,Lotus,paTiTek,TL,Breach,1,0,0,0,0,0,0,0,0,33,3,0
449005,Lotus,nAts,TL,Cypher,2,1,1,0,0,0,0,0,0,63,0,0
449005,Lotus,kamyk,TL,Tejo,0,1,0,0,0,0,0,0,0,29,0,0
449005,Lotus,Keiko,TL,Omen,1,1,0,0,0,0,0,0,0,46,1,0
449005,Lotus,kamo,TL,Neon,2,2,0,0,0,0,0,0,0,71,2,1
449008,Split,nobody,EDG,Tejo,3,0,0,0,0,0,0,0,0,44,0,0
449008,Split,ZmjjKK,EDG,Jett,4,3,0,0,0,0,0,0,0,66,1,1
449008,Split,Smoggy,EDG,Omen,2,0,1,0,0,0,0,0,0,65,1,0
449008,Split,S1Mon,EDG,Breach,1,0,0,0,0,0,0,0,0,43,6,0
449008,Split,CHICHOO,EDG,Viper,4,1,1,0,1,0,0,0,0,113,1,1
449008,Split,stax,T1,Fade,1,2,1,0,1,1,0,0,0,55,3,1
449008,Split,BuZz,T1,Raze,3,0,0,0,0,1,0,0,0,48,1,0
449008,Split,Sylvan,T1,Omen,4,0,0,1,0,0,0,0,1,53,3,0
449008,Split,Meteor,T1,Viper,1,0,0,0,0,0,0,0,0,32,0,0
449008,Split,iZu,T1,Yoru,2,0,0,0,1,0,0,0,0,41,0,0
449008,Bind,nobody,EDG,Tejo,1,0,0,0,0,0,0,0,0,53,1,0
449008,Bind,ZmjjKK,EDG,Raze,2,2,0,0,0,0,0,0,0,63,0,1
449008,Bind,Smoggy,EDG,Brimstone,2,0,0,0,0,1,0,0,0,45,3,0
449008,Bind,S1Mon,EDG,Kayo,1,0,0,0,0,0,0,0,0,28,1,0
449008,Bind,CHICHOO,EDG,Vyse,2,3,0,0,0,0,0,0,0,72,0,0
449008,Bind,stax,T1,Kayo,2,0,0,0,0,0,0,0,0,37,5,0
449008,Bind,BuZz,T1,Raze,1,2,2,0,0,0,0,0,0,66,0,0
449008,Bind,Sylvan,T1,Brimstone,4,0,0,0,1,0,0,0,0,53,1,0
449008,Bind,Meteor,T1,Vyse,1,2,0,0,0,0,0,0,0,58,0,0
449008,Bind,iZu,T1,Fade,2,1,1,0,0,0,0,0,0,61,1,0
449008,Pearl,nobody,EDG,Tejo,6,1,0,0,0,0,0,0,0,75,0,1
449008,Pearl,ZmjjKK,EDG,Yoru,2,0,0,0,0,0,0,0,0,25,1,0
449008,Pearl,Smoggy,EDG,Astra,2,0,0,0,1,0,0,0,0,31,2,0
449008,Pearl,S1Mon,EDG,Fade,2,0,0,0,1,0,0,0,0,64,4,0
449008,Pearl,CHICHOO,EDG,Vyse,2,3,2,0,0,1,1,0,0,98,3,0
449008,Pearl,stax,T1,Sova,2,0,0,0,0,0,0,0,0,38,1,0
449008,Pearl,BuZz,T1,Neon,4,1,0,0,0,0,0,0,0,50,0,1
449008,Pearl,Sylvan,T1,Astra,2,3,1,0,0,0,0,0,0,70,4,0
449008,Pearl,Meteor,T1,Killjoy,4,0,0,0,0,0,0,0,0,45,0,0
449008,Pearl,iZu,T1,Yoru,2,1,0,0,2,0,0,0,0,46,1,3
449009,Bind,Sayf,VIT,Tejo,2,2,0,0,0,0,0,0,0,32,3,1
449009,Bind,trexx,VIT,Brimstone,1,1,0,0,0,0,0,0,0,47,2,0
449009,Bind,Derke,VIT,Raze,1,3,0,1,0,1,0,0,0,53,0,1
449009,Bind,Less,VIT,Viper,6,0,0,0,1,1,0,0,0,42,1,1
449009,Bind,Kicks,VIT,Skye,2,3,0,0,1,1,0,0,0,41,5,1
449009,Bind,valyn,G2,Brimstone,3,0,0,0,1,0,0,0,0,42,5,1
449009,Bind,jawgemo,G2,Yoru,5,1,0,0,0,1,0,0,0,37,0,1
449009,Bind,JonahP,G2,Breach,1,1,0,0,1,0,0,0,0,40,5,1
449009,Bind,leaf,G2,Vyse,8,2,0,0,1,0,0,0,0,71,1,1
449009,Bind,trent,G2,Tejo,4,3,0,0,0,1,0,0,0,55,1,0
449009,Lotus,Sayf,VIT,Vyse,3,2,0,0,0,0,0,0,0,54,0,0
449009,Lotus,trexx,VIT,Fade,1,2,0,0,0,0,0,0,0,47,2,1
449009,Lotus,Derke,VIT,Raze,1,1,1,0,0,0,0,0,0,43,1,0
449009,Lotus,Less,VIT,Viper,1,1,0,0,0,0,0,0,0,58,0,0
449009,Lotus,Kicks,VIT,Omen,2,3,0,0,0,0,0,0,0,70,4,2
449009,Lotus,valyn,G2,Omen,1,0,0,0,0,0,0,0,0,25,2,0
449009,Lotus,jawgemo,G2,Yoru,1,1,0,0,0,0,0,0,0,35,1,3
449009,Lotus,JonahP,G2,Breach,2,1,1,0,0,1,0,0,0,49,4,0
449009,Lotus,leaf,G2,Viper,5,2,0,0,0,0,0,0,0,72,0,0
449009,Lotus,trent,G2,Tejo,5,0,0,0,1,0,0,0,0,58,2,1
449010,Lotus,nobody,EDG,Fade,4,0,0,0,0,0,0,0,0,64,1,0
449010,Lotus,ZmjjKK,EDG,Neon,1,1,1,0,0,0,0,0,0,45,0,0
449010,Lotus,Smoggy,EDG,Clove,5,0,1,0,0,0,0,0,0,78,1,1
449010,Lotus,S1Mon,EDG,Breach,1,0,0,0,0,0,0,0,0,29,7,0
449010,Lotus,CHICHOO,EDG,Omen,4,0,0,0,0,0,0,0,0,52,0,0
449010,Lotus,valyn,G2,Omen,3,0,0,0,0,1,0,0,0,61,3,1
449010,Lotus,jawgemo,G2,Yoru,2,2,0,0,1,0,0,0,0,49,0,1
449010,Lotus,JonahP,G2,Breach,3,2,0,0,0,0,0,0,0,58,0,0
449010,Lotus,leaf,G2,Viper,2,1,0,0,1,0,1,0,0,42,0,0
449010,Lotus,trent,G2,Tejo,5,0,0,0,0,0,0,0,0,70,4,2
449010,Split,nobody,EDG,Tejo,1,0,0,0,0,0,0,0,0,37,1,0
449010,Split,ZmjjKK,EDG,Jett,3,2,0,0,0,0,0,0,0,56,1,0
449010,Split,Smoggy,EDG,Omen,2,0,0,0,0,0,0,0,0,48,0,0
449010,Split,S1Mon,EDG,Breach,2,1,0,0,0,0,0,0,0,42,3,0
449010,Split,CHICHOO,EDG,Viper,2,2,0,0,0,0,1,0,0,51,0,0
449010,Split,valyn,G2,Omen,0,1,0,0,0,0,0,0,0,47,0,0
449010,Split,jawgemo,G2,Yoru,7,1,0,0,1,0,0,0,0,73,1,0
449010,Split,JonahP,G2,Breach,4,0,0,0,0,0,0,0,0,47,1,0
449010,Split,leaf,G2,Viper,3,0,1,0,0,0,0,0,0,67,0,1
449010,Split,trent,G2,Tejo,3,2,0,0,1,0,0,0,0,64,3,1
449012,Lotus,stax,T1,Sova,2,0,2,0,1,0,0,0,0,52,8,0
449012,Lotus,BuZz,T1,Raze,2,3,0,0,0,0,0,0,0,53,1,0
449012,Lotus,Sylvan,T1,Omen,3,0,0,0,0,0,0,0,0,37,0,0
449012,Lotus,Meteor,T1,Iso,4,1,0,0,0,0,0,0,0,48,1,1
449012,Lotus,iZu,T1,Cypher,3,2,0,0,0,1,0,0,0,29,2,1
449012,Lotus,Sayf,VIT,Vyse,1,1,0,0,0,0,0,0,0,39,1,0
449012,Lotus,trexx,VIT,Fade,2,2,0,0,2,0,0,0,0,52,4,0
449012,Lotus,Derke,VIT,Raze,2,2,1,0,0,0,0,0,0,54,1,1
449012,Lotus,Less,VIT,Viper,4,2,1,0,0,0,0,0,0,60,0,2
449012,Lotus,Kicks,VIT,Omen,1,1,0,0,0,0,0,0,0,43,5,1
449012,Haven,stax,T1,Sova,0,2,0,0,0,0,0,0,0,93,0,0
449012,Haven,BuZz,T1,Yoru,2,1,0,0,0,0,0,0,0,60,1,1
449012,Haven,Sylvan,T1,Omen,0,1,0,0,0,0,0,0,0,46,1,1
449012,Haven,Meteor,T1,Iso,2,1,0,0,0,1,0,0,0,42,1,1
449012,Haven,iZu,T1,Cypher,6,1,0,0,0,1,0,0,0,66,1,1
449012,Haven,Sayf,VIT,Jett,4,0,0,0,0,0,0,0,0,65,0,0
449012,Haven,trexx,VIT,Sova,2,0,0,0,0,0,0,0,0,68,3,0
449012,Haven,Derke,VIT,Yoru,2,0,0,0,0,0,0,0,0,47,1,0
449012,Haven,Less,VIT,Cypher,0,0,0,0,0,0,0,0,0,19,0,0
449012,Haven,Kicks,VIT,Omen,0,0,0,0,0,0,0,0,0,28,4,0
449012,Split,stax,T1,Fade,3,0,0,0,0,0,0,0,0,51,3,1
449012,Split,BuZz,T1,Raze,3,3,0,0,0,0,0,0,0,62,0,0
449012,Split,Sylvan,T1,Omen,2,2,0,0,0,0,0,0,0,62,3,0
449012,Split,Meteor,T1,Viper,2,1,1,0,0,0,0,0,0,63,0,1
449012,Split,iZu,T1,Yoru,4,1,0,0,0,0,0,0,0,62,0,1
449012,Split,Sayf,VIT,Omen,2,0,0,0,0,0,0,0,0,30,0,0
449012,Split,trexx,VIT,Fade,4,0,0,0,1,0,0,0,0,49,3,0
449012,Split,Derke,VIT,Raze,1,1,0,0,1,0,0,0,0,50,0,1
449012,Split,Less,VIT,Viper,2,0,1,0,1,0,0,0,0,43,1,0
449012,Split,Kicks,VIT,Breach,1,0,0,0,1,0,0,0,0,27,2,1
449013,Bind,nobody,EDG,Tejo,1,0,0,0,0,0,0,0,0,38,2,1
449013,Bind,ZmjjKK,EDG,Raze,2,0,0,0,0,0,0,0,0,51,0,0
449013,Bind,Smoggy,EDG,Brimstone,1,0,0,0,0,0,0,0,0,34,3,0
449013,Bind,S1Mon,EDG,Kayo,3,0,0,0,0,1,0,0,0,42,0,0
449013,Bind,CHICHOO,EDG,Vyse,1,0,0,0,0,0,0,0,0,33,0,0
449013,Bind,stax,T1,Kayo,5,1,0,0,0,0,0,0,0,70,3,0
449013,Bind,BuZz,T1,Raze,2,1,1,0,0,0,0,0,0,70,1,0
449013,Bind,Sylvan,T1,Brimstone,1,0,0,0,0,0,0,0,0,46,0,0
449013,Bind,Meteor,T1,Vyse,2,3,0,1,0,0,0,0,0,92,0,0
449013,Bind,iZu,T1,Fade,1,0,1,0,0,0,1,0,0,49,0,2
449013,Haven,nobody,EDG,Tejo,1,0,0,0,0,0,0,0,0,38,2,2
449013,Haven,ZmjjKK,EDG,Jett,5,4,0,0,0,0,1,0,0,69,1,0
449013,Haven,Smoggy,EDG,Omen,1,0,0,0,0,0,0,0,0,41,1,0
449013,Haven,S1Mon,EDG,Breach,1,0,0,0,0,0,0,0,0,39,3,0
449013,Haven,CHICHOO,EDG,Cypher,4,3,0,0,0,0,0,0,0,76,1,0
449013,Haven,stax,T1,Sova,4,0,0,0,0,0,0,0,0,47,2,0
449013,Haven,BuZz,T1,Yoru,4,3,0,1,2,0,0,0,0,67,0,0
449013,Haven,Sylvan,T1,Omen,2,0,0,0,1,0,0,0,0,40,6,0
449013,Haven,Meteor,T1,Iso,2,2,0,0,0,0,0,0,0,52,1,0
449013,Haven,iZu,T1,Cypher,6,1,0,0,2,1,0,0,0,75,0,0
449013,Fracture,nobody,EDG,Tejo,6,0,0,0,0,0,0,0,0,60,2,0
449013,Fracture,ZmjjKK,EDG,Neon,5,1,0,0,0,0,0,0,0,54,1,2
449013,Fracture,Smoggy,EDG,Brimstone,3,0,1,0,1,0,0,0,0,46,2,1
449013,Fracture,S1Mon,EDG,Breach,1,1,0,0,0,0,0,0,0,38,5,0
449013,Fracture,CHICHOO,EDG,Cypher,4,1,0,0,1,2,0,0,0,39,0,1
449013,Fracture,stax,T1,Breach,5,1,0,0,1,0,0,0,0,62,7,1
449013,Fracture,BuZz,T1,Raze,5,1,1,0,0,0,0,0,0,43,1,1
449013,Fracture,Sylvan,T1,Brimstone,3,1,0,0,0,0,0,0,0,45,2,0
449013,Fracture,Meteor,T1,Vyse,3,2,0,0,0,0,0,0,0,53,0,0
449013,Fracture,iZu,T1,Tejo,5,0,0,0,1,0,0,0,0,64,0,0
449013,Split,nobody,EDG,Tejo,1,0,0,0,0,0,0,0,0,46,0,0
449013,Split,ZmjjKK,EDG,Jett,3,0,0,0,0,0,0,0,0,34,1,0
449013,Split,Smoggy,EDG,Omen,6,1,0,0,1,0,0,0,0,92,1,0
449013,Split,S1Mon,EDG,Breach,1,0,0,0,0,0,0,0,0,18,3,0
449013,Split,CHICHOO,EDG,Viper,1,1,0,0,0,0,0,0,0,45,0,0
449013,Split,stax,T1,Fade,2,0,0,0,0,1,0,0,0,54,2,0
449013,Split,BuZz,T1,Raze,1,2,0,0,0,0,0,0,0,51,2,0
449013,Split,Sylvan,T1,Omen,1,1,0,0,0,0,0,0,0,57,2,0
449013,Split,Meteor,T1,Viper,4,0,0,0,1,0,0,0,0,49,0,0
449013,Split,iZu,T1,Yoru,4,0,1,0,0,0,0,0,0,94,0,0
449011,Lotus,valyn,G2,Omen,1,1,0,0,0,0,0,0,0,49,2,0
449011,Lotus,jawgemo,G2,Yoru,2,3,0,0,1,0,0,0,0,49,1,1
449011,Lotus,JonahP,G2,Breach,1,0,0,0,0,0,0,0,0,31,2,0
449011,Lotus,leaf,G2,Viper,3,2,0,0,0,0,0,0,0,73,1,0
449011,Lotus,trent,G2,Tejo,5,0,0,0,0,0,1,0,0,76,3,0
449011,Lotus,stax,T1,Sova,1,0,0,0,0,0,0,0,0,36,2,0
449011,Lotus,BuZz,T1,Raze,2,1,0,0,1,0,0,0,0,72,0,1
449011,Lotus,Sylvan,T1,Omen,1,0,0,0,0,0,0,0,0,39,0,0
449011,Lotus,Meteor,T1,Iso,1,0,1,0,0,0,0,0,0,49,0,0
449011,Lotus,iZu,T1,Cypher,2,1,0,0,0,0,0,0,0,62,0,0
449011,Haven,valyn,G2,Astra,2,1,0,0,0,0,0,0,0,51,1,1
449011,Haven,jawgemo,G2,Yoru,4,0,0,0,0,0,0,0,0,51,1,0
449011,Haven,JonahP,G2,Breach,2,1,0,0,0,0,0,0,0,36,2,0
449011,Haven,leaf,G2,Vyse,2,0,0,0,0,0,0,0,0,48,0,1
449011,Haven,trent,G2,Tejo,3,1,1,0,1,0,0,0,0,75,5,0
449011,Haven,stax,T1,Sova,2,0,0,0,0,0,0,0,0,52,6,0
449011,Haven,BuZz,T1,Yoru,4,1,0,0,0,0,0,0,0,50,1,0
449011,Haven,Sylvan,T1,Omen,6,1,0,0,0,0,0,0,0,56,1,1
449011,Haven,Meteor,T1,Iso,1,3,0,0,0,1,0,0,0,64,0,1
449011,Haven,iZu,T1,Cypher,2,1,0,0,1,1,0,0,0,56,1,1
449011,Abyss,valyn,G2,Astra,3,1,0,0,0,0,0,0,0,54,2,0
449011,Abyss,jawgemo,G2,Yoru,2,2,0,1,0,0,0,1,0,55,1,0
449011,Abyss,JonahP,G2,Breach,3,1,0,0,0,0,0,0,0,39,2,0
449011,Abyss,leaf,G2,Chamber,6,0,0,0,0,0,0,0,0,45,0,1
449011,Abyss,trent,G2,Sova,5,1,0,0,0,1,0,0,0,62,2,1
449011,Abyss,stax,T1,Tejo,4,0,0,0,0,1,0,0,0,62,4,1
449011,Abyss,BuZz,T1,Jett,3,1,0,0,0,0,0,0,0,42,0,0
449011,Abyss,Sylvan,T1,Omen,3,0,0,0,0,1,0,0,0,43,0,0
449011,Abyss,Meteor,T1,Reyna,0,2,0,0,0,0,0,0,0,32,0,0
449011,Abyss,iZu,T1,Fade,1,0,0,0,0,0,0,0,0,50,5,0
449011,Split,valyn,G2,Omen,6,2,1,0,0,0,0,0,0,62,3,2
449011,Split,jawgemo,G2,Yoru,3,3,1,0,1,1,0,0,0,62,1,1
449011,Split,JonahP,G2,Breach,2,0,0,0,0,0,0,0,0,34,1,0
449011,Split,leaf,G2,Viper,2,0,0,0,0,1,0,0,0,40,0,1
449011,Split,trent,G2,Tejo,4,0,0,0,0,1,0,0,0,41,0,2
449011,Split,stax,T1,Fade,5,0,1,0,0,0,0,0,0,51,4,0
449011,Split,BuZz,T1,Raze,1,0,0,0,1,0,0,0,0,20,0,0
449011,Split,Sylvan,T1,Omen,4,4,0,0,1,0,0,0,0,42,5,0
449011,Split,Meteor,T1,Viper,6,2,0,1,1,0,1,0,0,67,1,1
449011,Split,iZu,T1,Yoru,6,0,0,0,0,0,0,0,0,43,1,0
449011,Pearl,valyn,G2,Astra,4,1,1,0,0,0,0,0,0,41,3,2
449011,Pearl,jawgemo,G2,Yoru,4,3,0,0,1,0,0,0,0,55,2,1
449011,Pearl,JonahP,G2,Vyse,3,1,0,0,1,0,0,0,0,42,1,1
449011,Pearl,leaf,G2,Chamber,4,0,0,0,0,0,0,0,0,29,0,2
449011,Pearl,trent,G2,Sova,4,2,0,0,1,0,0,0,0,40,2,2
449011,Pearl,stax,T1,Sova,4,1,0,0,0,1,0,0,0,45,8,0
449011,Pearl,BuZz,T1,Neon,6,1,1,0,0,0,0,0,0,47,0,0
449011,Pearl,Sylvan,T1,Astra,4,0,0,0,1,0,1,0,0,31,3,2
449011,Pearl,Meteor,T1,Killjoy,6,1,0,0,0,0,0,0,0,54,1,0
449011,Pearl,iZu,T1,Yoru,3,1,0,0,0,0,0,0,0,29,1,2
