scraped_at,player,player_name,team,player_url,player_id,agents_played,agents_count,agents_display,rounds,rating,acs,kd_ratio,kast,adr,kpr,apr,fkpr,fdpr,hs_percent,cl_percent,clutches,k_max,kills,deaths,assists,first_kills,first_deaths
2025-08-27T18:55:11.582708,CHICHOO,CHICHOO,EDG,https://www.vlr.gg/player/15559/chichoo,15559,"['Viper', 'Vyse', 'Omen']",4,"Viper, Vyse, Omen, (+1)",313,1.23,235.6,1.27,71%,158.1,0.87,0.28,0.08,0.07,28%,22%,11/51,36,271,213,87,24,22
2025-08-27T18:55:11.584717,nAts,nAts,TL,https://www.vlr.gg/player/457/nats,457,"['Viper', 'Chamber', 'Cypher']",3,"Viper, Chamber, Cypher",155,1.21,257.6,1.32,72%,155.1,0.91,0.19,0.09,0.12,26%,13%,3/23,25,141,107,29,14,18
2025-08-27T18:55:11.585716,trent,trent,G2,https://www.vlr.gg/player/15500/trent,15500,"['Tejo', 'Sova']",2,"Tejo, Sova",360,1.21,220.0,1.21,75%,146.9,0.76,0.32,0.09,0.09,25%,29%,14/48,26,274,226,116,31,31
2025-08-27T18:55:11.586821,Derke,Derke,VIT,https://www.vlr.gg/player/5022/derke,5022,"['Raze', 'Yoru', 'Jett']",3,"Raze, Yoru, Jett",225,1.18,257.2,1.20,70%,166.8,0.91,0.17,0.20,0.20,22%,31%,5/16,32,204,170,38,46,45
2025-08-27T18:55:11.587821,iZu,iZu,T1,https://www.vlr.gg/player/29833/izu,29833,"['Yoru', 'Fade', 'Cypher']",4,"Yoru, Fade, Cypher, (+1)",453,1.13,207.1,1.24,75%,130.6,0.75,0.21,0.11,0.09,30%,31%,19/61,21,341,276,96,48,40
2025-08-27T18:55:11.588831,free1ng,free1ng,DRX,https://www.vlr.gg/player/1916/free1ng,1916,['Tejo'],1,Tejo,149,1.10,227.3,1.16,77%,146.9,0.79,0.26,0.12,0.11,29%,7%,1/15,24,117,101,38,18,16
2025-08-27T18:55:11.589821,Keiko,Keiko,TL,https://www.vlr.gg/player/11494/keiko,11494,"['Raze', 'Astra', 'Omen']",4,"Raze, Astra, Omen, (+1)",155,1.09,198.9,1.09,77%,137.7,0.75,0.34,0.10,0.08,30%,10%,2/20,31,117,107,52,15,12
2025-08-27T18:55:11.591716,trexx,trexx,VIT,https://www.vlr.gg/player/2168/trexx,2168,"['Brimstone', 'Fade', 'Sova']",4,"Brimstone, Fade, Sova, (+1)",225,1.09,207.3,1.02,72%,134.3,0.68,0.44,0.05,0.05,19%,9%,3/32,28,153,150,98,12,11
2025-08-27T18:55:11.592769,BeYN,BeYN,DRX,https://www.vlr.gg/player/4678/beyn,4678,"['Breach', 'Sova', 'Fade']",3,"Breach, Sova, Fade",149,1.08,182.4,1.03,78%,117.3,0.64,0.44,0.06,0.07,25%,21%,4/19,17,95,92,65,9,10
2025-08-27T18:55:11.594274,BuZz,BuZz,T1,https://www.vlr.gg/player/804/buzz,804,"['Raze', 'Neon', 'Yoru']",4,"Raze, Neon, Yoru, (+1)",453,1.08,239.5,1.12,72%,150.4,0.82,0.24,0.17,0.14,17%,20%,6/30,26,370,331,107,78,62
2025-08-27T18:55:11.596281,valyn,valyn,G2,https://www.vlr.gg/player/3885/valyn,3885,"['Brimstone', 'Omen', 'Astra']",3,"Brimstone, Omen, Astra",360,1.08,186.8,1.06,76%,122.1,0.68,0.44,0.08,0.08,23%,14%,5/37,26,244,231,158,29,27
2025-08-27T18:55:11.597297,leaf,leaf,G2,https://www.vlr.gg/player/7873/leaf,7873,"['Vyse', 'Viper', 'Chamber']",3,"Vyse, Viper, Chamber",360,1.06,207.3,1.09,74%,137.5,0.74,0.25,0.11,0.10,24%,12%,5/41,28,267,244,91,38,36
2025-08-27T18:55:11.598281,N4RRATE,N4RRATE,SEN,https://www.vlr.gg/player/36245/n4rrate,36245,"['Fade', 'Breach', 'Omen']",4,"Fade, Breach, Omen, (+1)",103,1.05,202.4,0.97,76%,148.4,0.73,0.39,0.13,0.04,27%,13%,2/15,33,75,77,40,13,4
2025-08-27T18:55:11.600654,Meteor,Meteor,T1,https://www.vlr.gg/player/13039/meteor,13039,"['Viper', 'Vyse', 'Killjoy']",5,"Viper, Vyse, Killjoy, (+2)",453,1.04,229.0,1.09,71%,152.8,0.81,0.23,0.17,0.11,33%,16%,7/45,30,366,337,103,75,50
2025-08-27T18:55:11.601652,Less,Less,VIT,https://www.vlr.gg/player/8447/less,8447,"['Viper', 'Cypher', 'Brimstone']",4,"Viper, Cypher, Brimstone, (+1)",225,1.03,197.1,1.03,68%,128.8,0.72,0.31,0.06,0.12,29%,20%,6/30,23,163,159,69,14,26
2025-08-27T18:55:11.602652,jawgemo,jawgemo,G2,https://www.vlr.gg/player/3993/jawgemo,3993,"['Yoru', 'Raze']",2,"Yoru, Raze",360,1.03,218.5,1.06,71%,142.9,0.77,0.29,0.13,0.18,23%,38%,9/24,29,277,262,104,47,64
2025-08-27T18:55:11.603652,Sylvan,Sylvan,T1,https://www.vlr.gg/player/4056/sylvan,4056,"['Omen', 'Brimstone', 'Astra']",3,"Omen, Brimstone, Astra",408,1.02,186.1,0.97,77%,114.6,0.64,0.64,0.08,0.04,27%,17%,7/42,25,260,267,262,31,18
2025-08-27T18:55:11.605664,ZmjjKK,ZmjjKK,EDG,https://www.vlr.gg/player/3520/zmjjkk,3520,"['Jett', 'Raze', 'Yoru']",4,"Jett, Raze, Yoru, (+1)",313,1.01,236.2,1.04,70%,151.0,0.83,0.19,0.21,0.22,23%,4%,1/27,33,260,249,59,66,70
2025-08-27T18:55:11.606654,stax,stax,T1,https://www.vlr.gg/player/485/stax,485,"['Fade', 'Kayo', 'Sova']",5,"Fade, Kayo, Sova, (+2)",453,1.01,173.6,1.01,74%,120.3,0.63,0.34,0.04,0.04,31%,17%,10/59,22,284,282,154,20,20
2025-08-27T18:55:11.610004,Smoggy,Smoggy,EDG,https://www.vlr.gg/player/4742/smoggy,4742,"['Omen', 'Brimstone', 'Astra']",4,"Omen, Brimstone, Astra, (+1)",313,1.01,191.1,0.93,74%,124.6,0.65,0.49,0.10,0.06,30%,20%,9/45,24,203,219,152,30,20
2025-08-27T18:55:11.611989,Flashback,Flashback,DRX,https://www.vlr.gg/player/35013/flashback,35013,"['Cypher', 'Vyse']",2,"Cypher, Vyse",149,1.00,180.4,1.00,71%,126.4,0.68,0.17,0.09,0.07,26%,8%,2/25,26,101,101,26,13,11
2025-08-27T18:55:11.612991,kamo,kamo,TL,https://www.vlr.gg/player/14681/kamo,14681,"['Yoru', 'Jett', 'Raze']",4,"Yoru, Jett, Raze, (+1)",155,0.99,215.0,1.02,66%,144.5,0.75,0.15,0.18,0.17,27%,13%,2/15,34,117,115,23,28,27
2025-08-27T18:55:11.613988,JonahP,JonahP,G2,https://www.vlr.gg/player/4581/jonahp,4581,"['Breach', 'Vyse', 'Skye']",3,"Breach, Vyse, Skye",360,0.98,187.6,0.93,78%,119.3,0.65,0.46,0.08,0.07,24%,9%,4/44,21,235,254,164,30,26
2025-08-27T18:55:11.614988,Kicks,Kicks,VIT,https://www.vlr.gg/player/11134/kicks,11134,"['Skye', 'Omen', 'Breach']",3,"Skye, Omen, Breach",225,0.94,174.3,0.93,73%,115.0,0.63,0.36,0.05,0.11,27%,22%,6/27,20,142,153,82,11,25
2025-08-27T18:55:11.615988,nobody,nobody,EDG,https://www.vlr.gg/player/3017/nobody,3017,"['Tejo', 'Fade']",2,"Tejo, Fade",313,0.94,180.1,0.90,71%,123.9,0.62,0.23,0.09,0.09,30%,4%,1/24,25,195,216,71,27,27
2025-08-27T18:55:11.616987,bang,bang,SEN,https://www.vlr.gg/player/3880/bang,3880,"['Omen', 'Astra', 'Viper']",3,"Omen, Astra, Viper",103,0.93,186.0,0.91,68%,113.8,0.65,0.32,0.11,0.11,31%,25%,2/8,22,67,74,33,11,11
2025-08-27T18:55:11.617988,Kai,Kai,TE,https://www.vlr.gg/player/37494/kai,37494,"['Vyse', 'Jett']",2,"Vyse, Jett",74,0.92,200.8,0.87,62%,128.6,0.73,0.12,0.14,0.12,31%,8%,1/13,20,54,62,9,10,9
2025-08-27T18:55:11.618987,zekken,zekken,SEN,https://www.vlr.gg/player/4004/zekken,4004,"['Raze', 'Jett']",2,"Raze, Jett",103,0.92,196.6,0.99,69%,135.1,0.70,0.11,0.16,0.23,29%,14%,1/7,25,72,73,11,16,24
2025-08-27T18:55:11.620004,MaKo,MaKo,DRX,https://www.vlr.gg/player/4462/mako,4462,"['Omen', 'Brimstone', 'Astra']",3,"Omen, Brimstone, Astra",149,0.92,173.3,0.83,74%,118.4,0.57,0.48,0.05,0.11,24%,13%,2/15,25,85,103,72,8,16
2025-08-27T18:55:11.621002,HYUNMIN,HYUNMIN,DRX,https://www.vlr.gg/player/28400/hyunmin,28400,['Yoru'],1,Yoru,149,0.90,205.9,0.89,71%,134.0,0.72,0.22,0.17,0.15,32%,0%,0/7,23,108,121,33,25,23
2025-08-27T18:55:11.622002,kamyk,kamyk,TL,https://www.vlr.gg/player/1475/kamyk,1475,"['Astra', 'Sova', 'Tejo']",4,"Astra, Sova, Tejo, (+1)",155,0.86,180.3,0.85,74%,118.3,0.61,0.25,0.06,0.06,31%,10%,2/21,23,95,112,38,9,9
2025-08-27T18:55:11.624011,Biank,Biank,TE,https://www.vlr.gg/player/3021/biank,3021,"['Fade', 'Sova']",2,"Fade, Sova",74,0.85,166.8,0.72,59%,115.6,0.55,0.24,0.07,0.08,19%,22%,2/9,14,41,57,18,5,6
2025-08-27T18:55:11.625987,S1Mon,S1Mon,EDG,https://www.vlr.gg/player/13768/s1mon,13768,"['Breach', 'Kayo', 'Fade']",3,"Breach, Kayo, Fade",313,0.83,151.5,0.75,71%,100.7,0.54,0.42,0.03,0.06,30%,17%,6/35,19,169,225,133,9,18
2025-08-27T18:55:11.628002,johnqt,johnqt,SEN,https://www.vlr.gg/player/1265/johnqt,1265,"['Viper', 'Tejo']",2,"Viper, Tejo",103,0.82,159.8,0.79,75%,105.3,0.59,0.25,0.04,0.06,19%,0%,0/13,18,61,77,26,4,6
2025-08-27T18:55:11.629002,Zellsis,Zellsis,SEN,https://www.vlr.gg/player/729/zellsis,729,"['Vyse', 'Kayo', 'Brimstone']",3,"Vyse, Kayo, Brimstone",103,0.77,159.8,0.63,70%,109.3,0.50,0.39,0.05,0.09,19%,0%,0/20,17,51,81,40,5,9
2025-08-27T18:55:11.630030,Sayf,Sayf,VIT,https://www.vlr.gg/player/312/sayf,312,"['Tejo', 'Vyse', 'Jett']",4,"Tejo, Vyse, Jett, (+1)",225,0.75,155.9,0.74,69%,100.1,0.53,0.25,0.07,0.09,22%,9%,2/22,18,119,160,56,15,20
2025-08-27T18:55:11.631029,LuoK1ng,LuoK1ng,TE,https://www.vlr.gg/player/3045/luok1ng,3045,"['Omen', 'Astra']",2,"Omen, Astra",74,0.74,155.8,0.67,66%,105.2,0.54,0.31,0.05,0.07,34%,0%,0/16,13,40,60,23,4,5
2025-08-27T18:55:11.632028,paTiTek,paTiTek,TL,https://www.vlr.gg/player/309/patitek,309,"['Fade', 'Vyse', 'Breach']",5,"Fade, Vyse, Breach, (+2)",155,0.73,144.0,0.65,70%,97.8,0.47,0.43,0.06,0.08,25%,7%,1/15,18,73,112,67,10,13
2025-08-27T18:55:11.633014,heybay,heybay,TE,https://www.vlr.gg/player/4712/heybay,4712,"['Viper', 'Kayo', 'Breach']",3,"Viper, Kayo, Breach",74,0.69,134.3,0.54,59%,89.7,0.42,0.30,0.07,0.09,26%,0%,0/8,12,31,57,22,5,7
2025-08-27T18:55:11.636014,carpe,carpe,T1,https://www.vlr.gg/player/31207/carpe,31207,['Brimstone'],1,Brimstone,45,0.63,140.5,0.57,67%,92.1,0.44,0.38,0.09,0.13,27%,25%,1/4,14,20,35,17,4,6
2025-08-27T18:55:11.638028,FengF,FengF,TE,https://www.vlr.gg/player/4770/fengf,4770,"['Raze', 'Omen', 'Cypher']",3,"Raze, Omen, Cypher",74,0.55,151.0,0.56,57%,104.6,0.47,0.16,0.11,0.20,21%,13%,1/8,14,35,63,12,8,15
