scraped_at,date,match_url,match_id,time,team1,score1,team2,score2,score,winner,status,week,stage
2025-08-23T23:24:30.690158,"Wed, January 15, 2025",https://www.vlr.gg/429381/bbl-esports-vs-giantx-champions-tour-2025-emea-kickoff-ur1,429381,10:30 PM,BBL Esports,2,GIANTX,1,2-1,BBL Esports,Completed,Upper Round 1,Main Event
2025-08-23T23:24:30.791715,"Thu, January 16, 2025",https://www.vlr.gg/429380/karmine-corp-vs-natus-vincere-champions-tour-2025-emea-kickoff-ur1,429380,2:00 AM,Karmine Corp,2,Natus Vincere,1,2-1,Karmine Corp,Completed,Upper Round 1,Main Event
2025-08-23T23:24:30.893083,"Thu, January 16, 2025",https://www.vlr.gg/429379/team-liquid-vs-koi-champions-tour-2025-emea-kickoff-ur1,429379,10:30 PM,Team Liquid,2,KOI,1,2-1,Team Liquid,Completed,Upper Round 1,Main Event
2025-08-23T23:24:30.994250,"Fri, January 17, 2025",https://www.vlr.gg/429382/apeks-vs-gentle-mates-champions-tour-2025-emea-kickoff-ur1,429382,1:40 AM,Apeks,0,Gentle Mates,2,0-2,Gentle Mates,Completed,Upper Round 1,Main Event
2025-08-23T23:24:31.095451,"Fri, January 17, 2025",https://www.vlr.gg/429385/fnatic-vs-bbl-esports-champions-tour-2025-emea-kickoff-ubqf,429385,10:30 PM,FNATIC,1,BBL Esports,2,1-2,BBL Esports,Completed,Upper Quarterfinals,Main Event
2025-08-23T23:24:31.196610,"Sat, January 18, 2025",https://www.vlr.gg/429384/team-vitality-vs-karmine-corp-champions-tour-2025-emea-kickoff-ubqf,429384,2:30 AM,Team Vitality,2,Karmine Corp,1,2-1,Team Vitality,Completed,Upper Quarterfinals,Main Event
2025-08-23T23:24:31.297601,"Wed, January 22, 2025",https://www.vlr.gg/429383/fut-esports-vs-team-liquid-champions-tour-2025-emea-kickoff-ubqf,429383,10:30 PM,FUT Esports,2,Team Liquid,0,2-0,FUT Esports,Completed,Upper Quarterfinals,Main Event
2025-08-23T23:24:31.398611,"Thu, January 23, 2025",https://www.vlr.gg/429386/team-heretics-vs-gentle-mates-champions-tour-2025-emea-kickoff-ubqf,429386,12:40 AM,Team Heretics,2,Gentle Mates,1,2-1,Team Heretics,Completed,Upper Quarterfinals,Main Event
2025-08-23T23:24:31.500025,"Thu, January 23, 2025",https://www.vlr.gg/429393/karmine-corp-vs-giantx-champions-tour-2025-emea-kickoff-lr1,429393,10:30 PM,Karmine Corp,1,GIANTX,2,1-2,GIANTX,Completed,Lower Round 1,Main Event
2025-08-23T23:24:31.613425,"Fri, January 24, 2025",https://www.vlr.gg/429392/fnatic-vs-natus-vincere-champions-tour-2025-emea-kickoff-lr1,429392,2:00 AM,FNATIC,2,Natus Vincere,1,2-1,FNATIC,Completed,Lower Round 1,Main Event
2025-08-23T23:24:31.714785,"Fri, January 24, 2025",https://www.vlr.gg/429394/team-liquid-vs-apeks-champions-tour-2025-emea-kickoff-lr1,429394,10:30 PM,Team Liquid,2,Apeks,1,2-1,Team Liquid,Completed,Lower Round 1,Main Event
2025-08-23T23:24:31.817069,"Sat, January 25, 2025",https://www.vlr.gg/429391/gentle-mates-vs-koi-champions-tour-2025-emea-kickoff-lr1,429391,1:40 AM,Gentle Mates,2,KOI,1,2-1,Gentle Mates,Completed,Lower Round 1,Main Event
2025-08-23T23:24:31.918383,"Wed, January 29, 2025",https://www.vlr.gg/429388/bbl-esports-vs-team-heretics-champions-tour-2025-emea-kickoff-ubsf,429388,10:30 PM,BBL Esports,0,Team Heretics,2,0-2,Team Heretics,Completed,Upper Semifinals,Main Event
2025-08-23T23:24:32.019164,"Thu, January 30, 2025",https://www.vlr.gg/429387/fut-esports-vs-team-vitality-champions-tour-2025-emea-kickoff-ubsf,429387,12:55 AM,FUT Esports,0,Team Vitality,2,0-2,Team Vitality,Completed,Upper Semifinals,Main Event
2025-08-23T23:24:32.119978,"Thu, January 30, 2025",https://www.vlr.gg/429395/gentle-mates-vs-fnatic-champions-tour-2025-emea-kickoff-lr2,429395,10:30 PM,Gentle Mates,0,FNATIC,2,0-2,FNATIC,Completed,Lower Round 2,Main Event
2025-08-23T23:24:32.221103,"Fri, January 31, 2025",https://www.vlr.gg/429396/giantx-vs-team-liquid-champions-tour-2025-emea-kickoff-lr2,429396,12:45 AM,GIANTX,0,Team Liquid,2,0-2,Team Liquid,Completed,Lower Round 2,Main Event
2025-08-23T23:24:32.321946,"Fri, January 31, 2025",https://www.vlr.gg/429397/fut-esports-vs-fnatic-champions-tour-2025-emea-kickoff-lr3,429397,10:30 PM,FUT Esports,2,FNATIC,0,2-0,FUT Esports,Completed,Lower Round 3,Main Event
2025-08-23T23:24:32.423321,"Sat, February 1, 2025",https://www.vlr.gg/429398/bbl-esports-vs-team-liquid-champions-tour-2025-emea-kickoff-lr3,429398,12:45 AM,BBL Esports,1,Team Liquid,2,1-2,Team Liquid,Completed,Lower Round 3,Main Event
2025-08-23T23:24:32.524683,"Fri, February 7, 2025",https://www.vlr.gg/429389/team-vitality-vs-team-heretics-champions-tour-2025-emea-kickoff-ubf,429389,10:30 PM,Team Vitality,2,Team Heretics,0,2-0,Team Vitality,Completed,Upper Final,Main Event
2025-08-23T23:24:32.625318,"Sat, February 8, 2025",https://www.vlr.gg/429400/fut-esports-vs-team-liquid-champions-tour-2025-emea-kickoff-lr4,429400,12:40 AM,FUT Esports,1,Team Liquid,2,1-2,Team Liquid,Completed,Lower Round 4,Main Event
2025-08-23T23:24:32.726502,"Sat, February 8, 2025",https://www.vlr.gg/429401/team-heretics-vs-team-liquid-champions-tour-2025-emea-kickoff-lbf,429401,10:30 PM,Team Heretics,0,Team Liquid,3,0-3,Team Liquid,Completed,Lower Final,Main Event
2025-08-23T23:24:32.828556,"Sun, February 9, 2025",https://www.vlr.gg/429390/team-vitality-vs-team-liquid-champions-tour-2025-emea-kickoff-gf,429390,10:30 PM,Team Vitality,3,Team Liquid,2,3-2,Team Vitality,Completed,Grand Final,Main Event
