Match ID,Map,Player,Team,Agent,2K,3K,4K,5K,1v1,1v2,1v3,1v4,1v5,ECON,PL,DE
429381,Lotus,vakk,BBL,Cypher,2,0,0,0,0,0,0,0,0,42,0,0
429381,Lotus,PROFEK,BBL,Omen,2,2,0,0,0,0,0,0,0,69,0,0
429381,Lotus,sociablEE,BBL,Fade,5,0,0,0,0,1,0,0,0,75,0,1
429381,Lotus,Jamppi,BBL,Breach,4,0,0,0,1,0,0,0,0,52,5,1
429381,Lotus,LewN,BBL,Raze,5,2,0,0,0,0,0,0,0,68,1,1
429381,Lotus,purp0,GX,Raze,4,0,0,0,0,0,0,0,0,34,0,0
429381,Lotus,Cloud,GX,Fade,3,2,0,0,0,0,0,0,0,61,6,0
429381,Lotus,tomaszy,GX,Omen,2,0,0,0,0,0,0,0,0,39,2,0
429381,Lotus,runneR,GX,Vyse,2,0,0,0,0,0,0,0,0,31,1,0
429381,Lotus,westside,GX,Viper,1,1,0,0,0,1,0,0,0,56,0,1
429381,Haven,vakk,BBL,Cypher,2,0,0,0,0,0,0,0,0,28,0,0
429381,Haven,PROFEK,BBL,Omen,0,0,2,0,1,0,0,0,0,44,1,1
429381,Haven,sociablEE,BBL,Sova,4,0,0,0,0,0,0,0,0,36,3,1
429381,Haven,Jamppi,BBL,Breach,3,0,0,0,0,0,0,0,0,41,6,1
429381,Haven,LewN,BBL,Jett,3,4,0,0,0,0,0,0,0,59,0,0
429381,Haven,purp0,GX,Jett,2,2,0,0,0,0,0,0,0,51,1,1
429381,Haven,Cloud,GX,Sova,2,1,0,0,0,0,0,0,0,61,3,1
429381,Haven,tomaszy,GX,Omen,4,1,0,0,1,0,0,0,0,64,1,0
429381,Haven,runneR,GX,Breach,6,0,0,0,0,1,0,0,0,41,4,3
429381,Haven,westside,GX,Killjoy,3,2,0,0,0,0,0,0,0,59,0,0
429381,Pearl,vakk,BBL,Vyse,1,0,0,0,0,0,0,0,0,25,2,0
429381,Pearl,PROFEK,BBL,Astra,4,1,1,0,0,0,0,0,0,67,2,0
429381,Pearl,sociablEE,BBL,Chamber,5,1,0,1,1,0,0,0,0,77,1,1
429381,Pearl,Jamppi,BBL,Sova,1,1,0,0,0,1,0,0,0,58,4,1
429381,Pearl,LewN,BBL,Yoru,1,1,0,0,0,0,0,0,0,52,1,0
429381,Pearl,purp0,GX,Jett,1,0,1,0,0,0,0,0,0,57,0,0
429381,Pearl,Cloud,GX,Sova,1,1,0,1,1,0,0,0,0,93,1,0
429381,Pearl,tomaszy,GX,Astra,0,0,0,0,0,0,0,0,0,30,0,0
429381,Pearl,runneR,GX,Kayo,0,1,0,0,0,0,0,0,0,43,0,2
429381,Pearl,westside,GX,Killjoy,2,1,0,0,0,0,0,0,0,31,1,1
429380,Abyss,saadhak,KC,Harbor,2,1,0,0,0,0,0,0,0,36,8,1
429380,Abyss,SUYGETSU,KC,Astra,1,1,1,0,1,1,0,0,0,75,0,1
429380,Abyss,Avez,KC,Fade,1,1,0,0,1,0,0,0,0,50,0,1
429380,Abyss,marteen,KC,Yoru,2,0,0,0,0,0,0,0,0,51,1,0
429380,Abyss,Elite,KC,Vyse,5,0,0,0,0,0,0,0,0,39,2,0
429380,Abyss,ANGE1,NAVI,Kayo,1,0,0,0,0,0,0,0,0,28,4,0
429380,Abyss,Shao,NAVI,Sova,2,1,0,0,1,2,0,0,0,55,3,2
429380,Abyss,koalanoob,NAVI,Jett,3,2,0,0,0,1,0,0,0,73,0,1
429380,Abyss,Ruxic,NAVI,Astra,1,1,0,0,0,0,0,0,0,42,1,0
429380,Abyss,hiro,NAVI,Omen,5,1,0,0,0,0,0,0,0,71,2,1
429380,Bind,saadhak,KC,Deadlock,1,0,0,0,0,0,0,0,0,41,2,1
429380,Bind,SUYGETSU,KC,Astra,3,0,0,0,0,0,0,0,0,68,1,0
429380,Bind,Avez,KC,Gekko,2,0,1,0,0,0,0,0,0,72,7,0
429380,Bind,marteen,KC,Yoru,2,0,1,0,0,0,0,0,0,68,0,0
429380,Bind,Elite,KC,Vyse,0,1,0,0,0,0,0,0,0,56,1,0
429380,Bind,ANGE1,NAVI,Kayo,1,0,0,0,0,0,0,0,0,37,1,0
429380,Bind,Shao,NAVI,Gekko,0,0,0,0,0,0,0,0,0,33,0,0
429380,Bind,koalanoob,NAVI,Raze,1,1,0,0,0,0,0,0,0,38,0,0
429380,Bind,Ruxic,NAVI,Brimstone,3,0,0,0,0,0,0,0,0,75,0,1
429380,Bind,hiro,NAVI,Vyse,0,0,0,0,0,0,0,0,0,30,0,0
429380,Lotus,saadhak,KC,Harbor,3,2,0,0,1,1,0,0,0,56,6,2
429380,Lotus,SUYGETSU,KC,Omen,2,0,0,0,0,0,0,0,0,26,2,0
429380,Lotus,Avez,KC,Fade,1,1,2,0,0,0,0,0,0,82,2,1
429380,Lotus,marteen,KC,Yoru,3,1,0,0,0,0,0,0,0,39,0,0
429380,Lotus,Elite,KC,Vyse,3,0,0,0,0,0,0,0,0,60,0,0
429380,Lotus,ANGE1,NAVI,Tejo,2,0,0,0,0,0,0,0,0,49,2,0
429380,Lotus,Shao,NAVI,Astra,1,2,0,0,0,0,0,0,0,56,0,1
429380,Lotus,koalanoob,NAVI,Sage,2,1,0,0,0,0,0,0,0,44,0,1
429380,Lotus,Ruxic,NAVI,Omen,3,1,0,0,0,0,0,0,0,56,0,0
429380,Lotus,hiro,NAVI,Vyse,1,0,0,0,0,0,0,0,0,30,2,1
429379,Fracture,paTiTek,TL,Breach,3,0,0,0,0,0,0,0,0,59,1,0
429379,Fracture,nAts,TL,Cypher,2,1,0,0,0,0,0,0,0,42,2,0
429379,Fracture,kamyk,TL,Sage,3,1,0,0,0,0,0,0,0,52,0,0
429379,Fracture,Keiko,TL,Brimstone,5,1,0,0,0,0,0,0,0,52,1,0
429379,Fracture,kamo,TL,Gekko,1,1,0,0,0,0,0,0,0,39,5,0
429379,Fracture,soulcas,MKOI,Vyse,2,0,0,0,0,0,0,0,0,52,0,1
429379,Fracture,sheydos,MKOI,Tejo,4,0,0,0,1,0,0,0,0,67,1,1
429379,Fracture,flyuh,MKOI,Killjoy,2,1,0,0,0,0,0,0,0,50,0,0
429379,Fracture,Filu,MKOI,Yoru,7,0,0,0,0,0,0,0,0,56,2,0
429379,Fracture,grubinho,MKOI,Brimstone,3,1,0,0,0,0,0,0,0,62,3,2
429379,Abyss,paTiTek,TL,Kayo,3,1,0,0,1,0,0,0,0,59,3,0
429379,Abyss,nAts,TL,Cypher,2,0,0,0,0,0,0,0,0,63,2,1
429379,Abyss,kamyk,TL,Sova,3,0,0,0,1,0,0,0,0,52,5,0
429379,Abyss,Keiko,TL,Omen,4,1,0,0,1,0,0,0,0,78,1,0
429379,Abyss,kamo,TL,Jett,4,0,0,0,0,0,0,0,0,38,0,0
429379,Abyss,soulcas,MKOI,Cypher,1,0,0,0,1,0,0,0,0,46,0,0
429379,Abyss,sheydos,MKOI,Sova,0,0,0,0,0,0,0,0,0,26,1,0
429379,Abyss,flyuh,MKOI,Kayo,2,0,0,0,0,0,0,0,0,46,2,0
429379,Abyss,Filu,MKOI,Jett,4,0,0,0,0,0,0,0,0,70,0,0
429379,Abyss,grubinho,MKOI,Astra,1,1,0,0,0,1,0,0,0,42,0,0
429379,Bind,paTiTek,TL,Skye,3,0,0,0,1,0,0,0,0,53,5,1
429379,Bind,nAts,TL,Viper,0,0,0,0,0,0,0,0,0,43,0,0
429379,Bind,kamyk,TL,Gekko,3,1,0,0,0,0,0,0,0,33,3,0
429379,Bind,Keiko,TL,Brimstone,5,2,0,1,0,0,0,0,0,78,1,0
429379,Bind,kamo,TL,Raze,4,1,1,0,0,0,0,0,0,67,1,0
429379,Bind,soulcas,MKOI,Viper,2,1,0,0,1,0,0,0,0,56,0,0
429379,Bind,sheydos,MKOI,Tejo,3,0,1,0,0,1,0,0,0,44,2,0
429379,Bind,flyuh,MKOI,Kayo,2,1,0,0,0,0,0,0,0,40,2,1
429379,Bind,Filu,MKOI,Raze,3,1,0,0,1,0,0,0,0,47,0,2
429379,Bind,grubinho,MKOI,Astra,3,0,0,0,1,0,0,0,0,52,2,0
429382,Pearl,hype,APK,Killjoy,0,0,0,0,0,0,0,0,0,24,0,0
429382,Pearl,MOLSI,APK,Kayo,0,0,0,0,0,0,0,0,0,39,8,0
429382,Pearl,AvovA,APK,Astra,2,1,0,0,1,0,0,0,0,55,1,0
429382,Pearl,oderus,APK,Fade,2,0,0,0,1,0,0,0,0,30,0,0
429382,Pearl,florescent,APK,Jett,2,3,0,0,0,0,1,0,0,71,0,1
429382,Pearl,Zyppan,M8,Kayo,4,1,0,0,0,0,0,0,0,73,1,1
429382,Pearl,RobbieBk,M8,Sova,4,2,0,0,0,0,0,0,0,77,5,0
429382,Pearl,Click,M8,Jett,4,1,1,0,1,0,0,0,0,60,0,2
429382,Pearl,Kada,M8,Astra,1,1,0,0,0,0,0,0,0,47,1,0
429382,Pearl,Minny,M8,Killjoy,3,1,0,0,0,0,0,0,0,63,0,1
429382,Haven,hype,APK,Killjoy,4,2,0,0,0,0,0,0,0,56,1,0
429382,Haven,MOLSI,APK,Breach,1,0,0,0,0,0,0,0,0,32,5,0
429382,Haven,AvovA,APK,Omen,2,1,0,0,0,0,0,0,0,38,4,0
429382,Haven,oderus,APK,Sova,4,1,0,0,0,1,0,0,0,65,1,1
429382,Haven,florescent,APK,Jett,5,0,0,0,0,0,0,0,0,51,1,0
429382,Haven,Zyppan,M8,Breach,4,1,0,0,1,0,0,0,0,58,4,0
429382,Haven,RobbieBk,M8,Sova,1,0,0,0,0,0,0,0,0,31,3,1
429382,Haven,Click,M8,Neon,3,1,1,0,0,0,0,0,0,57,0,0
429382,Haven,Kada,M8,Omen,2,0,0,0,1,0,0,0,0,37,2,2
429382,Haven,Minny,M8,Cypher,1,4,0,0,1,0,0,0,0,49,1,0
429385,Abyss,crashies,FNC,Sova,1,0,1,0,0,0,1,0,0,46,2,1
429385,Abyss,Boaster,FNC,Omen,7,0,0,0,0,0,0,0,0,58,1,0
429385,Abyss,Chronicle,FNC,Astra,2,0,0,0,0,0,0,0,0,54,2,1
429385,Abyss,kaajak,FNC,Yoru,4,1,1,0,0,0,0,0,0,53,0,0
429385,Abyss,Alfajer,FNC,Tejo,6,0,0,0,0,0,0,0,0,63,1,0
429385,Abyss,vakk,BBL,Sage,1,0,0,0,0,0,0,0,0,31,0,0
429385,Abyss,PROFEK,BBL,Astra,4,0,0,0,1,0,1,0,0,52,0,1
429385,Abyss,sociablEE,BBL,Sova,5,0,0,0,1,0,0,0,0,49,0,0
429385,Abyss,Jamppi,BBL,Breach,3,0,0,0,1,0,0,0,0,59,6,1
429385,Abyss,LewN,BBL,Yoru,2,1,1,0,0,0,0,0,0,63,0,0
429385,Fracture,crashies,FNC,Sova,5,1,0,0,0,0,0,0,0,75,3,0
429385,Fracture,Boaster,FNC,Brimstone,3,3,0,0,3,0,0,0,0,66,3,3
429385,Fracture,Chronicle,FNC,Breach,5,3,0,0,0,0,0,0,0,70,0,0
429385,Fracture,kaajak,FNC,Raze,2,1,0,0,0,0,0,0,0,59,0,1
429385,Fracture,Alfajer,FNC,Chamber,2,0,0,0,1,0,0,0,0,53,1,1
429385,Fracture,vakk,BBL,Cypher,1,0,0,0,0,1,0,0,0,24,1,0
429385,Fracture,PROFEK,BBL,Astra,5,1,1,0,0,1,0,0,0,62,0,0
429385,Fracture,sociablEE,BBL,Yoru,3,1,0,0,1,0,0,0,0,57,1,1
429385,Fracture,Jamppi,BBL,Breach,2,0,0,0,2,0,0,0,0,43,7,1
429385,Fracture,LewN,BBL,Raze,1,0,0,0,0,0,0,0,0,37,0,0
429385,Split,crashies,FNC,Breach,3,1,0,0,0,0,0,0,0,45,2,0
429385,Split,Boaster,FNC,Omen,4,0,0,0,0,0,0,0,0,52,1,0
429385,Split,Chronicle,FNC,Cypher,6,0,0,0,0,0,0,0,0,63,0,0
429385,Split,kaajak,FNC,Yoru,3,0,0,0,0,0,0,0,0,42,5,0
429385,Split,Alfajer,FNC,Raze,1,2,0,0,0,0,0,0,0,46,1,0
429385,Split,vakk,BBL,Astra,5,0,1,0,0,2,0,0,0,54,0,0
429385,Split,PROFEK,BBL,Omen,2,0,0,0,0,0,0,0,0,63,1,0
429385,Split,sociablEE,BBL,Raze,4,2,0,0,0,1,0,0,0,54,2,0
429385,Split,Jamppi,BBL,Fade,0,0,0,0,0,0,0,0,0,34,7,0
429385,Split,LewN,BBL,Yoru,4,0,0,0,1,0,0,0,0,49,0,1
429384,Haven,Sayf,VIT,Iso,3,0,0,0,1,0,0,0,0,48,2,1
429384,Haven,trexx,VIT,Sova,4,1,0,0,0,1,0,0,0,80,1,0
429384,Haven,Derke,VIT,Yoru,1,1,0,0,0,0,0,0,0,55,1,0
429384,Haven,Less,VIT,Cypher,6,0,0,0,1,0,0,0,0,64,0,1
429384,Haven,Kicks,VIT,Omen,3,2,0,0,1,0,0,0,0,50,1,0
429384,Haven,saadhak,KC,Harbor,0,0,0,0,0,0,0,0,0,39,3,0
429384,Haven,SUYGETSU,KC,Omen,2,2,0,0,0,1,0,0,0,72,0,0
429384,Haven,Avez,KC,Fade,2,1,0,0,0,0,0,0,0,49,0,0
429384,Haven,marteen,KC,Yoru,0,0,1,0,0,0,0,0,0,37,2,0
429384,Haven,Elite,KC,Killjoy,2,2,0,0,0,0,0,0,0,60,0,1
429384,Bind,Sayf,VIT,Tejo,4,0,0,0,0,0,0,0,0,46,1,0
429384,Bind,trexx,VIT,Brimstone,2,0,0,0,0,0,0,0,0,60,3,1
429384,Bind,Derke,VIT,Raze,5,1,0,0,0,0,0,0,0,61,0,0
429384,Bind,Less,VIT,Viper,1,1,0,0,0,0,0,0,0,34,0,0
429384,Bind,Kicks,VIT,Skye,3,0,0,0,0,0,0,0,0,39,3,0
429384,Bind,saadhak,KC,Deadlock,5,0,0,0,1,0,0,0,0,59,3,0
429384,Bind,SUYGETSU,KC,Astra,1,3,0,0,0,0,0,0,0,52,0,0
429384,Bind,Avez,KC,Gekko,3,1,0,0,0,0,0,0,0,41,5,0
429384,Bind,marteen,KC,Yoru,4,1,0,0,0,0,0,0,0,54,0,3
429384,Bind,Elite,KC,Vyse,3,0,0,0,0,0,0,0,0,40,0,0
429384,Abyss,Sayf,VIT,Tejo,4,1,0,0,1,0,0,0,0,39,4,0
429384,Abyss,trexx,VIT,Sova,7,2,0,0,0,0,0,0,0,50,0,0
429384,Abyss,Derke,VIT,Jett,6,2,1,0,0,0,0,0,0,54,0,1
429384,Abyss,Less,VIT,Astra,4,0,0,0,3,1,0,0,0,27,0,1
429384,Abyss,Kicks,VIT,Breach,2,1,0,0,0,0,0,0,0,32,9,0
429384,Abyss,saadhak,KC,Harbor,4,0,0,0,0,0,0,0,0,37,6,0
429384,Abyss,SUYGETSU,KC,Astra,3,1,1,0,0,0,1,0,0,34,2,1
429384,Abyss,Avez,KC,Fade,4,2,0,0,0,0,0,0,0,35,4,1
429384,Abyss,marteen,KC,Yoru,6,1,1,0,0,1,0,0,0,44,0,1
429384,Abyss,Elite,KC,Vyse,3,0,0,0,0,1,0,0,0,46,0,0
429383,Pearl,qRaxs,FUT,Fade,3,0,1,0,0,0,0,0,0,68,0,2
429383,Pearl,AtaKaptan,FUT,Astra,2,0,0,0,0,0,0,0,0,52,2,0
429383,Pearl,MrFaliN,FUT,Tejo,2,1,1,0,0,0,0,0,0,52,3,1
429383,Pearl,yetujey,FUT,Cypher,2,1,1,0,1,0,1,0,0,62,0,1
429383,Pearl,xeus,FUT,Yoru,3,1,0,0,1,0,0,0,0,48,0,1
429383,Pearl,paTiTek,TL,Kayo,1,0,0,0,0,0,0,0,0,35,2,1
429383,Pearl,nAts,TL,Cypher,1,0,2,0,0,0,0,0,0,58,2,0
429383,Pearl,kamyk,TL,Sova,2,0,0,0,0,0,0,0,0,59,2,0
429383,Pearl,Keiko,TL,Astra,3,1,0,0,0,0,0,0,0,58,2,0
429383,Pearl,kamo,TL,Jett,0,1,1,0,0,0,0,0,0,36,0,0
429383,Fracture,qRaxs,FUT,Kayo,5,0,0,0,0,0,0,0,0,70,0,1
429383,Fracture,AtaKaptan,FUT,Astra,2,1,1,0,1,2,0,0,0,56,0,1
429383,Fracture,MrFaliN,FUT,Breach,1,1,0,0,0,1,0,0,0,55,6,2
429383,Fracture,yetujey,FUT,Cypher,3,2,0,0,0,0,2,0,0,56,1,0
429383,Fracture,xeus,FUT,Raze,2,0,0,0,0,0,0,0,0,58,0,0
429383,Fracture,paTiTek,TL,Breach,1,1,0,0,0,0,0,0,0,45,1,0
429383,Fracture,nAts,TL,Cypher,2,0,0,0,0,1,0,0,0,52,0,1
429383,Fracture,kamyk,TL,Sage,4,1,0,0,0,0,0,0,0,71,0,0
429383,Fracture,Keiko,TL,Brimstone,1,0,0,0,0,1,0,0,0,45,0,0
429383,Fracture,kamo,TL,Gekko,4,1,0,0,0,0,0,0,0,66,6,0
429386,Abyss,Boo,TH,Kayo,3,0,0,0,0,0,0,0,0,37,1,0
429386,Abyss,RieNs,TH,Sova,1,0,1,0,0,0,0,1,0,58,5,0
429386,Abyss,MiniBoo,TH,Jett,0,0,0,0,0,0,0,0,0,16,0,0
429386,Abyss,Wo0t,TH,Astra,0,1,0,0,0,0,0,0,0,35,0,1
429386,Abyss,benjyfishy,TH,Cypher,1,0,0,0,0,0,0,0,0,31,0,0
429386,Abyss,Zyppan,M8,Omen,2,1,0,0,0,0,0,0,0,54,0,2
429386,Abyss,RobbieBk,M8,Sova,2,0,0,0,0,0,0,0,0,58,4,0
429386,Abyss,Click,M8,Jett,4,1,0,0,0,0,0,0,0,71,0,0
429386,Abyss,Kada,M8,Astra,2,1,0,0,0,0,0,0,0,44,1,1
429386,Abyss,Minny,M8,Yoru,3,3,0,0,0,0,0,0,0,92,0,0
429386,Fracture,Boo,TH,Astra,1,0,0,0,0,0,0,0,0,54,0,1
429386,Fracture,RieNs,TH,Skye,3,0,0,0,1,0,0,0,0,73,1,1
429386,Fracture,MiniBoo,TH,Raze,1,4,0,0,0,0,0,0,0,88,1,0
429386,Fracture,Wo0t,TH,Tejo,4,0,0,0,0,0,0,0,0,60,0,0
429386,Fracture,benjyfishy,TH,Cypher,0,2,0,0,0,0,0,0,0,55,0,0
429386,Fracture,Zyppan,M8,Brimstone,0,0,0,0,0,0,0,0,0,33,2,0
429386,Fracture,RobbieBk,M8,Fade,0,1,0,0,0,0,0,0,0,36,0,0
429386,Fracture,Click,M8,Raze,1,0,0,0,0,0,0,0,0,10,0,0
429386,Fracture,Kada,M8,Cypher,0,1,1,0,0,0,0,0,0,57,0,0
429386,Fracture,Minny,M8,Breach,1,1,0,0,0,0,0,0,0,49,1,0
429386,Pearl,Boo,TH,Kayo,1,1,0,0,0,0,0,0,0,39,2,0
429386,Pearl,RieNs,TH,Tejo,3,1,0,0,0,0,0,0,0,57,1,0
429386,Pearl,MiniBoo,TH,Jett,4,2,0,0,0,0,0,0,0,65,0,0
429386,Pearl,Wo0t,TH,Astra,2,1,0,0,0,0,0,0,0,58,2,0
429386,Pearl,benjyfishy,TH,Killjoy,5,0,1,0,1,0,0,0,0,75,1,2
429386,Pearl,Zyppan,M8,Kayo,4,2,0,0,0,0,0,0,0,76,1,0
429386,Pearl,RobbieBk,M8,Sova,3,1,0,0,0,0,0,0,0,60,4,0
429386,Pearl,Click,M8,Jett,2,2,0,0,0,0,0,0,0,40,0,1
429386,Pearl,Kada,M8,Astra,2,0,0,0,0,0,0,0,0,29,0,0
429386,Pearl,Minny,M8,Killjoy,1,0,0,0,0,0,0,0,0,22,0,1
429393,Bind,saadhak,KC,Deadlock,3,1,0,0,0,0,0,0,0,50,0,1
429393,Bind,SUYGETSU,KC,Astra,2,1,0,0,0,0,0,0,0,41,0,0
429393,Bind,Avez,KC,Gekko,4,1,1,0,0,1,0,0,0,63,7,1
429393,Bind,marteen,KC,Yoru,7,1,0,0,0,0,0,0,0,55,1,1
429393,Bind,Elite,KC,Vyse,2,1,0,0,1,1,0,0,0,42,0,0
429393,Bind,purp0,GX,Raze,5,0,0,0,0,0,0,0,0,49,0,0
429393,Bind,Cloud,GX,Fade,2,0,0,0,1,0,0,0,0,43,1,0
429393,Bind,tomaszy,GX,Astra,2,3,0,0,1,0,0,0,0,47,1,0
429393,Bind,runneR,GX,Gekko,3,0,0,0,0,0,0,0,0,39,6,1
429393,Bind,westside,GX,Viper,1,2,0,0,0,0,0,0,0,35,2,0
429393,Lotus,saadhak,KC,Harbor,2,1,0,0,0,0,0,0,0,59,1,1
429393,Lotus,SUYGETSU,KC,Omen,3,1,0,0,0,0,0,0,0,71,2,1
429393,Lotus,Avez,KC,Fade,1,1,0,0,0,0,0,0,0,43,2,0
429393,Lotus,marteen,KC,Yoru,1,2,0,0,0,0,0,0,0,29,1,0
429393,Lotus,Elite,KC,Vyse,1,0,0,0,0,0,0,0,0,28,1,0
429393,Lotus,purp0,GX,Raze,2,1,0,0,0,0,0,0,0,48,1,0
429393,Lotus,Cloud,GX,Fade,3,2,0,1,0,0,0,0,0,70,5,1
429393,Lotus,tomaszy,GX,Omen,1,2,0,0,0,1,0,0,0,28,1,0
429393,Lotus,runneR,GX,Vyse,4,1,0,0,1,0,0,0,0,76,1,0
429393,Lotus,westside,GX,Viper,1,0,0,0,0,0,0,0,0,40,0,1
429393,Fracture,saadhak,KC,Breach,2,1,1,0,0,0,0,0,0,54,3,2
429393,Fracture,SUYGETSU,KC,Astra,1,1,0,0,0,0,0,0,0,40,0,0
429393,Fracture,Avez,KC,Tejo,1,0,0,0,0,0,0,0,0,40,3,0
429393,Fracture,marteen,KC,Yoru,6,1,0,0,0,0,0,0,0,55,2,0
429393,Fracture,Elite,KC,Cypher,3,0,0,0,1,0,0,0,0,41,0,1
429393,Fracture,purp0,GX,Raze,2,4,0,0,0,0,0,0,0,67,1,1
429393,Fracture,Cloud,GX,Fade,2,1,0,0,0,0,0,0,0,50,0,0
429393,Fracture,tomaszy,GX,Brimstone,4,1,0,0,0,0,0,0,0,57,1,0
429393,Fracture,runneR,GX,Breach,4,0,1,0,0,0,0,0,0,46,8,1
429393,Fracture,westside,GX,Killjoy,2,0,0,0,0,0,0,0,0,28,1,0
429392,Pearl,crashies,FNC,Sova,0,1,0,0,0,0,1,0,0,43,5,0
429392,Pearl,Boaster,FNC,Astra,0,0,0,0,0,0,0,0,0,39,1,0
429392,Pearl,Chronicle,FNC,Killjoy,2,3,0,0,0,0,0,0,0,86,1,1
429392,Pearl,kaajak,FNC,Yoru,7,1,0,0,0,1,0,0,0,60,0,2
429392,Pearl,Alfajer,FNC,Tejo,2,1,0,0,0,1,0,0,0,38,3,0
429392,Pearl,ANGE1,NAVI,Sova,2,0,0,0,1,0,0,0,0,35,1,1
429392,Pearl,Shao,NAVI,Kayo,4,3,0,0,0,0,0,0,0,67,5,0
429392,Pearl,koalanoob,NAVI,Jett,1,1,0,0,0,0,0,0,0,42,0,0
429392,Pearl,Ruxic,NAVI,Astra,4,1,0,0,0,0,0,0,0,39,2,0
429392,Pearl,hiro,NAVI,Killjoy,3,1,0,0,0,0,0,0,0,58,1,0
429392,Fracture,crashies,FNC,Sova,1,0,0,0,0,0,0,0,0,39,1,0
429392,Fracture,Boaster,FNC,Brimstone,0,1,0,0,0,0,0,0,0,34,2,2
429392,Fracture,Chronicle,FNC,Breach,5,0,0,0,0,0,0,0,0,52,1,1
429392,Fracture,kaajak,FNC,Raze,1,2,1,0,0,0,0,0,0,62,1,0
429392,Fracture,Alfajer,FNC,Chamber,1,1,0,0,0,0,0,0,0,53,0,0
429392,Fracture,ANGE1,NAVI,Fade,1,1,0,0,0,0,1,0,0,48,2,2
429392,Fracture,Shao,NAVI,Breach,1,0,1,0,0,0,0,0,0,42,4,0
429392,Fracture,koalanoob,NAVI,Raze,3,1,0,0,0,1,0,0,0,55,1,0
429392,Fracture,Ruxic,NAVI,Brimstone,1,1,0,0,0,0,0,0,0,48,2,1
429392,Fracture,hiro,NAVI,Cypher,3,1,0,0,0,0,0,0,0,53,0,0
429392,Haven,crashies,FNC,Sova,1,0,0,0,0,1,0,0,0,37,2,1
429392,Haven,Boaster,FNC,Omen,3,0,0,0,1,0,0,0,0,33,6,1
429392,Haven,Chronicle,FNC,Cypher,1,2,0,0,0,0,0,0,0,51,0,0
429392,Haven,kaajak,FNC,Yoru,6,4,0,0,0,1,0,0,0,60,2,2
429392,Haven,Alfajer,FNC,Iso,8,2,0,0,0,0,0,0,0,75,2,2
429392,Haven,ANGE1,NAVI,Sova,1,0,1,0,0,0,0,1,0,38,2,1
429392,Haven,Shao,NAVI,Breach,4,0,1,0,1,0,0,0,0,46,7,1
429392,Haven,koalanoob,NAVI,Yoru,4,1,0,0,1,0,0,0,0,41,0,2
429392,Haven,Ruxic,NAVI,Omen,1,4,0,0,0,0,0,0,0,62,1,1
429392,Haven,hiro,NAVI,Cypher,4,0,0,0,0,1,0,0,0,30,1,2
429394,Abyss,paTiTek,TL,Kayo,5,0,1,0,0,0,0,0,0,95,3,0
429394,Abyss,nAts,TL,Cypher,4,1,0,0,0,0,1,0,0,52,0,1
429394,Abyss,kamyk,TL,Sova,2,0,0,0,2,0,0,0,0,44,5,2
429394,Abyss,Keiko,TL,Omen,2,1,0,0,0,0,0,0,0,64,0,1
429394,Abyss,kamo,TL,Jett,4,2,0,0,0,0,0,0,0,50,0,0
429394,Abyss,hype,APK,Cypher,3,1,0,0,0,0,0,0,0,49,3,1
429394,Abyss,MOLSI,APK,Kayo,2,2,0,0,2,0,0,0,0,38,5,0
429394,Abyss,AvovA,APK,Astra,3,3,0,0,0,0,0,0,0,69,1,0
429394,Abyss,florescent,APK,Jett,3,1,0,1,0,0,0,0,0,61,0,0
429394,Abyss,batujnax,APK,Sova,2,0,0,0,0,0,0,0,0,23,1,0
429394,Pearl,paTiTek,TL,Kayo,3,0,0,0,0,0,0,0,0,42,5,0
429394,Pearl,nAts,TL,Cypher,5,0,0,0,0,0,0,0,0,43,1,0
429394,Pearl,kamyk,TL,Sova,2,0,0,0,0,0,0,0,0,36,1,0
429394,Pearl,Keiko,TL,Astra,4,3,1,0,0,1,0,0,0,89,2,1
429394,Pearl,kamo,TL,Jett,2,2,0,0,0,0,0,0,0,54,0,0
429394,Pearl,hype,APK,Killjoy,2,0,0,0,0,0,0,0,0,52,0,2
429394,Pearl,MOLSI,APK,Sova,0,0,0,0,1,0,0,0,0,50,2,1
429394,Pearl,AvovA,APK,Astra,1,0,1,0,1,0,0,0,0,48,1,0
429394,Pearl,florescent,APK,Phoenix,5,2,0,0,0,0,0,0,0,66,0,2
429394,Pearl,batujnax,APK,Yoru,2,5,1,0,1,0,0,0,0,65,1,1
429394,Haven,paTiTek,TL,Breach,2,0,0,0,0,0,0,0,0,46,2,0
429394,Haven,nAts,TL,Cypher,3,0,0,0,0,0,0,0,0,42,0,1
429394,Haven,kamyk,TL,Tejo,4,1,0,0,0,0,0,0,0,70,1,1
429394,Haven,Keiko,TL,Omen,6,1,0,0,0,0,0,0,0,74,1,0
429394,Haven,kamo,TL,Jett,3,1,0,0,0,0,0,0,0,67,0,0
429394,Haven,hype,APK,Killjoy,3,0,1,0,0,0,0,0,0,64,0,0
429394,Haven,MOLSI,APK,Breach,1,0,0,0,0,0,0,0,0,53,4,0
429394,Haven,AvovA,APK,Omen,1,0,0,0,0,0,0,0,0,50,1,0
429394,Haven,florescent,APK,Jett,4,0,0,0,0,0,0,0,0,57,0,0
429394,Haven,batujnax,APK,Sova,1,0,0,0,0,0,0,0,0,22,0,0
429391,Haven,Zyppan,M8,Breach,3,0,0,0,0,0,0,0,0,45,1,2
429391,Haven,RobbieBk,M8,Sova,1,0,0,0,1,0,0,0,0,69,2,2
429391,Haven,Click,M8,Neon,3,0,1,0,0,0,0,0,0,64,0,0
429391,Haven,Kada,M8,Omen,6,1,0,0,0,0,0,0,0,94,1,1
429391,Haven,Minny,M8,Cypher,2,0,0,0,0,0,0,0,0,60,0,0
429391,Haven,soulcas,MKOI,Cypher,2,0,0,0,0,0,0,0,0,27,0,0
429391,Haven,sheydos,MKOI,Tejo,2,0,0,0,0,0,0,0,0,35,1,0
429391,Haven,flyuh,MKOI,Breach,0,0,0,0,0,0,0,0,0,20,5,0
429391,Haven,Filu,MKOI,Jett,0,3,0,0,0,0,0,0,0,69,0,0
429391,Haven,grubinho,MKOI,Omen,2,0,0,0,0,0,0,0,0,27,1,1
429391,Lotus,Zyppan,M8,Breach,2,1,0,0,0,1,0,0,0,41,0,0
429391,Lotus,RobbieBk,M8,Tejo,2,0,0,0,0,0,0,0,0,46,0,0
429391,Lotus,Click,M8,Yoru,0,0,2,0,0,1,0,0,0,48,0,1
429391,Lotus,Kada,M8,Omen,2,0,0,0,0,0,0,0,0,31,5,0
429391,Lotus,Minny,M8,Cypher,2,2,0,0,0,0,0,0,0,67,0,1
429391,Lotus,soulcas,MKOI,Vyse,3,1,1,0,0,0,0,0,0,67,0,0
429391,Lotus,sheydos,MKOI,Tejo,4,0,0,0,0,0,0,0,0,52,8,0
429391,Lotus,flyuh,MKOI,Cypher,4,0,0,0,0,0,0,0,0,64,0,0
429391,Lotus,Filu,MKOI,Yoru,3,0,1,0,0,0,0,0,0,51,0,0
429391,Lotus,grubinho,MKOI,Omen,2,1,0,0,1,0,0,0,0,41,2,1
429391,Pearl,Zyppan,M8,Kayo,2,0,1,0,0,0,0,0,0,55,1,1
429391,Pearl,RobbieBk,M8,Sova,1,0,0,0,0,0,0,0,0,43,4,1
429391,Pearl,Click,M8,Jett,6,1,1,0,0,0,0,0,0,84,0,0
429391,Pearl,Kada,M8,Astra,2,0,0,0,0,0,0,0,0,46,0,0
429391,Pearl,Minny,M8,Killjoy,4,3,0,0,1,1,0,0,0,91,0,1
429391,Pearl,soulcas,MKOI,Vyse,2,0,1,0,0,0,0,0,0,62,1,0
429391,Pearl,sheydos,MKOI,Tejo,2,0,0,0,1,0,0,0,0,54,2,0
429391,Pearl,flyuh,MKOI,Killjoy,1,1,0,0,0,1,0,0,0,42,0,0
429391,Pearl,Filu,MKOI,Yoru,1,1,0,0,0,0,0,0,0,37,0,0
429391,Pearl,grubinho,MKOI,Omen,1,2,0,0,0,0,0,0,0,40,3,0
429388,Pearl,vakk,BBL,Vyse,5,0,0,0,0,0,0,0,0,40,4,2
429388,Pearl,PROFEK,BBL,Astra,1,0,1,0,1,0,0,1,0,36,0,0
429388,Pearl,sociablEE,BBL,Chamber,2,0,0,0,0,0,0,0,0,41,0,0
429388,Pearl,Jamppi,BBL,Sova,6,0,0,0,0,0,0,0,0,66,4,1
429388,Pearl,LewN,BBL,Yoru,5,0,0,0,0,0,0,0,0,43,1,0
429388,Pearl,Boo,TH,Kayo,2,1,0,0,0,0,0,0,0,64,8,1
429388,Pearl,RieNs,TH,Tejo,0,2,0,0,0,0,0,0,0,41,2,0
429388,Pearl,MiniBoo,TH,Jett,4,1,0,0,0,0,0,0,0,39,0,0
429388,Pearl,Wo0t,TH,Astra,0,3,1,0,0,0,0,0,0,62,1,1
429388,Pearl,benjyfishy,TH,Killjoy,4,2,0,0,0,0,0,0,0,69,0,1
429388,Lotus,vakk,BBL,Cypher,1,0,0,0,0,0,0,0,0,27,0,0
429388,Lotus,PROFEK,BBL,Omen,2,0,1,0,1,0,0,0,0,53,1,1
429388,Lotus,sociablEE,BBL,Fade,3,1,0,0,0,0,0,0,0,48,0,0
429388,Lotus,Jamppi,BBL,Breach,1,0,1,0,0,0,0,0,0,71,3,1
429388,Lotus,LewN,BBL,Raze,2,1,0,0,0,0,0,0,0,39,1,0
429388,Lotus,Boo,TH,Omen,4,0,0,0,0,0,0,0,0,61,2,0
429388,Lotus,RieNs,TH,Fade,2,1,1,0,1,0,0,0,0,75,4,0
429388,Lotus,MiniBoo,TH,Raze,3,1,0,0,0,0,0,0,0,54,0,0
429388,Lotus,Wo0t,TH,Astra,3,0,0,0,1,0,0,0,0,48,3,0
429388,Lotus,benjyfishy,TH,Killjoy,3,0,0,0,1,0,0,0,0,57,1,2
429387,Bind,qRaxs,FUT,Kayo,2,1,0,0,0,0,0,0,0,40,1,2
429387,Bind,AtaKaptan,FUT,Brimstone,1,1,0,0,1,0,0,0,0,30,1,0
429387,Bind,MrFaliN,FUT,Tejo,3,0,0,0,0,0,0,0,0,36,5,1
429387,Bind,yetujey,FUT,Viper,3,1,0,0,0,0,0,0,0,55,0,0
429387,Bind,xeus,FUT,Raze,5,0,1,0,0,0,0,0,0,57,0,0
429387,Bind,Sayf,VIT,Tejo,3,2,0,0,0,0,0,0,0,84,1,0
429387,Bind,trexx,VIT,Brimstone,2,0,0,0,0,0,0,0,0,51,2,1
429387,Bind,Derke,VIT,Raze,5,1,0,0,0,0,0,0,0,56,0,1
429387,Bind,Less,VIT,Viper,4,1,0,0,0,0,0,0,0,56,2,1
429387,Bind,Kicks,VIT,Skye,3,1,1,0,0,0,0,0,0,70,7,0
429387,Split,qRaxs,FUT,Fade,1,0,0,0,0,0,0,0,0,49,1,0
429387,Split,AtaKaptan,FUT,Astra,1,0,0,0,0,0,0,0,0,28,0,0
429387,Split,MrFaliN,FUT,Breach,2,1,0,0,0,0,0,0,0,57,3,0
429387,Split,yetujey,FUT,Cypher,1,0,0,0,1,0,0,0,0,35,0,1
429387,Split,xeus,FUT,Raze,1,1,1,0,0,0,0,0,0,42,0,1
429387,Split,Sayf,VIT,Omen,1,0,0,0,0,0,0,0,0,58,0,0
429387,Split,trexx,VIT,Fade,3,0,0,0,0,1,0,0,0,37,1,0
429387,Split,Derke,VIT,Raze,4,3,1,0,0,0,0,0,0,115,2,0
429387,Split,Less,VIT,Viper,4,1,0,0,1,0,0,0,0,66,0,1
429387,Split,Kicks,VIT,Breach,3,2,0,0,0,0,0,0,0,72,1,1
429395,Abyss,Zyppan,M8,Omen,0,0,0,0,0,0,0,0,0,33,2,0
429395,Abyss,RobbieBk,M8,Sova,2,0,0,0,0,0,0,0,0,50,3,0
429395,Abyss,Click,M8,Jett,1,1,0,0,0,0,0,0,0,25,0,0
429395,Abyss,Kada,M8,Astra,3,0,1,0,0,0,0,0,0,56,0,0
429395,Abyss,Minny,M8,Yoru,1,1,0,0,0,0,0,0,0,54,1,0
429395,Abyss,crashies,FNC,Sova,1,0,0,0,0,0,0,0,0,20,5,1
429395,Abyss,Boaster,FNC,Astra,2,0,0,0,1,1,0,0,0,71,1,0
429395,Abyss,Chronicle,FNC,Breach,0,2,0,0,0,0,0,0,0,67,4,1
429395,Abyss,kaajak,FNC,Yoru,5,2,0,0,0,0,0,0,0,61,0,0
429395,Abyss,Alfajer,FNC,Jett,3,2,0,0,0,0,0,0,0,68,1,0
429395,Fracture,Zyppan,M8,Breach,0,0,0,0,0,0,0,0,0,34,3,0
429395,Fracture,RobbieBk,M8,Fade,2,0,0,0,0,0,0,0,0,42,2,0
429395,Fracture,Click,M8,Raze,4,0,0,0,0,0,0,0,0,28,0,1
429395,Fracture,Kada,M8,Brimstone,3,1,1,0,1,0,0,0,0,60,0,0
429395,Fracture,Minny,M8,Cypher,3,0,0,0,0,0,0,0,0,53,0,1
429395,Fracture,crashies,FNC,Sova,2,0,0,0,1,0,0,0,0,52,3,0
429395,Fracture,Boaster,FNC,Brimstone,4,0,0,0,0,0,0,0,0,50,1,1
429395,Fracture,Chronicle,FNC,Breach,2,0,0,0,0,0,0,0,0,23,3,1
429395,Fracture,kaajak,FNC,Raze,4,4,1,0,0,0,0,0,0,104,1,2
429395,Fracture,Alfajer,FNC,Chamber,2,2,0,0,0,1,0,0,0,44,1,0
429396,Fracture,purp0,GX,Raze,4,0,1,0,0,0,0,0,0,68,0,1
429396,Fracture,Cloud,GX,Fade,0,1,0,0,0,0,0,0,0,51,1,0
429396,Fracture,tomaszy,GX,Brimstone,3,1,0,0,0,0,0,0,0,49,1,0
429396,Fracture,runneR,GX,Breach,1,0,0,0,0,0,0,0,0,48,3,1
429396,Fracture,westside,GX,Killjoy,2,0,0,0,0,0,0,0,0,41,0,0
429396,Fracture,paTiTek,TL,Breach,3,1,0,0,1,0,0,0,0,70,7,1
429396,Fracture,nAts,TL,Cypher,6,0,0,0,0,0,0,0,0,52,1,1
429396,Fracture,kamyk,TL,Tejo,3,0,1,0,0,0,0,0,0,66,0,0
429396,Fracture,Keiko,TL,Brimstone,0,0,0,0,0,0,0,0,0,43,1,0
429396,Fracture,kamo,TL,Raze,4,3,0,0,0,0,0,0,0,58,0,0
429396,Split,purp0,GX,Raze,3,1,0,0,0,0,0,0,0,64,1,0
429396,Split,Cloud,GX,Vyse,2,0,0,0,0,0,0,0,0,49,1,0
429396,Split,tomaszy,GX,Omen,1,0,0,0,0,0,0,0,0,33,1,0
429396,Split,runneR,GX,Skye,1,0,0,0,1,0,0,0,0,52,2,1
429396,Split,westside,GX,Viper,1,1,0,0,0,0,0,0,0,61,0,0
429396,Split,paTiTek,TL,Fade,3,0,0,0,0,0,0,0,0,47,4,0
429396,Split,nAts,TL,Viper,4,1,0,0,0,1,0,0,0,58,2,0
429396,Split,kamyk,TL,Astra,2,0,0,0,0,0,0,0,0,45,0,0
429396,Split,Keiko,TL,Raze,6,1,1,0,2,0,0,0,0,87,0,2
429396,Split,kamo,TL,Yoru,2,1,0,0,1,0,0,0,0,51,2,1
429397,Abyss,qRaxs,FUT,Fade,2,0,0,0,0,0,0,0,0,35,1,0
429397,Abyss,AtaKaptan,FUT,Astra,3,0,0,0,0,0,0,0,0,39,1,0
429397,Abyss,MrFaliN,FUT,Sova,3,1,0,0,0,0,0,0,0,57,7,0
429397,Abyss,yetujey,FUT,Vyse,2,3,0,0,0,0,0,0,0,68,1,0
429397,Abyss,xeus,FUT,Yoru,2,1,0,2,0,1,0,0,0,63,0,2
429397,Abyss,crashies,FNC,Sova,1,0,0,0,0,0,0,0,0,40,5,0
429397,Abyss,Boaster,FNC,Astra,2,0,0,0,0,0,0,0,0,41,1,0
429397,Abyss,Chronicle,FNC,Breach,3,1,0,0,0,0,1,0,0,43,3,2
429397,Abyss,kaajak,FNC,Yoru,4,0,0,0,0,0,0,0,0,51,0,0
429397,Abyss,Alfajer,FNC,Jett,2,3,0,0,0,0,0,0,0,45,0,0
429397,Fracture,qRaxs,FUT,Kayo,1,2,1,0,0,0,0,0,0,63,3,0
429397,Fracture,AtaKaptan,FUT,Astra,3,0,1,0,1,0,0,0,0,56,1,0
429397,Fracture,MrFaliN,FUT,Breach,2,0,0,0,1,0,0,1,0,56,7,1
429397,Fracture,yetujey,FUT,Cypher,3,1,0,0,0,0,0,0,0,49,0,0
429397,Fracture,xeus,FUT,Neon,2,2,0,0,0,0,0,0,0,49,0,1
429397,Fracture,crashies,FNC,Sova,2,0,1,0,1,0,0,0,0,64,1,2
429397,Fracture,Boaster,FNC,Brimstone,1,0,0,0,0,0,0,0,0,35,1,0
429397,Fracture,Chronicle,FNC,Breach,0,0,0,0,0,0,0,0,0,47,0,0
429397,Fracture,kaajak,FNC,Raze,3,1,0,0,1,0,0,0,0,50,0,0
429397,Fracture,Alfajer,FNC,Chamber,3,1,0,0,0,0,0,0,0,61,0,3
429398,Bind,vakk,BBL,Vyse,1,0,1,0,1,0,0,0,0,46,3,0
429398,Bind,PROFEK,BBL,Astra,4,1,0,0,1,0,0,0,0,43,2,1
429398,Bind,sociablEE,BBL,Sage,6,2,0,0,0,0,0,0,0,67,1,1
429398,Bind,Jamppi,BBL,Tejo,1,1,0,0,0,0,0,0,0,35,4,1
429398,Bind,LewN,BBL,Raze,5,1,0,0,0,0,0,0,0,42,0,0
429398,Bind,paTiTek,TL,Skye,1,1,0,0,0,0,0,0,0,39,1,1
429398,Bind,nAts,TL,Viper,4,1,0,0,0,0,0,0,0,57,0,0
429398,Bind,kamyk,TL,Gekko,5,0,0,0,0,0,0,0,0,51,7,2
429398,Bind,Keiko,TL,Brimstone,4,1,0,0,0,1,0,0,0,60,2,0
429398,Bind,kamo,TL,Raze,2,0,2,0,0,0,0,1,0,58,1,0
429398,Pearl,vakk,BBL,Vyse,5,1,1,0,1,0,0,0,0,61,1,1
429398,Pearl,PROFEK,BBL,Astra,3,1,0,0,1,0,1,0,0,52,4,0
429398,Pearl,sociablEE,BBL,Chamber,6,1,0,0,0,0,0,0,0,60,0,0
429398,Pearl,Jamppi,BBL,Sova,2,0,0,0,0,0,0,0,0,63,5,0
429398,Pearl,LewN,BBL,Yoru,3,1,0,0,0,1,0,0,0,44,1,2
429398,Pearl,paTiTek,TL,Breach,2,0,0,0,0,0,0,0,0,33,4,0
429398,Pearl,nAts,TL,Vyse,1,2,0,0,0,0,0,0,0,43,2,0
429398,Pearl,kamyk,TL,Tejo,5,2,0,0,0,0,1,0,0,79,2,1
429398,Pearl,Keiko,TL,Astra,3,1,0,0,1,0,0,0,0,53,0,0
429398,Pearl,kamo,TL,Jett,1,0,0,0,0,0,0,0,0,49,1,1
429398,Split,vakk,BBL,Astra,3,0,0,0,0,0,0,0,0,38,2,0
429398,Split,PROFEK,BBL,Omen,5,0,0,0,0,0,0,0,0,44,1,0
429398,Split,sociablEE,BBL,Raze,3,0,0,0,0,0,0,0,0,51,0,1
429398,Split,Jamppi,BBL,Fade,4,1,0,0,0,0,0,0,0,36,5,0
429398,Split,LewN,BBL,Yoru,2,3,0,0,0,0,0,0,0,45,1,1
429398,Split,paTiTek,TL,Fade,2,0,0,0,0,0,0,0,0,46,5,1
429398,Split,nAts,TL,Viper,0,2,0,0,0,0,0,0,0,51,1,0
429398,Split,kamyk,TL,Astra,2,2,0,0,1,0,0,0,0,45,1,2
429398,Split,Keiko,TL,Raze,4,1,0,0,0,0,0,0,0,64,0,0
429398,Split,kamo,TL,Yoru,5,1,0,0,0,0,0,0,0,66,1,2
429389,Haven,Sayf,VIT,Iso,4,1,1,0,0,0,0,0,0,60,2,1
429389,Haven,trexx,VIT,Sova,3,0,1,0,2,0,0,0,0,79,3,0
429389,Haven,Derke,VIT,Yoru,2,2,0,0,0,0,0,0,0,50,2,0
429389,Haven,Less,VIT,Cypher,1,1,0,0,0,0,0,0,0,40,0,0
429389,Haven,Kicks,VIT,Omen,1,1,0,0,0,0,0,0,0,34,3,1
429389,Haven,Boo,TH,Omen,2,0,0,0,0,0,0,0,0,40,2,0
429389,Haven,RieNs,TH,Sova,4,0,0,0,0,0,0,0,0,65,3,1
429389,Haven,MiniBoo,TH,Yoru,4,0,1,0,1,0,0,0,0,57,0,0
429389,Haven,Wo0t,TH,Tejo,3,1,0,0,0,0,0,0,0,63,3,1
429389,Haven,benjyfishy,TH,Cypher,1,0,0,0,0,0,0,0,0,32,0,0
429389,Abyss,Sayf,VIT,Tejo,5,1,0,0,0,0,0,0,0,71,2,0
429389,Abyss,trexx,VIT,Sova,4,2,0,0,0,1,0,0,0,105,5,0
429389,Abyss,Derke,VIT,Jett,1,1,0,0,0,0,0,0,0,28,0,0
429389,Abyss,Less,VIT,Astra,4,1,0,0,0,0,0,0,0,82,1,0
429389,Abyss,Kicks,VIT,Breach,2,1,0,0,0,0,0,0,0,68,4,0
429389,Abyss,Boo,TH,Astra,1,0,0,0,0,0,0,0,0,31,0,1
429389,Abyss,RieNs,TH,Sova,3,0,0,0,0,0,0,0,0,69,0,0
429389,Abyss,MiniBoo,TH,Yoru,1,0,0,0,0,0,0,0,0,36,0,0
429389,Abyss,Wo0t,TH,Chamber,1,1,0,0,1,0,0,0,0,47,0,0
429389,Abyss,benjyfishy,TH,Tejo,0,1,0,0,0,0,0,0,0,54,0,0
429400,Abyss,qRaxs,FUT,Fade,0,0,0,0,0,0,0,0,0,36,1,0
429400,Abyss,AtaKaptan,FUT,Astra,1,0,0,0,0,0,0,0,0,45,1,1
429400,Abyss,MrFaliN,FUT,Sova,3,0,0,0,0,0,0,0,0,61,3,0
429400,Abyss,yetujey,FUT,Vyse,1,3,0,0,0,0,0,0,0,64,1,0
429400,Abyss,xeus,FUT,Yoru,3,1,0,0,0,1,0,0,0,53,0,2
429400,Abyss,paTiTek,TL,Kayo,1,1,0,0,0,0,0,0,0,45,6,0
429400,Abyss,nAts,TL,Cypher,1,3,0,0,0,0,1,0,0,61,1,1
429400,Abyss,kamyk,TL,Sova,3,1,1,0,0,0,0,0,0,80,1,0
429400,Abyss,Keiko,TL,Omen,3,0,0,0,0,0,0,0,0,52,3,0
429400,Abyss,kamo,TL,Jett,2,1,0,0,0,1,0,0,0,38,0,2
429400,Bind,qRaxs,FUT,Kayo,0,1,0,0,0,1,0,0,0,48,3,1
429400,Bind,AtaKaptan,FUT,Viper,3,1,0,0,0,0,0,0,0,43,0,0
429400,Bind,MrFaliN,FUT,Omen,2,1,0,0,1,0,0,0,0,42,3,0
429400,Bind,yetujey,FUT,Cypher,7,1,0,0,0,0,0,0,0,58,1,1
429400,Bind,xeus,FUT,Raze,4,2,1,0,0,0,0,0,0,62,0,0
429400,Bind,paTiTek,TL,Skye,2,1,0,0,0,0,0,0,0,38,0,0
429400,Bind,nAts,TL,Viper,5,0,0,0,0,0,0,0,0,42,1,0
429400,Bind,kamyk,TL,Gekko,2,0,0,0,0,0,0,0,0,40,5,0
429400,Bind,Keiko,TL,Brimstone,3,1,2,0,0,1,0,0,0,55,2,0
429400,Bind,kamo,TL,Raze,3,1,1,0,1,0,0,0,0,60,0,0
429400,Haven,qRaxs,FUT,Kayo,0,0,0,0,0,0,0,0,0,26,2,0
429400,Haven,AtaKaptan,FUT,Omen,2,0,0,0,1,0,0,0,0,60,1,0
429400,Haven,MrFaliN,FUT,Breach,0,0,0,0,0,0,0,0,0,23,6,0
429400,Haven,yetujey,FUT,Cypher,4,1,1,0,0,0,0,0,0,97,0,0
429400,Haven,xeus,FUT,Yoru,4,0,0,0,0,0,0,0,0,32,0,0
429400,Haven,paTiTek,TL,Breach,1,1,0,0,0,0,0,0,0,38,4,2
429400,Haven,nAts,TL,Cypher,3,1,0,0,0,0,1,0,0,77,1,1
429400,Haven,kamyk,TL,Tejo,3,2,0,0,1,1,0,0,0,87,0,2
429400,Haven,Keiko,TL,Omen,3,0,0,0,0,0,0,0,0,50,0,0
429400,Haven,kamo,TL,Jett,3,1,0,0,0,0,0,0,0,52,0,0
429401,Lotus,Boo,TH,Omen,1,1,0,0,0,0,0,0,0,49,1,0
429401,Lotus,RieNs,TH,Fade,3,0,0,0,0,0,0,0,0,50,2,0
429401,Lotus,MiniBoo,TH,Raze,3,0,0,0,0,0,0,0,0,48,1,0
429401,Lotus,Wo0t,TH,Astra,1,2,0,0,0,0,0,0,0,74,0,0
429401,Lotus,benjyfishy,TH,Killjoy,2,0,0,0,0,0,0,0,0,25,0,0
429401,Lotus,paTiTek,TL,Viper,0,0,0,0,0,0,0,0,0,38,0,0
429401,Lotus,nAts,TL,Fade,3,0,0,0,0,0,0,0,0,59,2,0
429401,Lotus,kamyk,TL,Clove,3,2,0,0,0,0,0,0,0,75,1,1
429401,Lotus,Keiko,TL,Reyna,6,1,0,0,0,0,0,0,0,83,1,0
429401,Lotus,kamo,TL,Raze,2,1,1,0,0,0,0,0,0,94,0,0
429401,Abyss,Boo,TH,Astra,0,0,0,0,0,0,0,0,0,25,1,0
429401,Abyss,RieNs,TH,Sova,2,0,0,0,0,0,0,0,0,44,4,0
429401,Abyss,MiniBoo,TH,Yoru,0,0,0,0,0,0,0,0,0,31,0,0
429401,Abyss,Wo0t,TH,Chamber,3,1,0,0,0,0,0,0,0,58,1,0
429401,Abyss,benjyfishy,TH,Tejo,2,1,0,0,1,0,0,0,0,63,1,0
429401,Abyss,paTiTek,TL,Kayo,5,1,0,0,0,1,0,0,0,75,3,1
429401,Abyss,nAts,TL,Cypher,2,2,0,0,0,0,0,0,0,93,0,1
429401,Abyss,kamyk,TL,Sova,3,0,0,0,0,0,0,0,0,50,1,0
429401,Abyss,Keiko,TL,Omen,3,1,0,0,0,0,0,0,0,69,1,0
429401,Abyss,kamo,TL,Jett,3,0,1,0,0,0,0,0,0,48,0,0
429401,Fracture,Boo,TH,Astra,0,1,0,0,0,0,0,0,0,40,2,0
429401,Fracture,RieNs,TH,Skye,3,1,0,0,0,0,0,0,0,37,0,0
429401,Fracture,MiniBoo,TH,Raze,1,1,2,0,0,0,0,0,0,71,1,0
429401,Fracture,Wo0t,TH,Tejo,1,0,0,0,0,1,0,0,0,42,0,0
429401,Fracture,benjyfishy,TH,Cypher,2,0,0,0,0,0,0,0,0,20,1,0
429401,Fracture,paTiTek,TL,Breach,3,0,0,0,0,1,0,0,0,54,5,1
429401,Fracture,nAts,TL,Cypher,2,1,1,0,0,0,0,0,0,58,1,0
429401,Fracture,kamyk,TL,Tejo,2,0,0,0,0,0,0,0,0,45,0,0
429401,Fracture,Keiko,TL,Brimstone,4,0,0,0,0,0,0,0,0,56,1,0
429401,Fracture,kamo,TL,Raze,6,0,1,0,0,0,0,0,0,80,0,0
429390,Split,Sayf,VIT,Omen,0,0,0,0,0,0,0,0,0,25,0,1
429390,Split,trexx,VIT,Fade,3,0,0,0,0,0,0,0,0,44,0,0
429390,Split,Derke,VIT,Raze,4,2,0,0,0,0,0,0,0,61,0,1
429390,Split,Less,VIT,Viper,6,1,0,0,1,0,0,0,0,58,1,0
429390,Split,Kicks,VIT,Breach,0,1,0,0,1,0,0,0,0,30,7,0
429390,Split,paTiTek,TL,Fade,4,0,0,0,1,0,0,0,0,71,7,0
429390,Split,nAts,TL,Viper,3,0,0,0,0,0,0,0,0,37,1,0
429390,Split,kamyk,TL,Astra,3,3,0,0,0,0,0,0,0,49,2,1
429390,Split,Keiko,TL,Raze,4,1,1,0,0,0,0,0,0,70,0,0
429390,Split,kamo,TL,Yoru,0,0,1,0,0,0,0,0,0,41,1,0
429390,Haven,Sayf,VIT,Iso,3,1,1,0,0,0,0,0,0,63,2,0
429390,Haven,trexx,VIT,Sova,0,0,0,0,0,0,0,0,0,30,1,1
429390,Haven,Derke,VIT,Yoru,2,1,0,0,0,0,0,0,0,46,1,0
429390,Haven,Less,VIT,Cypher,2,0,0,0,0,0,0,0,0,45,2,0
429390,Haven,Kicks,VIT,Omen,4,1,0,0,1,0,0,0,0,53,4,0
429390,Haven,paTiTek,TL,Breach,3,0,0,0,0,0,0,0,0,51,1,0
429390,Haven,nAts,TL,Cypher,2,1,0,0,0,0,0,0,0,54,0,1
429390,Haven,kamyk,TL,Tejo,1,3,0,0,2,0,0,0,0,77,3,3
429390,Haven,Keiko,TL,Omen,0,0,0,0,1,0,0,0,0,40,1,2
429390,Haven,kamo,TL,Jett,3,1,0,0,0,0,0,0,0,56,0,1
429390,Lotus,Sayf,VIT,Vyse,4,2,1,0,0,1,0,0,0,88,2,0
429390,Lotus,trexx,VIT,Fade,1,0,0,0,1,0,0,0,0,32,3,0
429390,Lotus,Derke,VIT,Raze,5,1,0,0,0,0,0,0,0,64,0,1
429390,Lotus,Less,VIT,Viper,1,1,0,0,0,0,0,0,0,50,1,0
429390,Lotus,Kicks,VIT,Omen,1,2,0,0,0,0,0,0,0,48,3,0
429390,Lotus,paTiTek,TL,Viper,2,0,0,0,0,0,0,0,0,52,2,0
429390,Lotus,nAts,TL,Fade,1,0,0,0,0,0,0,0,0,29,1,0
429390,Lotus,kamyk,TL,Clove,1,1,0,0,0,0,0,0,0,47,2,0
429390,Lotus,Keiko,TL,Reyna,3,0,0,0,0,0,0,0,0,43,0,0
429390,Lotus,kamo,TL,Raze,3,1,0,0,0,0,0,0,0,75,0,0
429390,Bind,Sayf,VIT,Tejo,4,0,1,0,0,0,0,0,0,54,1,1
429390,Bind,trexx,VIT,Brimstone,1,1,0,0,0,0,0,0,0,46,2,0
429390,Bind,Derke,VIT,Raze,2,1,1,0,0,0,0,0,0,50,2,0
429390,Bind,Less,VIT,Viper,2,0,2,0,2,0,0,0,0,73,1,2
429390,Bind,Kicks,VIT,Skye,1,0,1,0,0,0,0,0,0,44,3,0
429390,Bind,paTiTek,TL,Skye,1,0,0,0,0,0,0,0,0,45,3,1
429390,Bind,nAts,TL,Viper,0,0,0,0,0,0,0,0,0,30,0,0
429390,Bind,kamyk,TL,Gekko,3,1,0,0,0,1,0,0,0,71,1,0
429390,Bind,Keiko,TL,Brimstone,4,2,0,0,0,0,0,0,0,65,1,0
429390,Bind,kamo,TL,Raze,3,0,0,0,0,1,0,0,0,44,0,1
429390,Fracture,Sayf,VIT,Tejo,3,1,2,0,2,0,0,0,0,69,0,1
429390,Fracture,trexx,VIT,Vyse,3,1,0,0,0,0,0,0,0,43,0,0
429390,Fracture,Derke,VIT,Raze,2,1,0,1,0,0,0,0,0,51,0,0
429390,Fracture,Less,VIT,Brimstone,2,2,0,0,0,0,0,0,0,62,0,1
429390,Fracture,Kicks,VIT,Breach,3,0,0,0,0,0,0,0,0,36,6,1
429390,Fracture,paTiTek,TL,Breach,0,1,0,0,0,0,0,0,0,23,3,0
429390,Fracture,nAts,TL,Cypher,1,1,0,0,0,0,0,0,0,53,2,0
429390,Fracture,kamyk,TL,Tejo,0,1,0,0,0,0,0,0,0,48,2,0
429390,Fracture,Keiko,TL,Brimstone,4,2,0,0,0,0,0,0,0,74,0,1
429390,Fracture,kamo,TL,Raze,0,1,0,0,0,0,0,0,0,43,1,0
