scraped_at,player,player_name,team,player_url,player_id,agents_played,agents_count,agents_display,rounds,rating,acs,kd_ratio,kast,adr,kpr,apr,fkpr,fdpr,hs_percent,cl_percent,clutches,k_max,kills,deaths,assists,first_kills,first_deaths
2025-08-23T23:24:34.278427,Keiko,Keiko,TL,https://www.vlr.gg/player/11494/keiko,11494,"['Brimstone', 'Omen', 'Astra']",5,"Brimstone, Omen, Astra, (+2)",493,1.26,239.5,1.34,78%,156.3,0.88,0.30,0.11,0.06,40%,16%,9/58,28,436,325,149,53,32
2025-08-23T23:24:34.278427,Minny,Minny,M8,https://www.vlr.gg/player/23169/minny,23169,"['Killjoy', 'Cypher', 'Yoru']",4,"Killjoy, Cypher, Yoru, (+1)",192,1.18,219.5,1.26,71%,139.8,0.79,0.17,0.14,0.07,38%,11%,3/28,25,151,120,32,27,14
2025-08-23T23:24:34.279429,florescent,florescent,APK,https://www.vlr.gg/player/17976/florescent,17976,"['Jett', 'Phoenix']",2,"Jett, Phoenix",111,1.17,256.6,1.16,69%,172.9,0.91,0.15,0.20,0.14,38%,8%,1/12,26,101,87,17,22,15
2025-08-23T23:24:34.280428,kaajak,kaajak,FNC,https://www.vlr.gg/player/9554/kaajak,9554,"['Yoru', 'Raze']",2,"Yoru, Raze",215,1.16,245.0,1.30,69%,157.9,0.89,0.21,0.15,0.16,37%,23%,3/13,32,191,147,45,32,35
2025-08-23T23:24:34.280428,yetujey,yetujey,FUT,https://www.vlr.gg/player/8369/yetujey,8369,"['Cypher', 'Viper', 'Vyse']",3,"Cypher, Viper, Vyse",179,1.13,230.8,1.15,75%,150.9,0.81,0.23,0.14,0.08,26%,15%,5/33,22,145,126,41,25,14
2025-08-23T23:24:34.281427,Alfajer,Alfajer,FNC,https://www.vlr.gg/player/9810/alfajer,9810,"['Tejo', 'Chamber', 'Raze']",5,"Tejo, Chamber, Raze, (+2)",215,1.12,233.5,1.15,71%,153.4,0.84,0.22,0.18,0.08,29%,13%,3/24,32,181,157,48,38,18
2025-08-23T23:24:34.281427,Derke,Derke,VIT,https://www.vlr.gg/player/5022/derke,5022,"['Yoru', 'Raze', 'Jett']",3,"Yoru, Raze, Jett",249,1.12,252.8,1.17,70%,164.9,0.87,0.18,0.24,0.21,30%,0%,0/14,32,217,185,46,61,52
2025-08-23T23:24:34.282427,Sayf,Sayf,VIT,https://www.vlr.gg/player/312/sayf,312,"['Iso', 'Tejo', 'Omen']",4,"Iso, Tejo, Omen, (+1)",249,1.10,214.2,1.22,71%,138.5,0.78,0.24,0.09,0.08,26%,19%,5/27,22,195,160,60,22,21
2025-08-23T23:24:34.282427,sociablEE,sociablEE,BBL,https://www.vlr.gg/player/5568/sociablee,5568,"['Fade', 'Sova', 'Chamber']",6,"Fade, Sova, Chamber, (+3)",244,1.09,228.5,1.12,73%,144.8,0.80,0.20,0.11,0.13,22%,14%,5/36,25,196,175,50,28,32
2025-08-23T23:24:34.283427,Avez,Avez,KC,https://www.vlr.gg/player/5654/avez,5654,"['Fade', 'Gekko', 'Tejo']",3,"Fade, Gekko, Tejo",199,1.09,208.8,1.08,75%,135.0,0.72,0.30,0.07,0.07,36%,15%,2/13,24,144,133,59,13,13
2025-08-23T23:24:34.283427,Wo0t,Wo0t,TH,https://www.vlr.gg/player/21328/wo0t,21328,"['Astra', 'Tejo', 'Chamber']",3,"Astra, Tejo, Chamber",189,1.08,205.1,1.03,74%,136.8,0.70,0.43,0.11,0.10,35%,14%,3/21,23,132,128,82,20,18
2025-08-23T23:24:34.284427,Ruxic,Ruxic,NAVI,https://www.vlr.gg/player/18677/ruxic,18677,"['Astra', 'Brimstone', 'Omen']",3,"Astra, Brimstone, Omen",128,1.08,216.0,1.04,77%,136.7,0.75,0.38,0.11,0.11,26%,0%,0/14,26,96,92,49,14,14
2025-08-23T23:24:34.284427,Less,Less,VIT,https://www.vlr.gg/player/8447/less,8447,"['Cypher', 'Viper', 'Astra']",4,"Cypher, Viper, Astra, (+1)",249,1.08,196.3,1.15,72%,126.5,0.69,0.32,0.04,0.06,30%,35%,9/26,22,173,150,79,10,14
2025-08-23T23:24:34.285494,SUYGETSU,SUYGETSU,KC,https://www.vlr.gg/player/2858/suygetsu,2858,"['Astra', 'Omen']",2,"Astra, Omen",199,1.08,194.2,1.10,75%,122.7,0.69,0.42,0.08,0.10,42%,13%,4/30,19,137,125,84,16,19
2025-08-23T23:24:34.285494,Shao,Shao,NAVI,https://www.vlr.gg/player/384/shao,384,"['Sova', 'Gekko', 'Astra']",5,"Sova, Gekko, Astra, (+2)",128,1.07,183.8,1.14,73%,120.7,0.70,0.30,0.09,0.05,29%,20%,4/20,23,90,79,38,11,7
2025-08-23T23:24:34.286553,Cloud,Cloud,GX,https://www.vlr.gg/player/4181/cloud,4181,"['Fade', 'Sova', 'Vyse']",3,"Fade, Sova, Vyse",176,1.07,206.1,1.03,68%,139.5,0.71,0.26,0.11,0.10,30%,8%,2/25,22,125,121,45,19,18
2025-08-23T23:24:34.287420,kamyk,kamyk,TL,https://www.vlr.gg/player/1475/kamyk,1475,"['Sage', 'Sova', 'Gekko']",6,"Sage, Sova, Gekko, (+3)",493,1.07,201.9,1.10,74%,132.9,0.71,0.28,0.09,0.08,25%,15%,10/68,21,352,319,138,44,37
2025-08-23T23:24:34.288071,Chronicle,Chronicle,FNC,https://www.vlr.gg/player/458/chronicle,458,"['Astra', 'Breach', 'Cypher']",4,"Astra, Breach, Cypher, (+1)",215,1.06,195.8,1.10,70%,131.1,0.69,0.35,0.07,0.08,24%,6%,1/18,24,149,135,75,14,17
2025-08-23T23:24:34.288071,RieNs,RieNs,TH,https://www.vlr.gg/player/10971/riens,10971,"['Sova', 'Skye', 'Tejo']",4,"Sova, Skye, Tejo, (+1)",189,1.06,205.4,1.02,74%,137.4,0.74,0.27,0.11,0.06,43%,9%,3/35,21,140,137,51,21,12
2025-08-23T23:24:34.289437,PROFEK,PROFEK,BBL,https://www.vlr.gg/player/5554/profek,5554,"['Omen', 'Astra']",2,"Omen, Astra",244,1.05,200.7,1.07,68%,133.8,0.74,0.31,0.06,0.07,30%,28%,10/36,22,180,168,75,14,16
2025-08-23T23:24:34.289437,xeus,xeus,FUT,https://www.vlr.gg/player/12793/xeus,12793,"['Yoru', 'Raze', 'Neon']",3,"Yoru, Raze, Neon",179,1.05,231.8,1.09,67%,148.7,0.85,0.15,0.14,0.22,38%,25%,3/12,25,153,140,26,25,40
2025-08-23T23:24:34.290826,Kada,Kada,M8,https://www.vlr.gg/player/20871/kada,20871,"['Astra', 'Omen', 'Cypher']",4,"Astra, Omen, Cypher, (+1)",192,1.04,181.9,1.03,70%,113.7,0.64,0.36,0.05,0.04,36%,8%,2/24,20,122,119,70,9,8
2025-08-23T23:24:34.290826,trexx,trexx,VIT,https://www.vlr.gg/player/2168/trexx,2168,"['Sova', 'Brimstone', 'Fade']",4,"Sova, Brimstone, Fade, (+1)",249,1.03,194.2,1.01,71%,128.3,0.63,0.39,0.08,0.06,17%,18%,6/34,29,157,156,96,19,14
2025-08-23T23:24:34.291855,Click,Click,M8,https://www.vlr.gg/player/7866/click,7866,"['Jett', 'Neon', 'Raze']",4,"Jett, Neon, Raze, (+1)",192,1.02,209.6,1.12,68%,134.1,0.81,0.09,0.19,0.19,38%,25%,2/8,24,155,138,17,36,36
2025-08-23T23:24:34.291855,Kicks,Kicks,VIT,https://www.vlr.gg/player/11134/kicks,11134,"['Omen', 'Skye', 'Breach']",3,"Omen, Skye, Breach",249,1.01,194.7,1.00,78%,117.7,0.67,0.47,0.09,0.06,29%,16%,3/19,20,168,168,117,22,15
2025-08-23T23:24:34.292853,paTiTek,paTiTek,TL,https://www.vlr.gg/player/309/patitek,309,"['Breach', 'Kayo', 'Skye']",5,"Breach, Kayo, Skye, (+2)",493,0.99,173.8,0.98,75%,116.2,0.61,0.37,0.09,0.07,26%,13%,6/46,22,302,309,180,42,33
2025-08-23T23:24:34.293853,Zyppan,Zyppan,M8,https://www.vlr.gg/player/11/zyppan,11,"['Kayo', 'Breach', 'Omen']",4,"Kayo, Breach, Omen, (+1)",192,0.98,179.6,0.91,69%,120.8,0.63,0.43,0.08,0.10,31%,12%,2/17,22,121,133,82,16,19
2025-08-23T23:24:34.293853,kamo,kamo,TL,https://www.vlr.gg/player/14681/kamo,14681,"['Gekko', 'Jett', 'Raze']",4,"Gekko, Jett, Raze, (+1)",493,0.98,219.6,1.05,70%,143.6,0.77,0.16,0.17,0.15,27%,16%,5/31,22,381,364,77,84,74
2025-08-23T23:24:34.294855,nAts,nAts,TL,https://www.vlr.gg/player/457/nats,457,"['Cypher', 'Viper', 'Fade']",4,"Cypher, Viper, Fade, (+1)",493,0.98,200.0,1.02,71%,135.0,0.71,0.26,0.11,0.09,29%,11%,5/47,19,348,340,130,52,42
2025-08-23T23:24:34.294855,tomaszy,tomaszy,GX,https://www.vlr.gg/player/19691/tomaszy,19691,"['Omen', 'Astra', 'Brimstone']",3,"Omen, Astra, Brimstone",176,0.97,182.5,0.91,72%,120.8,0.66,0.41,0.08,0.09,30%,13%,3/24,23,116,128,73,14,15
2025-08-23T23:24:34.295853,saadhak,saadhak,KC,https://www.vlr.gg/player/727/saadhak,727,"['Harbor', 'Deadlock', 'Breach']",3,"Harbor, Deadlock, Breach",199,0.97,183.9,0.97,73%,119.2,0.64,0.34,0.07,0.11,26%,15%,3/20,18,127,131,67,14,22
2025-08-23T23:24:34.295853,Filu,Filu,MKOI,https://www.vlr.gg/player/4544/filu,4544,"['Yoru', 'Jett', 'Raze']",3,"Yoru, Jett, Raze",117,0.97,228.8,0.99,71%,149.9,0.79,0.17,0.15,0.22,28%,8%,1/13,22,92,93,20,17,26
2025-08-23T23:24:34.296853,purp0,purp0,GX,https://www.vlr.gg/player/1885/purp0,1885,"['Raze', 'Jett']",2,"Raze, Jett",176,0.97,218.5,1.02,70%,143.5,0.78,0.13,0.19,0.16,37%,0%,0/11,22,137,134,23,34,28
2025-08-23T23:24:34.297857,Elite,Elite,KC,https://www.vlr.gg/player/16459/elite,16459,"['Vyse', 'Killjoy', 'Cypher']",3,"Vyse, Killjoy, Cypher",199,0.96,170.1,0.96,79%,117.9,0.60,0.24,0.07,0.10,40%,15%,4/27,19,120,125,47,13,19
2025-08-23T23:24:34.297857,Boaster,Boaster,FNC,https://www.vlr.gg/player/438/boaster,438,"['Omen', 'Brimstone', 'Astra']",3,"Omen, Brimstone, Astra",215,0.95,169.9,0.91,73%,110.8,0.59,0.47,0.09,0.09,23%,26%,6/23,20,127,140,100,20,19
2025-08-23T23:24:34.297857,marteen,marteen,KC,https://www.vlr.gg/player/10307/marteen,10307,['Yoru'],1,Yoru,199,0.95,204.2,0.97,66%,134.6,0.72,0.19,0.17,0.18,28%,8%,1/12,26,144,148,38,34,36
2025-08-23T23:24:34.298857,Jamppi,Jamppi,BBL,https://www.vlr.gg/player/9780/jamppi,9780,"['Breach', 'Sova', 'Fade']",4,"Breach, Sova, Fade, (+1)",244,0.94,189.0,0.88,74%,127.9,0.64,0.34,0.05,0.08,29%,23%,5/22,22,157,178,83,13,20
2025-08-23T23:24:34.298857,MiniBoo,MiniBoo,TH,https://www.vlr.gg/player/18350/miniboo,18350,"['Jett', 'Raze', 'Yoru']",3,"Jett, Raze, Yoru",189,0.94,197.3,0.92,63%,131.4,0.69,0.19,0.18,0.14,33%,6%,1/16,20,130,142,35,34,27
2025-08-23T23:24:34.299856,LewN,LewN,BBL,https://www.vlr.gg/player/20144/lewn,20144,"['Raze', 'Jett', 'Yoru']",3,"Raze, Jett, Yoru",244,0.93,205.3,0.98,66%,132.8,0.73,0.19,0.16,0.23,36%,13%,2/16,25,179,182,46,40,56
2025-08-23T23:24:34.301466,AvovA,AvovA,APK,https://www.vlr.gg/player/1507/avova,1507,"['Astra', 'Omen']",2,"Astra, Omen",111,0.93,175.4,0.85,75%,117.1,0.61,0.33,0.06,0.07,35%,11%,2/19,17,68,80,37,7,8
2025-08-23T23:24:34.301466,soulcas,soulcas,MKOI,https://www.vlr.gg/player/101/soulcas,101,"['Vyse', 'Cypher', 'Viper']",3,"Vyse, Cypher, Viper",117,0.92,184.8,0.93,72%,125.3,0.68,0.24,0.08,0.06,33%,14%,2/14,20,79,85,28,9,7
2025-08-23T23:24:34.301466,MrFaliN,MrFaliN,FUT,https://www.vlr.gg/player/8044/mrfalin,8044,"['Tejo', 'Breach', 'Sova']",4,"Tejo, Breach, Sova, (+1)",179,0.91,164.8,0.84,67%,109.7,0.56,0.33,0.04,0.09,23%,17%,4/24,15,101,120,59,8,16
2025-08-23T23:24:34.302603,grubinho,grubinho,MKOI,https://www.vlr.gg/player/5550/grubinho,5550,"['Brimstone', 'Astra', 'Omen']",3,"Brimstone, Astra, Omen",117,0.91,168.3,0.89,72%,104.5,0.62,0.39,0.08,0.10,26%,21%,3/14,20,73,82,46,9,12
2025-08-23T23:24:34.302603,qRaxs,qRaxs,FUT,https://www.vlr.gg/player/1139/qraxs,1139,"['Fade', 'Kayo']",2,"Fade, Kayo",179,0.90,178.6,0.85,74%,117.8,0.61,0.41,0.06,0.05,26%,7%,1/14,19,110,130,74,11,9
2025-08-23T23:24:34.303555,oderus,oderus,APK,https://www.vlr.gg/player/1851/oderus,1851,"['Fade', 'Sova']",2,"Fade, Sova",46,0.90,184.5,0.91,65%,132.5,0.67,0.28,0.00,0.13,38%,40%,2/5,23,31,34,13,0,6
2025-08-23T23:24:34.303555,RobbieBk,RobbieBk,M8,https://www.vlr.gg/player/5893/robbiebk,5893,"['Sova', 'Fade', 'Tejo']",3,"Sova, Fade, Tejo",192,0.90,154.3,0.77,71%,111.0,0.49,0.29,0.07,0.07,28%,4%,1/25,18,95,124,56,14,13
2025-08-23T23:24:34.304607,runneR,runneR,GX,https://www.vlr.gg/player/21610/runner,21610,"['Vyse', 'Breach', 'Kayo']",5,"Vyse, Breach, Kayo, (+2)",176,0.90,170.6,0.81,75%,110.4,0.57,0.40,0.06,0.07,24%,14%,3/21,20,100,123,70,10,12
2025-08-23T23:24:34.304607,AtaKaptan,AtaKaptan,FUT,https://www.vlr.gg/player/6510/atakaptan,6510,"['Astra', 'Brimstone', 'Viper']",4,"Astra, Brimstone, Viper, (+1)",179,0.89,170.8,0.79,68%,110.8,0.59,0.37,0.06,0.11,27%,30%,6/20,17,106,134,67,11,20
2025-08-23T23:24:34.305600,crashies,crashies,FNC,https://www.vlr.gg/player/4/crashies,4,"['Sova', 'Breach']",2,"Sova, Breach",215,0.89,155.3,0.91,74%,112.0,0.55,0.23,0.05,0.06,34%,14%,5/35,21,119,131,49,10,12
2025-08-23T23:24:34.305600,koalanoob,koalanoob,NAVI,https://www.vlr.gg/player/3722/koalanoob,3722,"['Jett', 'Raze', 'Sage']",4,"Jett, Raze, Sage, (+1)",128,0.88,200.7,0.94,63%,133.8,0.72,0.17,0.16,0.17,23%,21%,3/14,24,92,98,22,21,22
2025-08-23T23:24:34.306497,hiro,hiro,NAVI,https://www.vlr.gg/player/29867/hiro,29867,"['Omen', 'Vyse', 'Killjoy']",4,"Omen, Vyse, Killjoy, (+1)",128,0.87,168.7,0.86,66%,120.5,0.62,0.29,0.06,0.08,29%,6%,1/17,20,79,92,37,8,10
2025-08-23T23:24:34.307491,Boo,Boo,TH,https://www.vlr.gg/player/1144/boo,1144,"['Kayo', 'Astra', 'Omen']",3,"Kayo, Astra, Omen",189,0.86,156.3,0.76,71%,104.6,0.54,0.54,0.05,0.08,38%,0%,0/28,17,102,134,102,9,16
2025-08-23T23:24:34.307491,MOLSI,MOLSI,APK,https://www.vlr.gg/player/1281/molsi,1281,"['Kayo', 'Breach', 'Sova']",3,"Kayo, Breach, Sova",111,0.85,149.6,0.70,79%,100.9,0.50,0.46,0.02,0.07,27%,15%,3/20,17,55,79,51,2,8
2025-08-23T23:24:34.308496,sheydos,sheydos,MKOI,https://www.vlr.gg/player/1428/sheydos,1428,"['Tejo', 'Sova']",2,"Tejo, Sova",117,0.84,154.3,0.75,66%,111.7,0.54,0.19,0.07,0.03,27%,16%,3/19,15,63,84,22,8,3
2025-08-23T23:24:34.308496,hype,hype,APK,https://www.vlr.gg/player/129/hype,129,"['Killjoy', 'Cypher']",2,"Killjoy, Cypher",111,0.83,172.6,0.79,64%,116.9,0.59,0.16,0.11,0.12,29%,0%,0/10,21,66,84,18,12,13
2025-08-23T23:24:34.309495,westside,westside,GX,https://www.vlr.gg/player/34684/westside,34684,"['Viper', 'Killjoy']",2,"Viper, Killjoy",176,0.83,164.4,0.78,67%,111.2,0.57,0.24,0.07,0.08,36%,5%,1/21,17,101,129,42,12,14
2025-08-23T23:24:34.309495,benjyfishy,benjyfishy,TH,https://www.vlr.gg/player/29873/benjyfishy,29873,"['Cypher', 'Killjoy', 'Tejo']",3,"Cypher, Killjoy, Tejo",189,0.82,161.6,0.80,69%,113.5,0.58,0.21,0.05,0.12,36%,19%,3/16,22,109,136,39,9,22
2025-08-23T23:24:34.310495,vakk,vakk,BBL,https://www.vlr.gg/player/172/vakk,172,"['Cypher', 'Vyse', 'Sage']",4,"Cypher, Vyse, Sage, (+1)",244,0.78,150.5,0.77,67%,97.4,0.55,0.25,0.03,0.07,32%,16%,5/32,22,135,175,60,8,17
2025-08-23T23:24:34.310495,flyuh,flyuh,MKOI,https://www.vlr.gg/player/3685/flyuh,3685,"['Killjoy', 'Kayo', 'Breach']",4,"Killjoy, Kayo, Breach, (+1)",117,0.77,168.7,0.77,68%,112.5,0.60,0.25,0.09,0.14,24%,7%,1/15,18,70,91,29,10,16
2025-08-23T23:24:34.311495,batujnax,batujnax,APK,https://www.vlr.gg/player/18615/batujnax,18615,"['Sova', 'Yoru']",2,"Sova, Yoru",65,0.76,155.7,0.73,68%,103.0,0.58,0.26,0.09,0.18,19%,17%,1/6,27,38,52,17,6,12
2025-08-23T23:24:34.312496,ANGE1,ANGE1,NAVI,https://www.vlr.gg/player/109/ange1,109,"['Kayo', 'Tejo', 'Sova']",4,"Kayo, Tejo, Sova, (+1)",128,0.68,148.0,0.63,63%,99.5,0.47,0.30,0.08,0.09,29%,30%,3/10,13,60,95,38,10,11
